2026-03-11 21:25:26,991 - INFO - __main__ - Wandb initialized successfully on rank 0
2026-03-11 21:25:27,147 - INFO - __main__ - Training stage: pchembl_only
2026-03-11 21:25:27,148 - INFO - __main__ - Initializing trainer...
2026-03-11 21:25:27,973 - INFO - __main__ - Building trainer on device: cuda:0 with 1 GPUs
2026-03-11 21:25:27,973 - INFO - __main__ - Starting training from scratch...
{'loss': 0.6494, 'grad_norm': inf, 'learning_rate': 1e-05, 'lm_loss': 0.0, 'pchembl_loss': 0.6640679836273193, 'ranking_loss': 0.0, 'total_loss': 0.6640679836273193, 'epoch': 0.018867924528301886}
{'loss': 0.6581, 'grad_norm': 20.51024055480957, 'learning_rate': 9.99622641509434e-06, 'lm_loss': 0.0, 'pchembl_loss': 0.7206029891967773, 'ranking_loss': 0.0, 'total_loss': 0.7206029891967773, 'epoch': 0.03773584905660377}
{'loss': 0.605, 'grad_norm': 15.57659912109375, 'learning_rate': 9.99245283018868e-06, 'lm_loss': 0.0, 'pchembl_loss': 0.6944010257720947, 'ranking_loss': 0.0, 'total_loss': 0.6943939924240112, 'epoch': 0.05660377358490566}
{'loss': 0.5702, 'grad_norm': 15.750040054321289, 'learning_rate': 9.988679245283019e-06, 'lm_loss': 0.0, 'pchembl_loss': 0.6097379326820374, 'ranking_loss': 0.0, 'total_loss': 0.6097255945205688, 'epoch': 0.07547169811320754}
{'loss': 0.5179, 'grad_norm': 2.5943052768707275, 'learning_rate': 9.98490566037736e-06, 'lm_loss': 0.0, 'pchembl_loss': 0.5355710983276367, 'ranking_loss': 0.0, 'total_loss': 0.535554826259613, 'epoch': 0.09433962264150944}
{'loss': 0.4991, 'grad_norm': 7.099131107330322, 'learning_rate': 9.981132075471699e-06, 'lm_loss': 0.0, 'pchembl_loss': 0.3982403874397278, 'ranking_loss': 0.0, 'total_loss': 0.3982250392436981, 'epoch': 0.11320754716981132}
{'loss': 0.4949, 'grad_norm': 3.0856170654296875, 'learning_rate': 9.977358490566039e-06, 'lm_loss': 0.0, 'pchembl_loss': 0.3618784248828888, 'ranking_loss': 0.0, 'total_loss': 0.36186152696609497, 'epoch': 0.1320754716981132}
{'loss': 0.4861, 'grad_norm': 4.803368091583252, 'learning_rate': 9.973584905660379e-06, 'lm_loss': 0.0, 'pchembl_loss': 0.5447496771812439, 'ranking_loss': 0.0, 'total_loss': 0.544719398021698, 'epoch': 0.1509433962264151}
{'loss': 0.4799, 'grad_norm': 4.7425971031188965, 'learning_rate': 9.969811320754717e-06, 'lm_loss': 0.0, 'pchembl_loss': 0.4571733772754669, 'ranking_loss': 0.0, 'total_loss': 0.4571438729763031, 'epoch': 0.16981132075471697}
{'loss': 0.4663, 'grad_norm': 1.5757304430007935, 'learning_rate': 9.966037735849058e-06, 'lm_loss': 0.0, 'pchembl_loss': 0.5151494741439819, 'ranking_loss': 0.0, 'total_loss': 0.51511150598526, 'epoch': 0.18867924528301888}
{'loss': 0.4652, 'grad_norm': 4.931996822357178, 'learning_rate': 9.962264150943397e-06, 'lm_loss': 0.0, 'pchembl_loss': 0.5080603361129761, 'ranking_loss': 0.0, 'total_loss': 0.5080181360244751, 'epoch': 0.20754716981132076}
{'loss': 0.463, 'grad_norm': 5.581242084503174, 'learning_rate': 9.958490566037736e-06, 'lm_loss': 0.0, 'pchembl_loss': 0.4577934145927429, 'ranking_loss': 0.0, 'total_loss': 0.45775124430656433, 'epoch': 0.22641509433962265}
{'loss': 0.4519, 'grad_norm': 2.3672139644622803, 'learning_rate': 9.954716981132076e-06, 'lm_loss': 0.0, 'pchembl_loss': 0.4545213580131531, 'ranking_loss': 0.0, 'total_loss': 0.45447540283203125, 'epoch': 0.24528301886792453}
{'loss': 0.4581, 'grad_norm': 6.256070613861084, 'learning_rate': 9.950943396226416e-06, 'lm_loss': 0.0, 'pchembl_loss': 0.4529227316379547, 'ranking_loss': 0.0, 'total_loss': 0.45287272334098816, 'epoch': 0.2641509433962264}
{'loss': 0.4628, 'grad_norm': 7.0256733894348145, 'learning_rate': 9.947169811320756e-06, 'lm_loss': 0.0, 'pchembl_loss': 0.4625510275363922, 'ranking_loss': 0.0, 'total_loss': 0.4624958038330078, 'epoch': 0.2830188679245283}
{'loss': 0.4519, 'grad_norm': 5.6364264488220215, 'learning_rate': 9.943396226415094e-06, 'lm_loss': 0.0, 'pchembl_loss': 0.4505341649055481, 'ranking_loss': 0.0, 'total_loss': 0.4504764676094055, 'epoch': 0.3018867924528302}
{'loss': 0.4485, 'grad_norm': 1.2285163402557373, 'learning_rate': 9.939622641509434e-06, 'lm_loss': 0.0, 'pchembl_loss': 0.49663904309272766, 'ranking_loss': 0.0, 'total_loss': 0.4965711534023285, 'epoch': 0.32075471698113206}
{'loss': 0.434, 'grad_norm': 4.677901268005371, 'learning_rate': 9.935849056603774e-06, 'lm_loss': 0.0, 'pchembl_loss': 0.44482505321502686, 'ranking_loss': 0.0, 'total_loss': 0.44476017355918884, 'epoch': 0.33962264150943394}
{'loss': 0.4289, 'grad_norm': 3.0768377780914307, 'learning_rate': 9.932075471698114e-06, 'lm_loss': 0.0, 'pchembl_loss': 0.40246662497520447, 'ranking_loss': 0.0, 'total_loss': 0.4024043083190918, 'epoch': 0.3584905660377358}
{'loss': 0.4306, 'grad_norm': 1.3097611665725708, 'learning_rate': 9.928301886792454e-06, 'lm_loss': 0.0, 'pchembl_loss': 0.34707510471343994, 'ranking_loss': 0.0, 'total_loss': 0.34701821208000183, 'epoch': 0.37735849056603776}
{'loss': 0.4207, 'grad_norm': 3.3417205810546875, 'learning_rate': 9.924528301886794e-06, 'lm_loss': 0.0, 'pchembl_loss': 0.4300590753555298, 'ranking_loss': 0.0, 'total_loss': 0.429984450340271, 'epoch': 0.39622641509433965}
{'loss': 0.4288, 'grad_norm': 5.308058738708496, 'learning_rate': 9.920754716981132e-06, 'lm_loss': 0.0, 'pchembl_loss': 0.4195411503314972, 'ranking_loss': 0.0, 'total_loss': 0.4194643795490265, 'epoch': 0.41509433962264153}
{'loss': 0.4207, 'grad_norm': 2.4005329608917236, 'learning_rate': 9.916981132075472e-06, 'lm_loss': 0.0, 'pchembl_loss': 0.41720443964004517, 'ranking_loss': 0.0, 'total_loss': 0.41712430119514465, 'epoch': 0.4339622641509434}
{'loss': 0.4117, 'grad_norm': 3.163989305496216, 'learning_rate': 9.913207547169812e-06, 'lm_loss': 0.0, 'pchembl_loss': 0.44206809997558594, 'ranking_loss': 0.0, 'total_loss': 0.4419790804386139, 'epoch': 0.4528301886792453}
{'loss': 0.4329, 'grad_norm': 3.684720039367676, 'learning_rate': 9.909433962264152e-06, 'lm_loss': 0.0, 'pchembl_loss': 0.39539670944213867, 'ranking_loss': 0.0, 'total_loss': 0.39531341195106506, 'epoch': 0.4716981132075472}
{'loss': 0.426, 'grad_norm': 1.7612231969833374, 'learning_rate': 9.905660377358492e-06, 'lm_loss': 0.0, 'pchembl_loss': 0.3759452700614929, 'ranking_loss': 0.0, 'total_loss': 0.37586265802383423, 'epoch': 0.49056603773584906}
{'loss': 0.4147, 'grad_norm': 1.9801890850067139, 'learning_rate': 9.90188679245283e-06, 'lm_loss': 0.0, 'pchembl_loss': 0.4684886932373047, 'ranking_loss': 0.0, 'total_loss': 0.46838125586509705, 'epoch': 0.5094339622641509}
{'loss': 0.423, 'grad_norm': 2.719623327255249, 'learning_rate': 9.89811320754717e-06, 'lm_loss': 0.0, 'pchembl_loss': 0.44690635800361633, 'ranking_loss': 0.0, 'total_loss': 0.44679951667785645, 'epoch': 0.5283018867924528}
{'loss': 0.4141, 'grad_norm': 1.8486721515655518, 'learning_rate': 9.89433962264151e-06, 'lm_loss': 0.0, 'pchembl_loss': 0.37031280994415283, 'ranking_loss': 0.0, 'total_loss': 0.37022069096565247, 'epoch': 0.5471698113207547}
{'loss': 0.4134, 'grad_norm': 1.8162055015563965, 'learning_rate': 9.89056603773585e-06, 'lm_loss': 0.0, 'pchembl_loss': 0.4567544162273407, 'ranking_loss': 0.0, 'total_loss': 0.4566362202167511, 'epoch': 0.5660377358490566}
{'loss': 0.4169, 'grad_norm': 4.570489883422852, 'learning_rate': 9.88679245283019e-06, 'lm_loss': 0.0, 'pchembl_loss': 0.4668625593185425, 'ranking_loss': 0.0, 'total_loss': 0.46673697233200073, 'epoch': 0.5849056603773585}
{'loss': 0.4082, 'grad_norm': 3.3972604274749756, 'learning_rate': 9.883018867924528e-06, 'lm_loss': 0.0, 'pchembl_loss': 0.46208807826042175, 'ranking_loss': 0.0, 'total_loss': 0.46195924282073975, 'epoch': 0.6037735849056604}
{'loss': 0.405, 'grad_norm': 0.7994391322135925, 'learning_rate': 9.87924528301887e-06, 'lm_loss': 0.0, 'pchembl_loss': 0.42994993925094604, 'ranking_loss': 0.0, 'total_loss': 0.42982590198516846, 'epoch': 0.6226415094339622}
{'loss': 0.4086, 'grad_norm': 4.542979717254639, 'learning_rate': 9.875471698113208e-06, 'lm_loss': 0.0, 'pchembl_loss': 0.41001036763191223, 'ranking_loss': 0.0, 'total_loss': 0.40988782048225403, 'epoch': 0.6415094339622641}
{'loss': 0.4146, 'grad_norm': 5.345306873321533, 'learning_rate': 9.871698113207548e-06, 'lm_loss': 0.0, 'pchembl_loss': 0.3436979651451111, 'ranking_loss': 0.0, 'total_loss': 0.3435918390750885, 'epoch': 0.660377358490566}
{'loss': 0.4179, 'grad_norm': 3.5769577026367188, 'learning_rate': 9.867924528301888e-06, 'lm_loss': 0.0, 'pchembl_loss': 0.39512211084365845, 'ranking_loss': 0.0, 'total_loss': 0.3949963450431824, 'epoch': 0.6792452830188679}
{'loss': 0.3976, 'grad_norm': 1.006506323814392, 'learning_rate': 9.864150943396228e-06, 'lm_loss': 0.0, 'pchembl_loss': 0.3265173137187958, 'ranking_loss': 0.0, 'total_loss': 0.3264103829860687, 'epoch': 0.6981132075471698}
{'loss': 0.4099, 'grad_norm': 2.183047294616699, 'learning_rate': 9.860377358490567e-06, 'lm_loss': 0.0, 'pchembl_loss': 0.4116086959838867, 'ranking_loss': 0.0, 'total_loss': 0.4114697277545929, 'epoch': 0.7169811320754716}
{'loss': 0.3945, 'grad_norm': 0.704745352268219, 'learning_rate': 9.856603773584906e-06, 'lm_loss': 0.0, 'pchembl_loss': 0.4328521192073822, 'ranking_loss': 0.0, 'total_loss': 0.43270161747932434, 'epoch': 0.7358490566037735}
{'loss': 0.3975, 'grad_norm': 2.1056089401245117, 'learning_rate': 9.852830188679247e-06, 'lm_loss': 0.0, 'pchembl_loss': 0.38075581192970276, 'ranking_loss': 0.0, 'total_loss': 0.3806193470954895, 'epoch': 0.7547169811320755}
{'loss': 0.3991, 'grad_norm': 0.8220479488372803, 'learning_rate': 9.849056603773586e-06, 'lm_loss': 0.0, 'pchembl_loss': 0.3286775052547455, 'ranking_loss': 0.0, 'total_loss': 0.32855620980262756, 'epoch': 0.7735849056603774}
{'loss': 0.4, 'grad_norm': 2.6773180961608887, 'learning_rate': 9.845283018867925e-06, 'lm_loss': 0.0, 'pchembl_loss': 0.37215736508369446, 'ranking_loss': 0.0, 'total_loss': 0.37201589345932007, 'epoch': 0.7924528301886793}
{'loss': 0.3956, 'grad_norm': 2.528059959411621, 'learning_rate': 9.841509433962265e-06, 'lm_loss': 0.0, 'pchembl_loss': 0.3614788353443146, 'ranking_loss': 0.0, 'total_loss': 0.36133748292922974, 'epoch': 0.8113207547169812}
{'loss': 0.3901, 'grad_norm': 0.7584207057952881, 'learning_rate': 9.837735849056604e-06, 'lm_loss': 0.0, 'pchembl_loss': 0.39699816703796387, 'ranking_loss': 0.0, 'total_loss': 0.3968387246131897, 'epoch': 0.8301886792452831}
{'loss': 0.3916, 'grad_norm': 1.887049674987793, 'learning_rate': 9.833962264150945e-06, 'lm_loss': 0.0, 'pchembl_loss': 0.3992060124874115, 'ranking_loss': 0.0, 'total_loss': 0.39904123544692993, 'epoch': 0.8490566037735849}
{'loss': 0.3998, 'grad_norm': 3.2911558151245117, 'learning_rate': 9.830188679245283e-06, 'lm_loss': 0.0, 'pchembl_loss': 0.463437557220459, 'ranking_loss': 0.0, 'total_loss': 0.4632411599159241, 'epoch': 0.8679245283018868}
{'loss': 0.3916, 'grad_norm': 1.1942706108093262, 'learning_rate': 9.826415094339623e-06, 'lm_loss': 0.0, 'pchembl_loss': 0.41343292593955994, 'ranking_loss': 0.0, 'total_loss': 0.4132533669471741, 'epoch': 0.8867924528301887}
{'loss': 0.3913, 'grad_norm': 1.518410325050354, 'learning_rate': 9.822641509433963e-06, 'lm_loss': 0.0, 'pchembl_loss': 0.3501676023006439, 'ranking_loss': 0.0, 'total_loss': 0.3500116765499115, 'epoch': 0.9056603773584906}
{'loss': 0.3893, 'grad_norm': 2.2488553524017334, 'learning_rate': 9.818867924528303e-06, 'lm_loss': 0.0, 'pchembl_loss': 0.342180997133255, 'ranking_loss': 0.0, 'total_loss': 0.34202486276626587, 'epoch': 0.9245283018867925}
{'loss': 0.379, 'grad_norm': 1.5337227582931519, 'learning_rate': 9.815094339622643e-06, 'lm_loss': 0.0, 'pchembl_loss': 0.44389960169792175, 'ranking_loss': 0.0, 'total_loss': 0.44369226694107056, 'epoch': 0.9433962264150944}
{'loss': 0.3796, 'grad_norm': 2.050020694732666, 'learning_rate': 9.811320754716981e-06, 'lm_loss': 0.0, 'pchembl_loss': 0.42043036222457886, 'ranking_loss': 0.0, 'total_loss': 0.4202294647693634, 'epoch': 0.9622641509433962}
{'loss': 0.3902, 'grad_norm': 3.861966371536255, 'learning_rate': 9.807547169811321e-06, 'lm_loss': 0.0, 'pchembl_loss': 0.5345317125320435, 'ranking_loss': 0.0, 'total_loss': 0.5342706441879272, 'epoch': 0.9811320754716981}
{'loss': 0.3847, 'grad_norm': 1.7974830865859985, 'learning_rate': 9.803773584905661e-06, 'lm_loss': 0.0, 'pchembl_loss': 0.33476513624191284, 'ranking_loss': 0.0, 'total_loss': 0.33459821343421936, 'epoch': 1.0}
{'eval_loss': 0.36138084530830383, 'eval_pchembl_norm_mse': 0.7004726529121399, 'eval_pchembl_norm_mae': 0.6300864219665527, 'eval_pchembl_norm_rmse': 0.8369424343109131, 'eval_pchembl_r2': 0.2867510914802551, 'eval_pchembl_count': 20000, 'eval_pchembl_norm_mean_pred': -0.12694144248962402, 'eval_pchembl_norm_std_pred': 0.6154449582099915, 'eval_pchembl_norm_mean_true': -0.02121046371757984, 'eval_pchembl_norm_std_true': 0.9910030961036682, 'eval_pchembl_raw_mse': 1.2999035120010376, 'eval_pchembl_raw_mae': 0.8583415150642395, 'eval_pchembl_raw_rmse': 1.1401331424713135, 'eval_pchembl_raw_pearson': 0.5505471448699036, 'eval_pchembl_raw_spearman': 0.5730242406517462, 'eval_runtime': 9.6432, 'eval_samples_per_second': 1092.069, 'eval_steps_per_second': 0.104, 'epoch': 1.0}
{'eval_lm_loss': 0.0, 'eval_pchembl_loss': 0.36185307532548905, 'eval_ranking_loss': 0.0, 'eval_total_loss': 0.36166899219155313, 'epoch': 1.0}
{'eval_evaluation_time_sec': 9.714195273816586, 'epoch': 1.0}
{'loss': 0.3808, 'grad_norm': 4.121516227722168, 'learning_rate': 9.800000000000001e-06, 'lm_loss': 0.0, 'pchembl_loss': 0.36016830801963806, 'ranking_loss': 0.0, 'total_loss': 0.3599850833415985, 'epoch': 1.0188679245283019}
{'loss': 0.3842, 'grad_norm': 2.6030116081237793, 'learning_rate': 9.796226415094341e-06, 'lm_loss': 0.0, 'pchembl_loss': 0.34628599882125854, 'ranking_loss': 0.0, 'total_loss': 0.34610649943351746, 'epoch': 1.0377358490566038}
{'loss': 0.3798, 'grad_norm': 1.7087517976760864, 'learning_rate': 9.792452830188681e-06, 'lm_loss': 0.0, 'pchembl_loss': 0.3763045072555542, 'ranking_loss': 0.0, 'total_loss': 0.3761059045791626, 'epoch': 1.0566037735849056}
{'loss': 0.382, 'grad_norm': 2.3918838500976562, 'learning_rate': 9.788679245283019e-06, 'lm_loss': 0.0, 'pchembl_loss': 0.44732025265693665, 'ranking_loss': 0.0, 'total_loss': 0.4470798969268799, 'epoch': 1.0754716981132075}
{'loss': 0.3784, 'grad_norm': 2.892397403717041, 'learning_rate': 9.784905660377359e-06, 'lm_loss': 0.0, 'pchembl_loss': 0.38266339898109436, 'ranking_loss': 0.0, 'total_loss': 0.38245418667793274, 'epoch': 1.0943396226415094}
{'loss': 0.3729, 'grad_norm': 1.3596607446670532, 'learning_rate': 9.781132075471699e-06, 'lm_loss': 0.0, 'pchembl_loss': 0.31570497155189514, 'ranking_loss': 0.0, 'total_loss': 0.315529465675354, 'epoch': 1.1132075471698113}
{'loss': 0.3728, 'grad_norm': 3.989264488220215, 'learning_rate': 9.777358490566039e-06, 'lm_loss': 0.0, 'pchembl_loss': 0.4618125557899475, 'ranking_loss': 0.0, 'total_loss': 0.4615514278411865, 'epoch': 1.1320754716981132}
{'loss': 0.3825, 'grad_norm': 5.775140762329102, 'learning_rate': 9.773584905660379e-06, 'lm_loss': 0.0, 'pchembl_loss': 0.3785635232925415, 'ranking_loss': 0.0, 'total_loss': 0.3783460557460785, 'epoch': 1.150943396226415}
{'loss': 0.3802, 'grad_norm': 3.207692861557007, 'learning_rate': 9.769811320754717e-06, 'lm_loss': 0.0, 'pchembl_loss': 0.3748670220375061, 'ranking_loss': 0.0, 'total_loss': 0.37464845180511475, 'epoch': 1.169811320754717}
{'loss': 0.3736, 'grad_norm': 1.9268977642059326, 'learning_rate': 9.766037735849057e-06, 'lm_loss': 0.0, 'pchembl_loss': 0.38544562458992004, 'ranking_loss': 0.0, 'total_loss': 0.38521766662597656, 'epoch': 1.1886792452830188}
{'loss': 0.3745, 'grad_norm': 3.2815866470336914, 'learning_rate': 9.762264150943397e-06, 'lm_loss': 0.0, 'pchembl_loss': 0.292680948972702, 'ranking_loss': 0.0, 'total_loss': 0.2925053834915161, 'epoch': 1.2075471698113207}
{'loss': 0.3645, 'grad_norm': 2.1329894065856934, 'learning_rate': 9.758490566037737e-06, 'lm_loss': 0.0, 'pchembl_loss': 0.34633272886276245, 'ranking_loss': 0.0, 'total_loss': 0.3461221158504486, 'epoch': 1.2264150943396226}
{'loss': 0.3725, 'grad_norm': 1.4768608808517456, 'learning_rate': 9.754716981132077e-06, 'lm_loss': 0.0, 'pchembl_loss': 0.40988650918006897, 'ranking_loss': 0.0, 'total_loss': 0.4096338748931885, 'epoch': 1.2452830188679245}
{'loss': 0.3725, 'grad_norm': 2.6598775386810303, 'learning_rate': 9.750943396226415e-06, 'lm_loss': 0.0, 'pchembl_loss': 0.33840903639793396, 'ranking_loss': 0.0, 'total_loss': 0.3381975293159485, 'epoch': 1.2641509433962264}
{'loss': 0.3695, 'grad_norm': 1.3405715227127075, 'learning_rate': 9.747169811320756e-06, 'lm_loss': 0.0, 'pchembl_loss': 0.376173198223114, 'ranking_loss': 0.0, 'total_loss': 0.3759348690509796, 'epoch': 1.2830188679245282}
{'loss': 0.3754, 'grad_norm': 2.0480494499206543, 'learning_rate': 9.743396226415095e-06, 'lm_loss': 0.0, 'pchembl_loss': 0.34253886342048645, 'ranking_loss': 0.0, 'total_loss': 0.3423188030719757, 'epoch': 1.3018867924528301}
{'loss': 0.3667, 'grad_norm': 3.2838501930236816, 'learning_rate': 9.739622641509435e-06, 'lm_loss': 0.0, 'pchembl_loss': 0.4026145935058594, 'ranking_loss': 0.0, 'total_loss': 0.40235230326652527, 'epoch': 1.320754716981132}
{'loss': 0.3673, 'grad_norm': 1.3882720470428467, 'learning_rate': 9.735849056603775e-06, 'lm_loss': 0.0, 'pchembl_loss': 0.35990849137306213, 'ranking_loss': 0.0, 'total_loss': 0.35967087745666504, 'epoch': 1.3396226415094339}
{'loss': 0.3662, 'grad_norm': 2.1843698024749756, 'learning_rate': 9.732075471698114e-06, 'lm_loss': 0.0, 'pchembl_loss': 0.321185827255249, 'ranking_loss': 0.0, 'total_loss': 0.3209708631038666, 'epoch': 1.3584905660377358}
{'loss': 0.3663, 'grad_norm': 2.1927013397216797, 'learning_rate': 9.728301886792454e-06, 'lm_loss': 0.0, 'pchembl_loss': 0.35370856523513794, 'ranking_loss': 0.0, 'total_loss': 0.353468656539917, 'epoch': 1.3773584905660377}
{'loss': 0.3705, 'grad_norm': 2.2603023052215576, 'learning_rate': 9.724528301886793e-06, 'lm_loss': 0.0, 'pchembl_loss': 0.3598134517669678, 'ranking_loss': 0.0, 'total_loss': 0.35956618189811707, 'epoch': 1.3962264150943398}
{'loss': 0.364, 'grad_norm': 2.6324594020843506, 'learning_rate': 9.720754716981134e-06, 'lm_loss': 0.0, 'pchembl_loss': 0.3818972706794739, 'ranking_loss': 0.0, 'total_loss': 0.38163143396377563, 'epoch': 1.4150943396226414}
{'loss': 0.367, 'grad_norm': 2.5579516887664795, 'learning_rate': 9.716981132075472e-06, 'lm_loss': 0.0, 'pchembl_loss': 0.3141855001449585, 'ranking_loss': 0.0, 'total_loss': 0.3139640688896179, 'epoch': 1.4339622641509435}
{'loss': 0.3652, 'grad_norm': 1.905916452407837, 'learning_rate': 9.713207547169812e-06, 'lm_loss': 0.0, 'pchembl_loss': 0.34464454650878906, 'ranking_loss': 0.0, 'total_loss': 0.34439870715141296, 'epoch': 1.4528301886792452}
{'loss': 0.3619, 'grad_norm': 1.7770737409591675, 'learning_rate': 9.709433962264152e-06, 'lm_loss': 0.0, 'pchembl_loss': 0.34089094400405884, 'ranking_loss': 0.0, 'total_loss': 0.34064480662345886, 'epoch': 1.4716981132075473}
{'loss': 0.3661, 'grad_norm': 3.494476556777954, 'learning_rate': 9.70566037735849e-06, 'lm_loss': 0.0, 'pchembl_loss': 0.34179991483688354, 'ranking_loss': 0.0, 'total_loss': 0.3415501117706299, 'epoch': 1.490566037735849}
{'loss': 0.3576, 'grad_norm': 0.7835890054702759, 'learning_rate': 9.701886792452832e-06, 'lm_loss': 0.0, 'pchembl_loss': 0.40058058500289917, 'ranking_loss': 0.0, 'total_loss': 0.40028440952301025, 'epoch': 1.509433962264151}
{'loss': 0.3668, 'grad_norm': 1.4824079275131226, 'learning_rate': 9.69811320754717e-06, 'lm_loss': 0.0, 'pchembl_loss': 0.37300756573677063, 'ranking_loss': 0.0, 'total_loss': 0.37272828817367554, 'epoch': 1.5283018867924527}
{'loss': 0.3643, 'grad_norm': 1.8773876428604126, 'learning_rate': 9.69433962264151e-06, 'lm_loss': 0.0, 'pchembl_loss': 0.29954713582992554, 'ranking_loss': 0.0, 'total_loss': 0.2993200123310089, 'epoch': 1.5471698113207548}
{'loss': 0.3634, 'grad_norm': 1.6880735158920288, 'learning_rate': 9.69056603773585e-06, 'lm_loss': 0.0, 'pchembl_loss': 0.32837170362472534, 'ranking_loss': 0.0, 'total_loss': 0.32811957597732544, 'epoch': 1.5660377358490565}
{'loss': 0.3573, 'grad_norm': 1.2602753639221191, 'learning_rate': 9.68679245283019e-06, 'lm_loss': 0.0, 'pchembl_loss': 0.3846105933189392, 'ranking_loss': 0.0, 'total_loss': 0.38431158661842346, 'epoch': 1.5849056603773586}
{'loss': 0.3592, 'grad_norm': 1.0538787841796875, 'learning_rate': 9.68301886792453e-06, 'lm_loss': 0.0, 'pchembl_loss': 0.28837326169013977, 'ranking_loss': 0.0, 'total_loss': 0.2881461977958679, 'epoch': 1.6037735849056602}
{'loss': 0.3582, 'grad_norm': 2.16835355758667, 'learning_rate': 9.679245283018868e-06, 'lm_loss': 0.0, 'pchembl_loss': 0.3452041447162628, 'ranking_loss': 0.0, 'total_loss': 0.34492868185043335, 'epoch': 1.6226415094339623}
{'loss': 0.3567, 'grad_norm': 0.6321600675582886, 'learning_rate': 9.675471698113208e-06, 'lm_loss': 0.0, 'pchembl_loss': 0.33863386511802673, 'ranking_loss': 0.0, 'total_loss': 0.33836016058921814, 'epoch': 1.641509433962264}
{'loss': 0.3627, 'grad_norm': 2.196075201034546, 'learning_rate': 9.671698113207548e-06, 'lm_loss': 0.0, 'pchembl_loss': 0.3265465497970581, 'ranking_loss': 0.0, 'total_loss': 0.32627907395362854, 'epoch': 1.6603773584905661}
{'loss': 0.3524, 'grad_norm': 1.6329939365386963, 'learning_rate': 9.667924528301888e-06, 'lm_loss': 0.0, 'pchembl_loss': 0.3423096537590027, 'ranking_loss': 0.0, 'total_loss': 0.34202563762664795, 'epoch': 1.6792452830188678}
{'loss': 0.3569, 'grad_norm': 0.5855682492256165, 'learning_rate': 9.664150943396228e-06, 'lm_loss': 0.0, 'pchembl_loss': 0.382919579744339, 'ranking_loss': 0.0, 'total_loss': 0.38259783387184143, 'epoch': 1.6981132075471699}
{'loss': 0.3628, 'grad_norm': 3.4359798431396484, 'learning_rate': 9.660377358490568e-06, 'lm_loss': 0.0, 'pchembl_loss': 0.3769683837890625, 'ranking_loss': 0.0, 'total_loss': 0.3766474723815918, 'epoch': 1.7169811320754715}
{'loss': 0.3597, 'grad_norm': 1.1932752132415771, 'learning_rate': 9.656603773584906e-06, 'lm_loss': 0.0, 'pchembl_loss': 0.38103461265563965, 'ranking_loss': 0.0, 'total_loss': 0.380706250667572, 'epoch': 1.7358490566037736}
{'loss': 0.3588, 'grad_norm': 1.1680614948272705, 'learning_rate': 9.652830188679246e-06, 'lm_loss': 0.0, 'pchembl_loss': 0.32105204463005066, 'ranking_loss': 0.0, 'total_loss': 0.3207719027996063, 'epoch': 1.7547169811320755}
{'loss': 0.3565, 'grad_norm': 4.139721393585205, 'learning_rate': 9.649056603773586e-06, 'lm_loss': 0.0, 'pchembl_loss': 0.3889591097831726, 'ranking_loss': 0.0, 'total_loss': 0.3886153995990753, 'epoch': 1.7735849056603774}
{'loss': 0.3515, 'grad_norm': 5.521813869476318, 'learning_rate': 9.645283018867926e-06, 'lm_loss': 0.0, 'pchembl_loss': 0.38660573959350586, 'ranking_loss': 0.0, 'total_loss': 0.38626009225845337, 'epoch': 1.7924528301886793}
{'loss': 0.354, 'grad_norm': 3.5916249752044678, 'learning_rate': 9.641509433962266e-06, 'lm_loss': 0.0, 'pchembl_loss': 0.3847215473651886, 'ranking_loss': 0.0, 'total_loss': 0.38437384366989136, 'epoch': 1.8113207547169812}
{'loss': 0.3536, 'grad_norm': 1.1639972925186157, 'learning_rate': 9.637735849056604e-06, 'lm_loss': 0.0, 'pchembl_loss': 0.29137131571769714, 'ranking_loss': 0.0, 'total_loss': 0.2911053001880646, 'epoch': 1.830188679245283}
{'loss': 0.366, 'grad_norm': inf, 'learning_rate': 9.637735849056604e-06, 'lm_loss': 0.0, 'pchembl_loss': 0.31148263812065125, 'ranking_loss': 0.0, 'total_loss': 0.3111952245235443, 'epoch': 1.849056603773585}
{'loss': 0.3621, 'grad_norm': 4.860043048858643, 'learning_rate': 9.633962264150944e-06, 'lm_loss': 0.0, 'pchembl_loss': 0.32226046919822693, 'ranking_loss': 0.0, 'total_loss': 0.3219631016254425, 'epoch': 1.8679245283018868}
{'loss': 0.3678, 'grad_norm': 7.388040065765381, 'learning_rate': 9.630188679245284e-06, 'lm_loss': 0.0, 'pchembl_loss': 0.3135322332382202, 'ranking_loss': 0.0, 'total_loss': 0.31324005126953125, 'epoch': 1.8867924528301887}
{'loss': 0.3665, 'grad_norm': 6.973583698272705, 'learning_rate': 9.626415094339624e-06, 'lm_loss': 0.0, 'pchembl_loss': 0.3251758813858032, 'ranking_loss': 0.0, 'total_loss': 0.32487010955810547, 'epoch': 1.9056603773584906}
{'loss': 0.3523, 'grad_norm': 3.6436450481414795, 'learning_rate': 9.622641509433963e-06, 'lm_loss': 0.0, 'pchembl_loss': 0.3599567413330078, 'ranking_loss': 0.0, 'total_loss': 0.35961541533470154, 'epoch': 1.9245283018867925}
{'loss': 0.353, 'grad_norm': 0.597282350063324, 'learning_rate': 9.618867924528302e-06, 'lm_loss': 0.0, 'pchembl_loss': 0.40783584117889404, 'ranking_loss': 0.0, 'total_loss': 0.4074459969997406, 'epoch': 1.9433962264150944}
{'loss': 0.3583, 'grad_norm': 5.000601768493652, 'learning_rate': 9.615094339622643e-06, 'lm_loss': 0.0, 'pchembl_loss': 0.470823734998703, 'ranking_loss': 0.0, 'total_loss': 0.47036969661712646, 'epoch': 1.9622641509433962}
{'loss': 0.3619, 'grad_norm': 6.3307013511657715, 'learning_rate': 9.611320754716982e-06, 'lm_loss': 0.0, 'pchembl_loss': 0.36457979679107666, 'ranking_loss': 0.0, 'total_loss': 0.364225298166275, 'epoch': 1.9811320754716981}
{'loss': 0.3607, 'grad_norm': 4.756312370300293, 'learning_rate': 9.607547169811321e-06, 'lm_loss': 0.0, 'pchembl_loss': 0.2964950501918793, 'ranking_loss': 0.0, 'total_loss': 0.296204537153244, 'epoch': 2.0}
{'eval_loss': 0.33564451336860657, 'eval_pchembl_norm_mse': 0.640022337436676, 'eval_pchembl_norm_mae': 0.5970512628555298, 'eval_pchembl_norm_rmse': 0.8000139594078064, 'eval_pchembl_r2': 0.3483039140701294, 'eval_pchembl_count': 20000, 'eval_pchembl_norm_mean_pred': -0.11604615300893784, 'eval_pchembl_norm_std_pred': 0.609526515007019, 'eval_pchembl_norm_mean_true': -0.02121046371757984, 'eval_pchembl_norm_std_true': 0.9910030961036682, 'eval_pchembl_raw_mse': 1.1877226829528809, 'eval_pchembl_raw_mae': 0.8133390545845032, 'eval_pchembl_raw_rmse': 1.0898269414901733, 'eval_pchembl_raw_pearson': 0.598121023205242, 'eval_pchembl_raw_spearman': 0.6220130785294851, 'eval_runtime': 8.8771, 'eval_samples_per_second': 1186.308, 'eval_steps_per_second': 0.113, 'epoch': 2.0}
{'eval_lm_loss': 0.0, 'eval_pchembl_loss': 0.3359816635400057, 'eval_ranking_loss': 0.0, 'eval_total_loss': 0.3356500506401062, 'epoch': 2.0}
{'eval_evaluation_time_sec': 8.935554001946002, 'epoch': 2.0}
{'loss': 0.3573, 'grad_norm': 1.181021809577942, 'learning_rate': 9.603773584905661e-06, 'lm_loss': 0.0, 'pchembl_loss': 0.3473558723926544, 'ranking_loss': 0.0, 'total_loss': 0.34701302647590637, 'epoch': 2.018867924528302}
{'loss': 0.3506, 'grad_norm': 2.7691192626953125, 'learning_rate': 9.600000000000001e-06, 'lm_loss': 0.0, 'pchembl_loss': 0.348437637090683, 'ranking_loss': 0.0, 'total_loss': 0.3480910062789917, 'epoch': 2.0377358490566038}
{'loss': 0.3592, 'grad_norm': 3.8858065605163574, 'learning_rate': 9.596226415094341e-06, 'lm_loss': 0.0, 'pchembl_loss': 0.46338632702827454, 'ranking_loss': 0.0, 'total_loss': 0.46292179822921753, 'epoch': 2.056603773584906}
{'loss': 0.3521, 'grad_norm': 3.4433369636535645, 'learning_rate': 9.59245283018868e-06, 'lm_loss': 0.0, 'pchembl_loss': 0.4083225429058075, 'ranking_loss': 0.0, 'total_loss': 0.40791019797325134, 'epoch': 2.0754716981132075}
{'loss': 0.3517, 'grad_norm': 1.8638733625411987, 'learning_rate': 9.588679245283021e-06, 'lm_loss': 0.0, 'pchembl_loss': 0.3757389783859253, 'ranking_loss': 0.0, 'total_loss': 0.37535685300827026, 'epoch': 2.0943396226415096}
{'loss': 0.3468, 'grad_norm': 1.6214083433151245, 'learning_rate': 9.58490566037736e-06, 'lm_loss': 0.0, 'pchembl_loss': 0.3090812861919403, 'ranking_loss': 0.0, 'total_loss': 0.30876466631889343, 'epoch': 2.1132075471698113}
{'loss': 0.3549, 'grad_norm': 4.661375999450684, 'learning_rate': 9.581132075471699e-06, 'lm_loss': 0.0, 'pchembl_loss': 0.37305688858032227, 'ranking_loss': 0.0, 'total_loss': 0.372671902179718, 'epoch': 2.1320754716981134}
{'loss': 0.3491, 'grad_norm': 2.9269628524780273, 'learning_rate': 9.577358490566039e-06, 'lm_loss': 0.0, 'pchembl_loss': 0.3351598381996155, 'ranking_loss': 0.0, 'total_loss': 0.3348115086555481, 'epoch': 2.150943396226415}
{'loss': 0.3523, 'grad_norm': 2.3019750118255615, 'learning_rate': 9.573584905660377e-06, 'lm_loss': 0.0, 'pchembl_loss': 0.2693333625793457, 'ranking_loss': 0.0, 'total_loss': 0.26905152201652527, 'epoch': 2.169811320754717}
{'loss': 0.3561, 'grad_norm': 3.1405413150787354, 'learning_rate': 9.569811320754719e-06, 'lm_loss': 0.0, 'pchembl_loss': 0.3742613196372986, 'ranking_loss': 0.0, 'total_loss': 0.3738669753074646, 'epoch': 2.188679245283019}
{'loss': 0.3548, 'grad_norm': 4.137607574462891, 'learning_rate': 9.566037735849057e-06, 'lm_loss': 0.0, 'pchembl_loss': 0.3323800563812256, 'ranking_loss': 0.0, 'total_loss': 0.33202752470970154, 'epoch': 2.207547169811321}
{'loss': 0.3552, 'grad_norm': 3.8779284954071045, 'learning_rate': 9.562264150943397e-06, 'lm_loss': 0.0, 'pchembl_loss': 0.34406185150146484, 'ranking_loss': 0.0, 'total_loss': 0.3436945676803589, 'epoch': 2.2264150943396226}
{'loss': 0.3465, 'grad_norm': 2.044734477996826, 'learning_rate': 9.558490566037737e-06, 'lm_loss': 0.0, 'pchembl_loss': 0.36887770891189575, 'ranking_loss': 0.0, 'total_loss': 0.36848151683807373, 'epoch': 2.2452830188679247}
{'loss': 0.3487, 'grad_norm': 3.024874210357666, 'learning_rate': 9.554716981132077e-06, 'lm_loss': 0.0, 'pchembl_loss': 0.3242243826389313, 'ranking_loss': 0.0, 'total_loss': 0.32387396693229675, 'epoch': 2.2641509433962264}
{'loss': 0.3428, 'grad_norm': 3.7259488105773926, 'learning_rate': 9.550943396226417e-06, 'lm_loss': 0.0, 'pchembl_loss': 0.3515155017375946, 'ranking_loss': 0.0, 'total_loss': 0.35113325715065, 'epoch': 2.2830188679245285}
{'loss': 0.3508, 'grad_norm': 3.6148929595947266, 'learning_rate': 9.547169811320755e-06, 'lm_loss': 0.0, 'pchembl_loss': 0.3644915819168091, 'ranking_loss': 0.0, 'total_loss': 0.3640928566455841, 'epoch': 2.30188679245283}
{'loss': 0.3472, 'grad_norm': 0.8825716972351074, 'learning_rate': 9.543396226415095e-06, 'lm_loss': 0.0, 'pchembl_loss': 0.43940532207489014, 'ranking_loss': 0.0, 'total_loss': 0.43892186880111694, 'epoch': 2.3207547169811322}
{'loss': 0.3444, 'grad_norm': 2.5287227630615234, 'learning_rate': 9.539622641509435e-06, 'lm_loss': 0.0, 'pchembl_loss': 0.2874668538570404, 'ranking_loss': 0.0, 'total_loss': 0.28714847564697266, 'epoch': 2.339622641509434}
{'loss': 0.3506, 'grad_norm': 4.24984073638916, 'learning_rate': 9.535849056603775e-06, 'lm_loss': 0.0, 'pchembl_loss': 0.3887489140033722, 'ranking_loss': 0.0, 'total_loss': 0.3883155286312103, 'epoch': 2.358490566037736}
{'loss': 0.3431, 'grad_norm': 2.639718532562256, 'learning_rate': 9.532075471698115e-06, 'lm_loss': 0.0, 'pchembl_loss': 0.3422114849090576, 'ranking_loss': 0.0, 'total_loss': 0.3418275713920593, 'epoch': 2.3773584905660377}
{'loss': 0.3432, 'grad_norm': 0.8349673748016357, 'learning_rate': 9.528301886792455e-06, 'lm_loss': 0.0, 'pchembl_loss': 0.3837820291519165, 'ranking_loss': 0.0, 'total_loss': 0.38334885239601135, 'epoch': 2.3962264150943398}
{'loss': 0.3471, 'grad_norm': 4.242616176605225, 'learning_rate': 9.524528301886793e-06, 'lm_loss': 0.0, 'pchembl_loss': 0.3134077191352844, 'ranking_loss': 0.0, 'total_loss': 0.3130514919757843, 'epoch': 2.4150943396226414}
{'loss': 0.3516, 'grad_norm': 5.2739667892456055, 'learning_rate': 9.520754716981133e-06, 'lm_loss': 0.0, 'pchembl_loss': 0.3038788437843323, 'ranking_loss': 0.0, 'total_loss': 0.3035311698913574, 'epoch': 2.4339622641509435}
{'loss': 0.3538, 'grad_norm': 5.216729640960693, 'learning_rate': 9.516981132075473e-06, 'lm_loss': 0.0, 'pchembl_loss': 0.36196261644363403, 'ranking_loss': 0.0, 'total_loss': 0.3615459203720093, 'epoch': 2.452830188679245}
{'loss': 0.3427, 'grad_norm': 1.6629505157470703, 'learning_rate': 9.513207547169813e-06, 'lm_loss': 0.0, 'pchembl_loss': 0.28544849157333374, 'ranking_loss': 0.0, 'total_loss': 0.2851179540157318, 'epoch': 2.4716981132075473}
{'loss': 0.3452, 'grad_norm': 3.296682357788086, 'learning_rate': 9.509433962264152e-06, 'lm_loss': 0.0, 'pchembl_loss': 0.3658203184604645, 'ranking_loss': 0.0, 'total_loss': 0.36539411544799805, 'epoch': 2.490566037735849}
{'loss': 0.3529, 'grad_norm': 5.107919692993164, 'learning_rate': 9.50566037735849e-06, 'lm_loss': 0.0, 'pchembl_loss': 0.3384350538253784, 'ranking_loss': 0.0, 'total_loss': 0.3380384147167206, 'epoch': 2.509433962264151}
{'loss': 0.3413, 'grad_norm': 4.656198978424072, 'learning_rate': 9.50188679245283e-06, 'lm_loss': 0.0, 'pchembl_loss': 0.34116697311401367, 'ranking_loss': 0.0, 'total_loss': 0.3407648801803589, 'epoch': 2.5283018867924527}
{'loss': 0.3446, 'grad_norm': 2.290682554244995, 'learning_rate': 9.49811320754717e-06, 'lm_loss': 0.0, 'pchembl_loss': 0.387071818113327, 'ranking_loss': 0.0, 'total_loss': 0.3866131901741028, 'epoch': 2.547169811320755}
{'loss': 0.3421, 'grad_norm': 2.0255379676818848, 'learning_rate': 9.49433962264151e-06, 'lm_loss': 0.0, 'pchembl_loss': 0.35288918018341064, 'ranking_loss': 0.0, 'total_loss': 0.3524687886238098, 'epoch': 2.5660377358490565}
{'loss': 0.3466, 'grad_norm': 5.0446553230285645, 'learning_rate': 9.49056603773585e-06, 'lm_loss': 0.0, 'pchembl_loss': 0.32280996441841125, 'ranking_loss': 0.0, 'total_loss': 0.3224232494831085, 'epoch': 2.5849056603773586}
{'loss': 0.3456, 'grad_norm': 3.2136390209198, 'learning_rate': 9.486792452830189e-06, 'lm_loss': 0.0, 'pchembl_loss': 0.3190653622150421, 'ranking_loss': 0.0, 'total_loss': 0.31868109107017517, 'epoch': 2.6037735849056602}
{'loss': 0.3384, 'grad_norm': 0.7598416209220886, 'learning_rate': 9.48301886792453e-06, 'lm_loss': 0.0, 'pchembl_loss': 0.28917941451072693, 'ranking_loss': 0.0, 'total_loss': 0.28882932662963867, 'epoch': 2.6226415094339623}
{'loss': 0.3442, 'grad_norm': 2.382686138153076, 'learning_rate': 9.479245283018868e-06, 'lm_loss': 0.0, 'pchembl_loss': 0.365935742855072, 'ranking_loss': 0.0, 'total_loss': 0.3654900789260864, 'epoch': 2.641509433962264}
{'loss': 0.3413, 'grad_norm': 3.5248265266418457, 'learning_rate': 9.475471698113208e-06, 'lm_loss': 0.0, 'pchembl_loss': 0.3511268198490143, 'ranking_loss': 0.0, 'total_loss': 0.3506966233253479, 'epoch': 2.660377358490566}
{'loss': 0.3386, 'grad_norm': 2.515475273132324, 'learning_rate': 9.471698113207548e-06, 'lm_loss': 0.0, 'pchembl_loss': 0.28820595145225525, 'ranking_loss': 0.0, 'total_loss': 0.28785082697868347, 'epoch': 2.6792452830188678}
{'loss': 0.3351, 'grad_norm': 0.8800366520881653, 'learning_rate': 9.467924528301886e-06, 'lm_loss': 0.0, 'pchembl_loss': 0.3411242663860321, 'ranking_loss': 0.0, 'total_loss': 0.34070152044296265, 'epoch': 2.69811320754717}
{'loss': 0.3508, 'grad_norm': 5.44838809967041, 'learning_rate': 9.464150943396228e-06, 'lm_loss': 0.0, 'pchembl_loss': 0.3793666660785675, 'ranking_loss': 0.0, 'total_loss': 0.37889352440834045, 'epoch': 2.7169811320754715}
{'loss': 0.3536, 'grad_norm': 5.720844745635986, 'learning_rate': 9.460377358490566e-06, 'lm_loss': 0.0, 'pchembl_loss': 0.28466758131980896, 'ranking_loss': 0.0, 'total_loss': 0.2843104302883148, 'epoch': 2.7358490566037736}
{'loss': 0.3518, 'grad_norm': 6.047889232635498, 'learning_rate': 9.456603773584906e-06, 'lm_loss': 0.0, 'pchembl_loss': 0.3358830511569977, 'ranking_loss': 0.0, 'total_loss': 0.33545926213264465, 'epoch': 2.7547169811320753}
{'loss': 0.3443, 'grad_norm': 3.339434862136841, 'learning_rate': 9.452830188679246e-06, 'lm_loss': 0.0, 'pchembl_loss': 0.4024924635887146, 'ranking_loss': 0.0, 'total_loss': 0.4019819498062134, 'epoch': 2.7735849056603774}
{'loss': 0.3342, 'grad_norm': 1.5372319221496582, 'learning_rate': 9.449056603773586e-06, 'lm_loss': 0.0, 'pchembl_loss': 0.336703896522522, 'ranking_loss': 0.0, 'total_loss': 0.3362746238708496, 'epoch': 2.7924528301886795}
{'loss': 0.3444, 'grad_norm': 3.4328243732452393, 'learning_rate': 9.445283018867926e-06, 'lm_loss': 0.0, 'pchembl_loss': 0.29681676626205444, 'ranking_loss': 0.0, 'total_loss': 0.29643628001213074, 'epoch': 2.811320754716981}
{'loss': 0.3419, 'grad_norm': 3.219425678253174, 'learning_rate': 9.441509433962264e-06, 'lm_loss': 0.0, 'pchembl_loss': 0.3144923448562622, 'ranking_loss': 0.0, 'total_loss': 0.31408706307411194, 'epoch': 2.830188679245283}
{'loss': 0.3351, 'grad_norm': 0.8800710439682007, 'learning_rate': 9.437735849056604e-06, 'lm_loss': 0.0, 'pchembl_loss': 0.33698341250419617, 'ranking_loss': 0.0, 'total_loss': 0.3365468978881836, 'epoch': 2.849056603773585}
{'loss': 0.3434, 'grad_norm': 2.7306337356567383, 'learning_rate': 9.433962264150944e-06, 'lm_loss': 0.0, 'pchembl_loss': 0.3032686412334442, 'ranking_loss': 0.0, 'total_loss': 0.3028734624385834, 'epoch': 2.867924528301887}
{'loss': 0.3443, 'grad_norm': 4.064977645874023, 'learning_rate': 9.430188679245284e-06, 'lm_loss': 0.0, 'pchembl_loss': 0.42349496483802795, 'ranking_loss': 0.0, 'total_loss': 0.4229399561882019, 'epoch': 2.8867924528301887}
{'loss': 0.34, 'grad_norm': 2.628757953643799, 'learning_rate': 9.426415094339624e-06, 'lm_loss': 0.0, 'pchembl_loss': 0.46422651410102844, 'ranking_loss': 0.0, 'total_loss': 0.4636147916316986, 'epoch': 2.9056603773584904}
{'loss': 0.3351, 'grad_norm': 1.8289227485656738, 'learning_rate': 9.422641509433964e-06, 'lm_loss': 0.0, 'pchembl_loss': 0.31060418486595154, 'ranking_loss': 0.0, 'total_loss': 0.31019267439842224, 'epoch': 2.9245283018867925}
{'loss': 0.3407, 'grad_norm': 4.46891450881958, 'learning_rate': 9.418867924528302e-06, 'lm_loss': 0.0, 'pchembl_loss': 0.35367152094841003, 'ranking_loss': 0.0, 'total_loss': 0.35320034623146057, 'epoch': 2.9433962264150946}
{'loss': 0.3523, 'grad_norm': 6.169449806213379, 'learning_rate': 9.415094339622642e-06, 'lm_loss': 0.0, 'pchembl_loss': 0.38493797183036804, 'ranking_loss': 0.0, 'total_loss': 0.3844224512577057, 'epoch': 2.9622641509433962}
{'loss': 0.3513, 'grad_norm': 6.420884132385254, 'learning_rate': 9.411320754716982e-06, 'lm_loss': 0.0, 'pchembl_loss': 0.42797744274139404, 'ranking_loss': 0.0, 'total_loss': 0.42740145325660706, 'epoch': 2.981132075471698}
{'loss': 0.3427, 'grad_norm': 4.272052764892578, 'learning_rate': 9.407547169811322e-06, 'lm_loss': 0.0, 'pchembl_loss': 0.27295759320259094, 'ranking_loss': 0.0, 'total_loss': 0.2725885212421417, 'epoch': 3.0}
{'eval_loss': 0.3253478705883026, 'eval_pchembl_norm_mse': 0.6104159951210022, 'eval_pchembl_norm_mae': 0.587342381477356, 'eval_pchembl_norm_rmse': 0.7812912464141846, 'eval_pchembl_r2': 0.37845027446746826, 'eval_pchembl_count': 20000, 'eval_pchembl_norm_mean_pred': -0.05618634074926376, 'eval_pchembl_norm_std_pred': 0.6422446966171265, 'eval_pchembl_norm_mean_true': -0.02121046371757984, 'eval_pchembl_norm_std_true': 0.9910030961036682, 'eval_pchembl_raw_mse': 1.1327807903289795, 'eval_pchembl_raw_mae': 0.8001129627227783, 'eval_pchembl_raw_rmse': 1.064321756362915, 'eval_pchembl_raw_pearson': 0.6169788593015458, 'eval_pchembl_raw_spearman': 0.6389930567672679, 'eval_runtime': 8.8689, 'eval_samples_per_second': 1187.411, 'eval_steps_per_second': 0.113, 'epoch': 3.0}
{'eval_lm_loss': 0.0, 'eval_pchembl_loss': 0.32575268790125844, 'eval_ranking_loss': 0.0, 'eval_total_loss': 0.3253102672845125, 'epoch': 3.0}
{'eval_evaluation_time_sec': 8.915204501943663, 'epoch': 3.0}
{'loss': 0.3345, 'grad_norm': 1.0674421787261963, 'learning_rate': 9.403773584905662e-06, 'lm_loss': 0.0, 'pchembl_loss': 0.2724984586238861, 'ranking_loss': 0.0, 'total_loss': 0.2721283733844757, 'epoch': 3.018867924528302}
{'loss': 0.3395, 'grad_norm': 2.4787354469299316, 'learning_rate': 9.4e-06, 'lm_loss': 0.0, 'pchembl_loss': 0.3533596098423004, 'ranking_loss': 0.0, 'total_loss': 0.3528772294521332, 'epoch': 3.0377358490566038}
{'loss': 0.3364, 'grad_norm': 0.48863595724105835, 'learning_rate': 9.39622641509434e-06, 'lm_loss': 0.0, 'pchembl_loss': 0.36655324697494507, 'ranking_loss': 0.0, 'total_loss': 0.3660503029823303, 'epoch': 3.056603773584906}
{'loss': 0.3333, 'grad_norm': 0.9226943254470825, 'learning_rate': 9.39245283018868e-06, 'lm_loss': 0.0, 'pchembl_loss': 0.3324607312679291, 'ranking_loss': 0.0, 'total_loss': 0.3320019245147705, 'epoch': 3.0754716981132075}
{'loss': 0.3368, 'grad_norm': 1.3729726076126099, 'learning_rate': 9.38867924528302e-06, 'lm_loss': 0.0, 'pchembl_loss': 0.3753180503845215, 'ranking_loss': 0.0, 'total_loss': 0.3747968375682831, 'epoch': 3.0943396226415096}
{'loss': 0.3355, 'grad_norm': 1.971396565437317, 'learning_rate': 9.38490566037736e-06, 'lm_loss': 0.0, 'pchembl_loss': 0.27675431966781616, 'ranking_loss': 0.0, 'total_loss': 0.2763674855232239, 'epoch': 3.1132075471698113}
{'loss': 0.3342, 'grad_norm': 1.7004649639129639, 'learning_rate': 9.381132075471698e-06, 'lm_loss': 0.0, 'pchembl_loss': 0.2545739710330963, 'ranking_loss': 0.0, 'total_loss': 0.25421586632728577, 'epoch': 3.1320754716981134}
{'loss': 0.3316, 'grad_norm': 1.533774495124817, 'learning_rate': 9.37735849056604e-06, 'lm_loss': 0.0, 'pchembl_loss': 0.3408762216567993, 'ranking_loss': 0.0, 'total_loss': 0.34039363265037537, 'epoch': 3.150943396226415}
{'loss': 0.3306, 'grad_norm': 0.7713704109191895, 'learning_rate': 9.373584905660377e-06, 'lm_loss': 0.0, 'pchembl_loss': 0.41188785433769226, 'ranking_loss': 0.0, 'total_loss': 0.4113009572029114, 'epoch': 3.169811320754717}
{'loss': 0.3392, 'grad_norm': 2.0359153747558594, 'learning_rate': 9.369811320754717e-06, 'lm_loss': 0.0, 'pchembl_loss': 0.4207799434661865, 'ranking_loss': 0.0, 'total_loss': 0.420176237821579, 'epoch': 3.188679245283019}
{'loss': 0.3375, 'grad_norm': 0.884535014629364, 'learning_rate': 9.366037735849057e-06, 'lm_loss': 0.0, 'pchembl_loss': 0.3611565828323364, 'ranking_loss': 0.0, 'total_loss': 0.3606349229812622, 'epoch': 3.207547169811321}
{'loss': 0.3269, 'grad_norm': 0.5198338627815247, 'learning_rate': 9.362264150943397e-06, 'lm_loss': 0.0, 'pchembl_loss': 0.271388441324234, 'ranking_loss': 0.0, 'total_loss': 0.2709936797618866, 'epoch': 3.2264150943396226}
{'loss': 0.3358, 'grad_norm': 0.5098086595535278, 'learning_rate': 9.358490566037737e-06, 'lm_loss': 0.0, 'pchembl_loss': 0.32345497608184814, 'ranking_loss': 0.0, 'total_loss': 0.32298097014427185, 'epoch': 3.2452830188679247}
{'loss': 0.3346, 'grad_norm': 1.0110702514648438, 'learning_rate': 9.354716981132075e-06, 'lm_loss': 0.0, 'pchembl_loss': 0.30654531717300415, 'ranking_loss': 0.0, 'total_loss': 0.30609264969825745, 'epoch': 3.2641509433962264}
{'loss': 0.3396, 'grad_norm': 1.2623729705810547, 'learning_rate': 9.350943396226417e-06, 'lm_loss': 0.0, 'pchembl_loss': 0.30506977438926697, 'ranking_loss': 0.0, 'total_loss': 0.30461573600769043, 'epoch': 3.2830188679245285}
{'loss': 0.3346, 'grad_norm': 1.2125301361083984, 'learning_rate': 9.347169811320755e-06, 'lm_loss': 0.0, 'pchembl_loss': 0.42068877816200256, 'ranking_loss': 0.0, 'total_loss': 0.4200577735900879, 'epoch': 3.30188679245283}
{'loss': 0.3256, 'grad_norm': 0.6339703798294067, 'learning_rate': 9.343396226415095e-06, 'lm_loss': 0.0, 'pchembl_loss': 0.3638439178466797, 'ranking_loss': 0.0, 'total_loss': 0.3632938861846924, 'epoch': 3.3207547169811322}
{'loss': 0.3336, 'grad_norm': 2.2003817558288574, 'learning_rate': 9.339622641509435e-06, 'lm_loss': 0.0, 'pchembl_loss': 0.3118588924407959, 'ranking_loss': 0.0, 'total_loss': 0.3113836646080017, 'epoch': 3.339622641509434}
{'loss': 0.337, 'grad_norm': 1.1079349517822266, 'learning_rate': 9.335849056603773e-06, 'lm_loss': 0.0, 'pchembl_loss': 0.392255961894989, 'ranking_loss': 0.0, 'total_loss': 0.3916536569595337, 'epoch': 3.358490566037736}
{'loss': 0.3316, 'grad_norm': 2.4722917079925537, 'learning_rate': 9.332075471698115e-06, 'lm_loss': 0.0, 'pchembl_loss': 0.3264917731285095, 'ranking_loss': 0.0, 'total_loss': 0.3259865939617157, 'epoch': 3.3773584905660377}
{'loss': 0.3306, 'grad_norm': 2.2702741622924805, 'learning_rate': 9.328301886792453e-06, 'lm_loss': 0.0, 'pchembl_loss': 0.3216613233089447, 'ranking_loss': 0.0, 'total_loss': 0.3211599588394165, 'epoch': 3.3962264150943398}
{'loss': 0.3325, 'grad_norm': 0.8699125051498413, 'learning_rate': 9.324528301886793e-06, 'lm_loss': 0.0, 'pchembl_loss': 0.26097652316093445, 'ranking_loss': 0.0, 'total_loss': 0.26056692004203796, 'epoch': 3.4150943396226414}
{'loss': 0.3255, 'grad_norm': 2.8621737957000732, 'learning_rate': 9.320754716981133e-06, 'lm_loss': 0.0, 'pchembl_loss': 0.24162082374095917, 'ranking_loss': 0.0, 'total_loss': 0.24123887717723846, 'epoch': 3.4339622641509435}
{'loss': 0.3324, 'grad_norm': 4.180991172790527, 'learning_rate': 9.316981132075473e-06, 'lm_loss': 0.0, 'pchembl_loss': 0.3456301689147949, 'ranking_loss': 0.0, 'total_loss': 0.34508010745048523, 'epoch': 3.452830188679245}
{'loss': 0.3315, 'grad_norm': 3.1137735843658447, 'learning_rate': 9.313207547169813e-06, 'lm_loss': 0.0, 'pchembl_loss': 0.3334138095378876, 'ranking_loss': 0.0, 'total_loss': 0.33287984132766724, 'epoch': 3.4716981132075473}
{'loss': 0.3311, 'grad_norm': 1.591082215309143, 'learning_rate': 9.309433962264151e-06, 'lm_loss': 0.0, 'pchembl_loss': 0.3592982292175293, 'ranking_loss': 0.0, 'total_loss': 0.3587193787097931, 'epoch': 3.490566037735849}
{'loss': 0.3273, 'grad_norm': 2.5938403606414795, 'learning_rate': 9.305660377358491e-06, 'lm_loss': 0.0, 'pchembl_loss': 0.339454710483551, 'ranking_loss': 0.0, 'total_loss': 0.33890455961227417, 'epoch': 3.509433962264151}
{'loss': 0.3254, 'grad_norm': 1.5234851837158203, 'learning_rate': 9.30188679245283e-06, 'lm_loss': 0.0, 'pchembl_loss': 0.32956886291503906, 'ranking_loss': 0.0, 'total_loss': 0.32903170585632324, 'epoch': 3.5283018867924527}
{'loss': 0.3289, 'grad_norm': 1.6121171712875366, 'learning_rate': 9.29811320754717e-06, 'lm_loss': 0.0, 'pchembl_loss': 0.28954169154167175, 'ranking_loss': 0.0, 'total_loss': 0.2890670895576477, 'epoch': 3.547169811320755}
{'loss': 0.3283, 'grad_norm': 1.1949418783187866, 'learning_rate': 9.29433962264151e-06, 'lm_loss': 0.0, 'pchembl_loss': 0.3806624412536621, 'ranking_loss': 0.0, 'total_loss': 0.3800348937511444, 'epoch': 3.5660377358490565}
{'loss': 0.3289, 'grad_norm': 1.4205225706100464, 'learning_rate': 9.29056603773585e-06, 'lm_loss': 0.0, 'pchembl_loss': 0.30277135968208313, 'ranking_loss': 0.0, 'total_loss': 0.30226930975914, 'epoch': 3.5849056603773586}
{'loss': 0.331, 'grad_norm': 1.9433618783950806, 'learning_rate': 9.286792452830189e-06, 'lm_loss': 0.0, 'pchembl_loss': 0.38277578353881836, 'ranking_loss': 0.0, 'total_loss': 0.38213732838630676, 'epoch': 3.6037735849056602}
{'loss': 0.3323, 'grad_norm': 2.902334213256836, 'learning_rate': 9.283018867924529e-06, 'lm_loss': 0.0, 'pchembl_loss': 0.3833656907081604, 'ranking_loss': 0.0, 'total_loss': 0.38272255659103394, 'epoch': 3.6226415094339623}
{'loss': 0.3279, 'grad_norm': 1.9218153953552246, 'learning_rate': 9.279245283018869e-06, 'lm_loss': 0.0, 'pchembl_loss': 0.29981040954589844, 'ranking_loss': 0.0, 'total_loss': 0.29930469393730164, 'epoch': 3.641509433962264}
{'loss': 0.3241, 'grad_norm': 1.5962499380111694, 'learning_rate': 9.275471698113208e-06, 'lm_loss': 0.0, 'pchembl_loss': 0.28623178601264954, 'ranking_loss': 0.0, 'total_loss': 0.28574639558792114, 'epoch': 3.660377358490566}
{'loss': 0.3354, 'grad_norm': 3.217977285385132, 'learning_rate': 9.271698113207548e-06, 'lm_loss': 0.0, 'pchembl_loss': 0.22389762103557587, 'ranking_loss': 0.0, 'total_loss': 0.22351589798927307, 'epoch': 3.6792452830188678}
{'loss': 0.3282, 'grad_norm': 1.6813892126083374, 'learning_rate': 9.267924528301887e-06, 'lm_loss': 0.0, 'pchembl_loss': 0.3215557038784027, 'ranking_loss': 0.0, 'total_loss': 0.3210046887397766, 'epoch': 3.69811320754717}
{'loss': 0.3311, 'grad_norm': 2.258885383605957, 'learning_rate': 9.264150943396227e-06, 'lm_loss': 0.0, 'pchembl_loss': 0.37254634499549866, 'ranking_loss': 0.0, 'total_loss': 0.3719046711921692, 'epoch': 3.7169811320754715}
{'loss': 0.3382, 'grad_norm': 2.397224187850952, 'learning_rate': 9.260377358490566e-06, 'lm_loss': 0.0, 'pchembl_loss': 0.4159911274909973, 'ranking_loss': 0.0, 'total_loss': 0.4152710437774658, 'epoch': 3.7358490566037736}
{'loss': 0.3289, 'grad_norm': 0.7154698967933655, 'learning_rate': 9.256603773584906e-06, 'lm_loss': 0.0, 'pchembl_loss': 0.33963778614997864, 'ranking_loss': 0.0, 'total_loss': 0.33904701471328735, 'epoch': 3.7547169811320753}
{'loss': 0.3247, 'grad_norm': 0.629377007484436, 'learning_rate': 9.252830188679246e-06, 'lm_loss': 0.0, 'pchembl_loss': 0.3572998046875, 'ranking_loss': 0.0, 'total_loss': 0.35667508840560913, 'epoch': 3.7735849056603774}
{'loss': 0.331, 'grad_norm': 0.6261222958564758, 'learning_rate': 9.249056603773585e-06, 'lm_loss': 0.0, 'pchembl_loss': 0.4146896004676819, 'ranking_loss': 0.0, 'total_loss': 0.4139605462551117, 'epoch': 3.7924528301886795}
{'loss': 0.3212, 'grad_norm': 0.5786576271057129, 'learning_rate': 9.245283018867926e-06, 'lm_loss': 0.0, 'pchembl_loss': 0.31179121136665344, 'ranking_loss': 0.0, 'total_loss': 0.31123989820480347, 'epoch': 3.811320754716981}
{'loss': 0.32, 'grad_norm': 0.8337584733963013, 'learning_rate': 9.241509433962264e-06, 'lm_loss': 0.0, 'pchembl_loss': 0.3219146728515625, 'ranking_loss': 0.0, 'total_loss': 0.3213420510292053, 'epoch': 3.830188679245283}
{'loss': 0.3309, 'grad_norm': 0.8397785425186157, 'learning_rate': 9.237735849056604e-06, 'lm_loss': 0.0, 'pchembl_loss': 0.35084831714630127, 'ranking_loss': 0.0, 'total_loss': 0.35022038221359253, 'epoch': 3.849056603773585}
{'loss': 0.3246, 'grad_norm': 2.6006968021392822, 'learning_rate': 9.233962264150944e-06, 'lm_loss': 0.0, 'pchembl_loss': 0.34594249725341797, 'ranking_loss': 0.0, 'total_loss': 0.3453194200992584, 'epoch': 3.867924528301887}
{'loss': 0.3265, 'grad_norm': 2.605905055999756, 'learning_rate': 9.230188679245284e-06, 'lm_loss': 0.0, 'pchembl_loss': 0.2314738780260086, 'ranking_loss': 0.0, 'total_loss': 0.23105448484420776, 'epoch': 3.8867924528301887}
{'loss': 0.3206, 'grad_norm': 0.5576958656311035, 'learning_rate': 9.226415094339624e-06, 'lm_loss': 0.0, 'pchembl_loss': 0.30585455894470215, 'ranking_loss': 0.0, 'total_loss': 0.30529722571372986, 'epoch': 3.9056603773584904}
{'loss': 0.324, 'grad_norm': 1.5553475618362427, 'learning_rate': 9.222641509433962e-06, 'lm_loss': 0.0, 'pchembl_loss': 0.3237546384334564, 'ranking_loss': 0.0, 'total_loss': 0.323161244392395, 'epoch': 3.9245283018867925}
{'loss': 0.3235, 'grad_norm': 1.458796739578247, 'learning_rate': 9.218867924528304e-06, 'lm_loss': 0.0, 'pchembl_loss': 0.31437569856643677, 'ranking_loss': 0.0, 'total_loss': 0.31379619240760803, 'epoch': 3.9433962264150946}
{'loss': 0.3215, 'grad_norm': 2.116208791732788, 'learning_rate': 9.215094339622642e-06, 'lm_loss': 0.0, 'pchembl_loss': 0.4072585105895996, 'ranking_loss': 0.0, 'total_loss': 0.40650349855422974, 'epoch': 3.9622641509433962}
{'loss': 0.3217, 'grad_norm': 2.2269527912139893, 'learning_rate': 9.211320754716982e-06, 'lm_loss': 0.0, 'pchembl_loss': 0.33764269948005676, 'ranking_loss': 0.0, 'total_loss': 0.3370133340358734, 'epoch': 3.981132075471698}
{'loss': 0.3178, 'grad_norm': 1.2049176692962646, 'learning_rate': 9.207547169811322e-06, 'lm_loss': 0.0, 'pchembl_loss': 0.31673040986061096, 'ranking_loss': 0.0, 'total_loss': 0.31613689661026, 'epoch': 4.0}
{'eval_loss': 0.3170810639858246, 'eval_pchembl_norm_mse': 0.5843460559844971, 'eval_pchembl_norm_mae': 0.5824763774871826, 'eval_pchembl_norm_rmse': 0.7644253373146057, 'eval_pchembl_r2': 0.40499573945999146, 'eval_pchembl_count': 20000, 'eval_pchembl_norm_mean_pred': 0.035129811614751816, 'eval_pchembl_norm_std_pred': 0.6773887276649475, 'eval_pchembl_norm_mean_true': -0.02121046371757984, 'eval_pchembl_norm_std_true': 0.9910030961036682, 'eval_pchembl_raw_mse': 1.0844013690948486, 'eval_pchembl_raw_mae': 0.7934842705726624, 'eval_pchembl_raw_rmse': 1.0413459539413452, 'eval_pchembl_raw_pearson': 0.6403829009940462, 'eval_pchembl_raw_spearman': 0.6604135330744895, 'eval_runtime': 9.0911, 'eval_samples_per_second': 1158.383, 'eval_steps_per_second': 0.11, 'epoch': 4.0}
{'eval_lm_loss': 0.0, 'eval_pchembl_loss': 0.31763851322233677, 'eval_ranking_loss': 0.0, 'eval_total_loss': 0.3170401250571013, 'epoch': 4.0}
{'eval_evaluation_time_sec': 9.152622158173472, 'epoch': 4.0}
{'loss': 0.3237, 'grad_norm': 2.182818651199341, 'learning_rate': 9.20377358490566e-06, 'lm_loss': 0.0, 'pchembl_loss': 0.3548545837402344, 'ranking_loss': 0.0, 'total_loss': 0.354186087846756, 'epoch': 4.018867924528302}
{'loss': 0.3235, 'grad_norm': 4.146200656890869, 'learning_rate': 9.200000000000002e-06, 'lm_loss': 0.0, 'pchembl_loss': 0.2343459278345108, 'ranking_loss': 0.0, 'total_loss': 0.23390217125415802, 'epoch': 4.037735849056604}
{'loss': 0.3262, 'grad_norm': 3.2782931327819824, 'learning_rate': 9.19622641509434e-06, 'lm_loss': 0.0, 'pchembl_loss': 0.2848663628101349, 'ranking_loss': 0.0, 'total_loss': 0.2843243479728699, 'epoch': 4.056603773584905}
{'loss': 0.321, 'grad_norm': 0.7284849882125854, 'learning_rate': 9.19245283018868e-06, 'lm_loss': 0.0, 'pchembl_loss': 0.33465832471847534, 'ranking_loss': 0.0, 'total_loss': 0.33401864767074585, 'epoch': 4.0754716981132075}
{'loss': 0.3217, 'grad_norm': 2.08866286277771, 'learning_rate': 9.18867924528302e-06, 'lm_loss': 0.0, 'pchembl_loss': 0.35423460602760315, 'ranking_loss': 0.0, 'total_loss': 0.35355424880981445, 'epoch': 4.09433962264151}
{'loss': 0.3139, 'grad_norm': 0.6856725811958313, 'learning_rate': 9.18490566037736e-06, 'lm_loss': 0.0, 'pchembl_loss': 0.3162282109260559, 'ranking_loss': 0.0, 'total_loss': 0.31561800837516785, 'epoch': 4.113207547169812}
{'loss': 0.3219, 'grad_norm': 1.1370779275894165, 'learning_rate': 9.1811320754717e-06, 'lm_loss': 0.0, 'pchembl_loss': 0.3336406946182251, 'ranking_loss': 0.0, 'total_loss': 0.3329937160015106, 'epoch': 4.132075471698113}
{'loss': 0.318, 'grad_norm': 0.47514259815216064, 'learning_rate': 9.177358490566038e-06, 'lm_loss': 0.0, 'pchembl_loss': 0.3459049165248871, 'ranking_loss': 0.0, 'total_loss': 0.34523075819015503, 'epoch': 4.150943396226415}
{'loss': 0.3289, 'grad_norm': 1.2556363344192505, 'learning_rate': 9.173584905660378e-06, 'lm_loss': 0.0, 'pchembl_loss': 0.35436201095581055, 'ranking_loss': 0.0, 'total_loss': 0.3536677360534668, 'epoch': 4.169811320754717}
{'loss': 0.3159, 'grad_norm': 1.113743782043457, 'learning_rate': 9.169811320754718e-06, 'lm_loss': 0.0, 'pchembl_loss': 0.3735460638999939, 'ranking_loss': 0.0, 'total_loss': 0.3728103041648865, 'epoch': 4.188679245283019}
{'loss': 0.3131, 'grad_norm': 0.694765567779541, 'learning_rate': 9.166037735849058e-06, 'lm_loss': 0.0, 'pchembl_loss': 0.31264686584472656, 'ranking_loss': 0.0, 'total_loss': 0.3120277523994446, 'epoch': 4.2075471698113205}
{'loss': 0.3212, 'grad_norm': 0.6245427131652832, 'learning_rate': 9.162264150943397e-06, 'lm_loss': 0.0, 'pchembl_loss': 0.3060290813446045, 'ranking_loss': 0.0, 'total_loss': 0.3054197430610657, 'epoch': 4.226415094339623}
{'loss': 0.3184, 'grad_norm': 1.6107664108276367, 'learning_rate': 9.158490566037737e-06, 'lm_loss': 0.0, 'pchembl_loss': 0.27337226271629333, 'ranking_loss': 0.0, 'total_loss': 0.27282488346099854, 'epoch': 4.245283018867925}
{'loss': 0.322, 'grad_norm': 0.8024598956108093, 'learning_rate': 9.154716981132076e-06, 'lm_loss': 0.0, 'pchembl_loss': 0.30646616220474243, 'ranking_loss': 0.0, 'total_loss': 0.3058491349220276, 'epoch': 4.264150943396227}
{'loss': 0.3208, 'grad_norm': 0.7706971764564514, 'learning_rate': 9.150943396226416e-06, 'lm_loss': 0.0, 'pchembl_loss': 0.2655829191207886, 'ranking_loss': 0.0, 'total_loss': 0.2650452256202698, 'epoch': 4.283018867924528}
{'loss': 0.3205, 'grad_norm': 0.748692512512207, 'learning_rate': 9.147169811320755e-06, 'lm_loss': 0.0, 'pchembl_loss': 0.3451729416847229, 'ranking_loss': 0.0, 'total_loss': 0.34447014331817627, 'epoch': 4.30188679245283}
{'loss': 0.3194, 'grad_norm': 0.5182450413703918, 'learning_rate': 9.143396226415095e-06, 'lm_loss': 0.0, 'pchembl_loss': 0.37706899642944336, 'ranking_loss': 0.0, 'total_loss': 0.3762968182563782, 'epoch': 4.320754716981132}
{'loss': 0.3168, 'grad_norm': 0.5673883557319641, 'learning_rate': 9.139622641509435e-06, 'lm_loss': 0.0, 'pchembl_loss': 0.30238670110702515, 'ranking_loss': 0.0, 'total_loss': 0.3017638623714447, 'epoch': 4.339622641509434}
{'loss': 0.3165, 'grad_norm': 0.5267271399497986, 'learning_rate': 9.135849056603773e-06, 'lm_loss': 0.0, 'pchembl_loss': 0.30085107684135437, 'ranking_loss': 0.0, 'total_loss': 0.3002277612686157, 'epoch': 4.3584905660377355}
{'loss': 0.3138, 'grad_norm': 1.209120750427246, 'learning_rate': 9.132075471698113e-06, 'lm_loss': 0.0, 'pchembl_loss': 0.3863910138607025, 'ranking_loss': 0.0, 'total_loss': 0.385585755109787, 'epoch': 4.377358490566038}
{'loss': 0.3138, 'grad_norm': 0.4938655197620392, 'learning_rate': 9.128301886792453e-06, 'lm_loss': 0.0, 'pchembl_loss': 0.24460771679878235, 'ranking_loss': 0.0, 'total_loss': 0.24409499764442444, 'epoch': 4.39622641509434}
{'loss': 0.3154, 'grad_norm': 1.6877855062484741, 'learning_rate': 9.124528301886793e-06, 'lm_loss': 0.0, 'pchembl_loss': 0.36260855197906494, 'ranking_loss': 0.0, 'total_loss': 0.3618440628051758, 'epoch': 4.415094339622642}
{'loss': 0.3179, 'grad_norm': 1.9954441785812378, 'learning_rate': 9.120754716981133e-06, 'lm_loss': 0.0, 'pchembl_loss': 0.3818492889404297, 'ranking_loss': 0.0, 'total_loss': 0.38103970885276794, 'epoch': 4.433962264150943}
{'loss': 0.3187, 'grad_norm': 1.300258994102478, 'learning_rate': 9.116981132075471e-06, 'lm_loss': 0.0, 'pchembl_loss': 0.3546489179134369, 'ranking_loss': 0.0, 'total_loss': 0.3538930118083954, 'epoch': 4.452830188679245}
{'loss': 0.3139, 'grad_norm': 1.8902689218521118, 'learning_rate': 9.113207547169813e-06, 'lm_loss': 0.0, 'pchembl_loss': 0.31688666343688965, 'ranking_loss': 0.0, 'total_loss': 0.3162076473236084, 'epoch': 4.471698113207547}
{'loss': 0.3148, 'grad_norm': 1.223983883857727, 'learning_rate': 9.109433962264151e-06, 'lm_loss': 0.0, 'pchembl_loss': 0.30752187967300415, 'ranking_loss': 0.0, 'total_loss': 0.3068596124649048, 'epoch': 4.490566037735849}
{'loss': 0.3199, 'grad_norm': 3.403949022293091, 'learning_rate': 9.105660377358491e-06, 'lm_loss': 0.0, 'pchembl_loss': 0.3276505172252655, 'ranking_loss': 0.0, 'total_loss': 0.3269413411617279, 'epoch': 4.509433962264151}
{'loss': 0.32, 'grad_norm': 4.1324005126953125, 'learning_rate': 9.101886792452831e-06, 'lm_loss': 0.0, 'pchembl_loss': 0.3175749182701111, 'ranking_loss': 0.0, 'total_loss': 0.316884309053421, 'epoch': 4.528301886792453}
{'loss': 0.3171, 'grad_norm': 2.829052448272705, 'learning_rate': 9.098113207547171e-06, 'lm_loss': 0.0, 'pchembl_loss': 0.3154310882091522, 'ranking_loss': 0.0, 'total_loss': 0.31474214792251587, 'epoch': 4.547169811320755}
{'loss': 0.3218, 'grad_norm': 1.6078988313674927, 'learning_rate': 9.09433962264151e-06, 'lm_loss': 0.0, 'pchembl_loss': 0.32058972120285034, 'ranking_loss': 0.0, 'total_loss': 0.31988659501075745, 'epoch': 4.566037735849057}
{'loss': 0.3104, 'grad_norm': 1.3876539468765259, 'learning_rate': 9.090566037735849e-06, 'lm_loss': 0.0, 'pchembl_loss': 0.28937628865242004, 'ranking_loss': 0.0, 'total_loss': 0.28873899579048157, 'epoch': 4.584905660377358}
{'loss': 0.3152, 'grad_norm': 0.7766923308372498, 'learning_rate': 9.08679245283019e-06, 'lm_loss': 0.0, 'pchembl_loss': 0.3665100038051605, 'ranking_loss': 0.0, 'total_loss': 0.3656994700431824, 'epoch': 4.60377358490566}
{'loss': 0.3225, 'grad_norm': 1.8920679092407227, 'learning_rate': 9.083018867924529e-06, 'lm_loss': 0.0, 'pchembl_loss': 0.26465365290641785, 'ranking_loss': 0.0, 'total_loss': 0.26406586170196533, 'epoch': 4.622641509433962}
{'loss': 0.3175, 'grad_norm': 1.9781417846679688, 'learning_rate': 9.079245283018869e-06, 'lm_loss': 0.0, 'pchembl_loss': 0.3148362934589386, 'ranking_loss': 0.0, 'total_loss': 0.3141340911388397, 'epoch': 4.6415094339622645}
{'loss': 0.318, 'grad_norm': 0.4791525602340698, 'learning_rate': 9.075471698113209e-06, 'lm_loss': 0.0, 'pchembl_loss': 0.45263293385505676, 'ranking_loss': 0.0, 'total_loss': 0.4516192674636841, 'epoch': 4.660377358490566}
{'loss': 0.3104, 'grad_norm': 1.8968372344970703, 'learning_rate': 9.071698113207547e-06, 'lm_loss': 0.0, 'pchembl_loss': 0.30946531891822815, 'ranking_loss': 0.0, 'total_loss': 0.3087693452835083, 'epoch': 4.679245283018868}
{'loss': 0.3142, 'grad_norm': 1.1953924894332886, 'learning_rate': 9.067924528301889e-06, 'lm_loss': 0.0, 'pchembl_loss': 0.25726714730262756, 'ranking_loss': 0.0, 'total_loss': 0.25668615102767944, 'epoch': 4.69811320754717}
{'loss': 0.3121, 'grad_norm': 1.1416373252868652, 'learning_rate': 9.064150943396227e-06, 'lm_loss': 0.0, 'pchembl_loss': 0.32208845019340515, 'ranking_loss': 0.0, 'total_loss': 0.3213580250740051, 'epoch': 4.716981132075472}
{'loss': 0.31, 'grad_norm': 2.0339181423187256, 'learning_rate': 9.060377358490567e-06, 'lm_loss': 0.0, 'pchembl_loss': 0.3081568479537964, 'ranking_loss': 0.0, 'total_loss': 0.30745503306388855, 'epoch': 4.735849056603773}
{'loss': 0.3138, 'grad_norm': 1.3973411321640015, 'learning_rate': 9.056603773584907e-06, 'lm_loss': 0.0, 'pchembl_loss': 0.31000110507011414, 'ranking_loss': 0.0, 'total_loss': 0.30929216742515564, 'epoch': 4.754716981132075}
{'loss': 0.3119, 'grad_norm': 0.7070934176445007, 'learning_rate': 9.052830188679247e-06, 'lm_loss': 0.0, 'pchembl_loss': 0.2993936240673065, 'ranking_loss': 0.0, 'total_loss': 0.2987061142921448, 'epoch': 4.773584905660377}
{'loss': 0.3125, 'grad_norm': 1.4816981554031372, 'learning_rate': 9.049056603773586e-06, 'lm_loss': 0.0, 'pchembl_loss': 0.330652117729187, 'ranking_loss': 0.0, 'total_loss': 0.32988959550857544, 'epoch': 4.7924528301886795}
{'loss': 0.3117, 'grad_norm': 0.9310657978057861, 'learning_rate': 9.045283018867925e-06, 'lm_loss': 0.0, 'pchembl_loss': 0.2872560918331146, 'ranking_loss': 0.0, 'total_loss': 0.2865908443927765, 'epoch': 4.811320754716981}
{'loss': 0.3124, 'grad_norm': 2.188218355178833, 'learning_rate': 9.041509433962265e-06, 'lm_loss': 0.0, 'pchembl_loss': 0.31111496686935425, 'ranking_loss': 0.0, 'total_loss': 0.3103913366794586, 'epoch': 4.830188679245283}
{'loss': 0.3159, 'grad_norm': 2.0282394886016846, 'learning_rate': 9.037735849056604e-06, 'lm_loss': 0.0, 'pchembl_loss': 0.409575879573822, 'ranking_loss': 0.0, 'total_loss': 0.4086192846298218, 'epoch': 4.849056603773585}
{'loss': 0.3059, 'grad_norm': 0.5518251061439514, 'learning_rate': 9.033962264150944e-06, 'lm_loss': 0.0, 'pchembl_loss': 0.23009465634822845, 'ranking_loss': 0.0, 'total_loss': 0.22955508530139923, 'epoch': 4.867924528301887}
{'loss': 0.3074, 'grad_norm': 1.428099513053894, 'learning_rate': 9.030188679245284e-06, 'lm_loss': 0.0, 'pchembl_loss': 0.2960645854473114, 'ranking_loss': 0.0, 'total_loss': 0.29536744952201843, 'epoch': 4.886792452830189}
{'loss': 0.3179, 'grad_norm': 2.5084261894226074, 'learning_rate': 9.026415094339624e-06, 'lm_loss': 0.0, 'pchembl_loss': 0.2910088002681732, 'ranking_loss': 0.0, 'total_loss': 0.2903207540512085, 'epoch': 4.90566037735849}
{'loss': 0.3133, 'grad_norm': 1.025986909866333, 'learning_rate': 9.022641509433962e-06, 'lm_loss': 0.0, 'pchembl_loss': 0.3296545445919037, 'ranking_loss': 0.0, 'total_loss': 0.32887208461761475, 'epoch': 4.9245283018867925}
{'loss': 0.3141, 'grad_norm': 2.8771064281463623, 'learning_rate': 9.018867924528302e-06, 'lm_loss': 0.0, 'pchembl_loss': 0.3149909973144531, 'ranking_loss': 0.0, 'total_loss': 0.31424030661582947, 'epoch': 4.943396226415095}
{'loss': 0.3168, 'grad_norm': 4.277483940124512, 'learning_rate': 9.015094339622642e-06, 'lm_loss': 0.0, 'pchembl_loss': 0.29583868384361267, 'ranking_loss': 0.0, 'total_loss': 0.2951309382915497, 'epoch': 4.962264150943396}
{'loss': 0.3114, 'grad_norm': 2.7494618892669678, 'learning_rate': 9.011320754716982e-06, 'lm_loss': 0.0, 'pchembl_loss': 0.2993360757827759, 'ranking_loss': 0.0, 'total_loss': 0.2986173927783966, 'epoch': 4.981132075471698}
{'loss': 0.3091, 'grad_norm': 0.5211658477783203, 'learning_rate': 9.007547169811322e-06, 'lm_loss': 0.0, 'pchembl_loss': 0.3621540069580078, 'ranking_loss': 0.0, 'total_loss': 0.36128154397010803, 'epoch': 5.0}
{'eval_loss': 0.30135971307754517, 'eval_pchembl_norm_mse': 0.5638430714607239, 'eval_pchembl_norm_mae': 0.5524998903274536, 'eval_pchembl_norm_rmse': 0.7508948445320129, 'eval_pchembl_r2': 0.42587268352508545, 'eval_pchembl_count': 20000, 'eval_pchembl_norm_mean_pred': -0.1128140538930893, 'eval_pchembl_norm_std_pred': 0.6757744550704956, 'eval_pchembl_norm_mean_true': -0.02121046371757984, 'eval_pchembl_norm_std_true': 0.9910030961036682, 'eval_pchembl_raw_mse': 1.0463529825210571, 'eval_pchembl_raw_mae': 0.7526484131813049, 'eval_pchembl_raw_rmse': 1.022913932800293, 'eval_pchembl_raw_pearson': 0.6594845598787327, 'eval_pchembl_raw_spearman': 0.6797340213492424, 'eval_runtime': 8.9377, 'eval_samples_per_second': 1178.263, 'eval_steps_per_second': 0.112, 'epoch': 5.0}
{'eval_lm_loss': 0.0, 'eval_pchembl_loss': 0.30175337873399255, 'eval_ranking_loss': 0.0, 'eval_total_loss': 0.3010237984359264, 'epoch': 5.0}
{'eval_evaluation_time_sec': 8.988648850936443, 'epoch': 5.0}
{'loss': 0.3136, 'grad_norm': 2.132323741912842, 'learning_rate': 9.00377358490566e-06, 'lm_loss': 0.0, 'pchembl_loss': 0.31678104400634766, 'ranking_loss': 0.0, 'total_loss': 0.3160151243209839, 'epoch': 5.018867924528302}
{'loss': 0.3188, 'grad_norm': 3.879997730255127, 'learning_rate': 9e-06, 'lm_loss': 0.0, 'pchembl_loss': 0.2894695997238159, 'ranking_loss': 0.0, 'total_loss': 0.2887672781944275, 'epoch': 5.037735849056604}
{'loss': 0.3078, 'grad_norm': 0.768719494342804, 'learning_rate': 8.99622641509434e-06, 'lm_loss': 0.0, 'pchembl_loss': 0.364562451839447, 'ranking_loss': 0.0, 'total_loss': 0.3636750280857086, 'epoch': 5.056603773584905}
{'loss': 0.3134, 'grad_norm': 2.794063091278076, 'learning_rate': 8.99245283018868e-06, 'lm_loss': 0.0, 'pchembl_loss': 0.3135886788368225, 'ranking_loss': 0.0, 'total_loss': 0.3128226697444916, 'epoch': 5.0754716981132075}
{'loss': 0.3123, 'grad_norm': 3.6050209999084473, 'learning_rate': 8.98867924528302e-06, 'lm_loss': 0.0, 'pchembl_loss': 0.2715427875518799, 'ranking_loss': 0.0, 'total_loss': 0.27087727189064026, 'epoch': 5.09433962264151}
{'loss': 0.3129, 'grad_norm': 1.7918673753738403, 'learning_rate': 8.984905660377358e-06, 'lm_loss': 0.0, 'pchembl_loss': 0.38969412446022034, 'ranking_loss': 0.0, 'total_loss': 0.3887360692024231, 'epoch': 5.113207547169812}
{'loss': 0.3104, 'grad_norm': 2.3027937412261963, 'learning_rate': 8.9811320754717e-06, 'lm_loss': 0.0, 'pchembl_loss': 0.29631590843200684, 'ranking_loss': 0.0, 'total_loss': 0.29558512568473816, 'epoch': 5.132075471698113}
{'loss': 0.3084, 'grad_norm': 3.4210052490234375, 'learning_rate': 8.977358490566038e-06, 'lm_loss': 0.0, 'pchembl_loss': 0.2944878935813904, 'ranking_loss': 0.0, 'total_loss': 0.29375940561294556, 'epoch': 5.150943396226415}
{'loss': 0.3095, 'grad_norm': 2.254725456237793, 'learning_rate': 8.973584905660378e-06, 'lm_loss': 0.0, 'pchembl_loss': 0.3509596586227417, 'ranking_loss': 0.0, 'total_loss': 0.3500889837741852, 'epoch': 5.169811320754717}
{'loss': 0.3058, 'grad_norm': 1.5984903573989868, 'learning_rate': 8.969811320754718e-06, 'lm_loss': 0.0, 'pchembl_loss': 0.25151875615119934, 'ranking_loss': 0.0, 'total_loss': 0.2508929967880249, 'epoch': 5.188679245283019}
{'loss': 0.3098, 'grad_norm': 1.9907859563827515, 'learning_rate': 8.966037735849056e-06, 'lm_loss': 0.0, 'pchembl_loss': 0.3251039683818817, 'ranking_loss': 0.0, 'total_loss': 0.3242928087711334, 'epoch': 5.2075471698113205}
{'loss': 0.3121, 'grad_norm': 0.5948299169540405, 'learning_rate': 8.962264150943398e-06, 'lm_loss': 0.0, 'pchembl_loss': 0.38489094376564026, 'ranking_loss': 0.0, 'total_loss': 0.3839278817176819, 'epoch': 5.226415094339623}
{'loss': 0.3123, 'grad_norm': 1.6691501140594482, 'learning_rate': 8.958490566037736e-06, 'lm_loss': 0.0, 'pchembl_loss': 0.28083494305610657, 'ranking_loss': 0.0, 'total_loss': 0.2801300585269928, 'epoch': 5.245283018867925}
{'loss': 0.3106, 'grad_norm': 1.5228016376495361, 'learning_rate': 8.954716981132076e-06, 'lm_loss': 0.0, 'pchembl_loss': 0.3266066014766693, 'ranking_loss': 0.0, 'total_loss': 0.325784295797348, 'epoch': 5.264150943396227}
{'loss': 0.3075, 'grad_norm': 1.4419933557510376, 'learning_rate': 8.950943396226416e-06, 'lm_loss': 0.0, 'pchembl_loss': 0.3491952419281006, 'ranking_loss': 0.0, 'total_loss': 0.3483133316040039, 'epoch': 5.283018867924528}
{'loss': 0.3068, 'grad_norm': 2.518517017364502, 'learning_rate': 8.947169811320756e-06, 'lm_loss': 0.0, 'pchembl_loss': 0.4045202136039734, 'ranking_loss': 0.0, 'total_loss': 0.40349534153938293, 'epoch': 5.30188679245283}
{'loss': 0.3046, 'grad_norm': 0.48571351170539856, 'learning_rate': 8.943396226415096e-06, 'lm_loss': 0.0, 'pchembl_loss': 0.33155372738838196, 'ranking_loss': 0.0, 'total_loss': 0.33071115612983704, 'epoch': 5.320754716981132}
{'loss': 0.303, 'grad_norm': 2.0175716876983643, 'learning_rate': 8.939622641509434e-06, 'lm_loss': 0.0, 'pchembl_loss': 0.3372142016887665, 'ranking_loss': 0.0, 'total_loss': 0.33635446429252625, 'epoch': 5.339622641509434}
{'loss': 0.3154, 'grad_norm': 2.2257440090179443, 'learning_rate': 8.935849056603775e-06, 'lm_loss': 0.0, 'pchembl_loss': 0.3639880418777466, 'ranking_loss': 0.0, 'total_loss': 0.36305710673332214, 'epoch': 5.3584905660377355}
{'loss': 0.3083, 'grad_norm': 0.757452130317688, 'learning_rate': 8.932075471698114e-06, 'lm_loss': 0.0, 'pchembl_loss': 0.31038451194763184, 'ranking_loss': 0.0, 'total_loss': 0.3095882534980774, 'epoch': 5.377358490566038}
{'loss': 0.3034, 'grad_norm': 1.5878173112869263, 'learning_rate': 8.928301886792454e-06, 'lm_loss': 0.0, 'pchembl_loss': 0.29429253935813904, 'ranking_loss': 0.0, 'total_loss': 0.29353511333465576, 'epoch': 5.39622641509434}
{'loss': 0.3062, 'grad_norm': 0.6279141902923584, 'learning_rate': 8.924528301886793e-06, 'lm_loss': 0.0, 'pchembl_loss': 0.3276313245296478, 'ranking_loss': 0.0, 'total_loss': 0.3267853856086731, 'epoch': 5.415094339622642}
{'loss': 0.3064, 'grad_norm': 1.7603923082351685, 'learning_rate': 8.920754716981133e-06, 'lm_loss': 0.0, 'pchembl_loss': 0.2731386125087738, 'ranking_loss': 0.0, 'total_loss': 0.27243098616600037, 'epoch': 5.433962264150943}
{'loss': 0.3076, 'grad_norm': 1.2830336093902588, 'learning_rate': 8.916981132075473e-06, 'lm_loss': 0.0, 'pchembl_loss': 0.2682674825191498, 'ranking_loss': 0.0, 'total_loss': 0.2675701379776001, 'epoch': 5.452830188679245}
{'loss': 0.3028, 'grad_norm': 1.4268797636032104, 'learning_rate': 8.913207547169811e-06, 'lm_loss': 0.0, 'pchembl_loss': 0.34777626395225525, 'ranking_loss': 0.0, 'total_loss': 0.34686920046806335, 'epoch': 5.471698113207547}
{'loss': 0.3086, 'grad_norm': 1.4443789720535278, 'learning_rate': 8.909433962264151e-06, 'lm_loss': 0.0, 'pchembl_loss': 0.256255567073822, 'ranking_loss': 0.0, 'total_loss': 0.2555849552154541, 'epoch': 5.490566037735849}
{'loss': 0.311, 'grad_norm': 0.5207198262214661, 'learning_rate': 8.905660377358491e-06, 'lm_loss': 0.0, 'pchembl_loss': 0.2706345319747925, 'ranking_loss': 0.0, 'total_loss': 0.2699238955974579, 'epoch': 5.509433962264151}
{'loss': 0.3006, 'grad_norm': 0.4937140643596649, 'learning_rate': 8.901886792452831e-06, 'lm_loss': 0.0, 'pchembl_loss': 0.3165438771247864, 'ranking_loss': 0.0, 'total_loss': 0.31570976972579956, 'epoch': 5.528301886792453}
{'loss': 0.3022, 'grad_norm': 3.057460069656372, 'learning_rate': 8.898113207547171e-06, 'lm_loss': 0.0, 'pchembl_loss': 0.3939068615436554, 'ranking_loss': 0.0, 'total_loss': 0.3928651511669159, 'epoch': 5.547169811320755}
{'loss': 0.3066, 'grad_norm': 1.179004430770874, 'learning_rate': 8.89433962264151e-06, 'lm_loss': 0.0, 'pchembl_loss': 0.2795131206512451, 'ranking_loss': 0.0, 'total_loss': 0.27877143025398254, 'epoch': 5.566037735849057}
{'loss': 0.303, 'grad_norm': 1.8918907642364502, 'learning_rate': 8.89056603773585e-06, 'lm_loss': 0.0, 'pchembl_loss': 0.2874824106693268, 'ranking_loss': 0.0, 'total_loss': 0.28671693801879883, 'epoch': 5.584905660377358}
{'loss': 0.3101, 'grad_norm': 2.5046792030334473, 'learning_rate': 8.88679245283019e-06, 'lm_loss': 0.0, 'pchembl_loss': 0.36288923025131226, 'ranking_loss': 0.0, 'total_loss': 0.36191970109939575, 'epoch': 5.60377358490566}
{'loss': 0.3017, 'grad_norm': 1.6174612045288086, 'learning_rate': 8.883018867924529e-06, 'lm_loss': 0.0, 'pchembl_loss': 0.2799544036388397, 'ranking_loss': 0.0, 'total_loss': 0.2792040705680847, 'epoch': 5.622641509433962}
{'loss': 0.3094, 'grad_norm': 2.6269121170043945, 'learning_rate': 8.879245283018869e-06, 'lm_loss': 0.0, 'pchembl_loss': 0.3587473928928375, 'ranking_loss': 0.0, 'total_loss': 0.3577828109264374, 'epoch': 5.6415094339622645}
{'loss': 0.3098, 'grad_norm': 2.3408055305480957, 'learning_rate': 8.875471698113209e-06, 'lm_loss': 0.0, 'pchembl_loss': 0.30269527435302734, 'ranking_loss': 0.0, 'total_loss': 0.3018789291381836, 'epoch': 5.660377358490566}
{'loss': 0.302, 'grad_norm': 1.7191081047058105, 'learning_rate': 8.871698113207547e-06, 'lm_loss': 0.0, 'pchembl_loss': 0.2981380224227905, 'ranking_loss': 0.0, 'total_loss': 0.2973316013813019, 'epoch': 5.679245283018868}
{'loss': 0.3021, 'grad_norm': 2.000577926635742, 'learning_rate': 8.867924528301887e-06, 'lm_loss': 0.0, 'pchembl_loss': 0.22148379683494568, 'ranking_loss': 0.0, 'total_loss': 0.22088296711444855, 'epoch': 5.69811320754717}
{'loss': 0.3066, 'grad_norm': 3.6769025325775146, 'learning_rate': 8.864150943396227e-06, 'lm_loss': 0.0, 'pchembl_loss': 0.35598310828208923, 'ranking_loss': 0.0, 'total_loss': 0.3550146520137787, 'epoch': 5.716981132075472}
{'loss': 0.3085, 'grad_norm': 1.1914777755737305, 'learning_rate': 8.860377358490567e-06, 'lm_loss': 0.0, 'pchembl_loss': 0.25768038630485535, 'ranking_loss': 0.0, 'total_loss': 0.25697749853134155, 'epoch': 5.735849056603773}
{'loss': 0.3082, 'grad_norm': 2.147515296936035, 'learning_rate': 8.856603773584907e-06, 'lm_loss': 0.0, 'pchembl_loss': 0.39182624220848083, 'ranking_loss': 0.0, 'total_loss': 0.3907544016838074, 'epoch': 5.754716981132075}
{'loss': 0.3048, 'grad_norm': 2.331395387649536, 'learning_rate': 8.852830188679245e-06, 'lm_loss': 0.0, 'pchembl_loss': 0.30851253867149353, 'ranking_loss': 0.0, 'total_loss': 0.3076663017272949, 'epoch': 5.773584905660377}
{'loss': 0.3055, 'grad_norm': 0.8720771074295044, 'learning_rate': 8.849056603773587e-06, 'lm_loss': 0.0, 'pchembl_loss': 0.3788090944290161, 'ranking_loss': 0.0, 'total_loss': 0.3777672350406647, 'epoch': 5.7924528301886795}
{'loss': 0.3024, 'grad_norm': 2.3265185356140137, 'learning_rate': 8.845283018867925e-06, 'lm_loss': 0.0, 'pchembl_loss': 0.2607784867286682, 'ranking_loss': 0.0, 'total_loss': 0.2600592076778412, 'epoch': 5.811320754716981}
{'loss': 0.3082, 'grad_norm': 1.7880784273147583, 'learning_rate': 8.841509433962265e-06, 'lm_loss': 0.0, 'pchembl_loss': 0.2791842520236969, 'ranking_loss': 0.0, 'total_loss': 0.2784120738506317, 'epoch': 5.830188679245283}
{'loss': 0.305, 'grad_norm': 1.52547287940979, 'learning_rate': 8.837735849056605e-06, 'lm_loss': 0.0, 'pchembl_loss': 0.27037641406059265, 'ranking_loss': 0.0, 'total_loss': 0.26962652802467346, 'epoch': 5.849056603773585}
{'loss': 0.3022, 'grad_norm': 3.3049912452697754, 'learning_rate': 8.833962264150943e-06, 'lm_loss': 0.0, 'pchembl_loss': 0.3431546092033386, 'ranking_loss': 0.0, 'total_loss': 0.34220024943351746, 'epoch': 5.867924528301887}
{'loss': 0.3097, 'grad_norm': 4.493626117706299, 'learning_rate': 8.830188679245285e-06, 'lm_loss': 0.0, 'pchembl_loss': 0.30868664383888245, 'ranking_loss': 0.0, 'total_loss': 0.30782586336135864, 'epoch': 5.886792452830189}
{'loss': 0.3062, 'grad_norm': 3.637164831161499, 'learning_rate': 8.826415094339623e-06, 'lm_loss': 0.0, 'pchembl_loss': 0.24113942682743073, 'ranking_loss': 0.0, 'total_loss': 0.24046534299850464, 'epoch': 5.90566037735849}
{'loss': 0.3031, 'grad_norm': 0.5540512204170227, 'learning_rate': 8.822641509433963e-06, 'lm_loss': 0.0, 'pchembl_loss': 0.3069486916065216, 'ranking_loss': 0.0, 'total_loss': 0.3060886263847351, 'epoch': 5.9245283018867925}
{'loss': 0.3085, 'grad_norm': 4.183960437774658, 'learning_rate': 8.818867924528303e-06, 'lm_loss': 0.0, 'pchembl_loss': 0.3423338532447815, 'ranking_loss': 0.0, 'total_loss': 0.34137219190597534, 'epoch': 5.943396226415095}
{'loss': 0.3085, 'grad_norm': 3.652735471725464, 'learning_rate': 8.815094339622642e-06, 'lm_loss': 0.0, 'pchembl_loss': 0.23980998992919922, 'ranking_loss': 0.0, 'total_loss': 0.23913471400737762, 'epoch': 5.962264150943396}
{'loss': 0.3039, 'grad_norm': 3.1569807529449463, 'learning_rate': 8.811320754716982e-06, 'lm_loss': 0.0, 'pchembl_loss': 0.29247111082077026, 'ranking_loss': 0.0, 'total_loss': 0.2916456460952759, 'epoch': 5.981132075471698}
{'loss': 0.3021, 'grad_norm': 0.6757649779319763, 'learning_rate': 8.80754716981132e-06, 'lm_loss': 0.0, 'pchembl_loss': 0.22924797236919403, 'ranking_loss': 0.0, 'total_loss': 0.22859950363636017, 'epoch': 6.0}
{'eval_loss': 0.2959967255592346, 'eval_pchembl_norm_mse': 0.5548885464668274, 'eval_pchembl_norm_mae': 0.5440424084663391, 'eval_pchembl_norm_rmse': 0.7449083924293518, 'eval_pchembl_r2': 0.4349905252456665, 'eval_pchembl_count': 20000, 'eval_pchembl_norm_mean_pred': -0.14230439066886902, 'eval_pchembl_norm_std_pred': 0.672639012336731, 'eval_pchembl_norm_mean_true': -0.02121046371757984, 'eval_pchembl_norm_std_true': 0.9910030961036682, 'eval_pchembl_raw_mse': 1.0297356843948364, 'eval_pchembl_raw_mae': 0.741127073764801, 'eval_pchembl_raw_rmse': 1.0147589445114136, 'eval_pchembl_raw_pearson': 0.6708089936473195, 'eval_pchembl_raw_spearman': 0.6896056941085592, 'eval_runtime': 8.9185, 'eval_samples_per_second': 1180.801, 'eval_steps_per_second': 0.112, 'epoch': 6.0}
{'eval_lm_loss': 0.0, 'eval_pchembl_loss': 0.2964418356120586, 'eval_ranking_loss': 0.0, 'eval_total_loss': 0.29560127064585684, 'epoch': 6.0}
{'eval_evaluation_time_sec': 8.953591949073598, 'epoch': 6.0}
{'loss': 0.3089, 'grad_norm': 3.578845977783203, 'learning_rate': 8.803773584905662e-06, 'lm_loss': 0.0, 'pchembl_loss': 0.344940185546875, 'ranking_loss': 0.0, 'total_loss': 0.3439621031284332, 'epoch': 6.018867924528302}
{'loss': 0.3141, 'grad_norm': 5.775701522827148, 'learning_rate': 8.8e-06, 'lm_loss': 0.0, 'pchembl_loss': 0.27333691716194153, 'ranking_loss': 0.0, 'total_loss': 0.2725600600242615, 'epoch': 6.037735849056604}
{'loss': 0.3096, 'grad_norm': 4.313877582550049, 'learning_rate': 8.79622641509434e-06, 'lm_loss': 0.0, 'pchembl_loss': 0.3240576982498169, 'ranking_loss': 0.0, 'total_loss': 0.32313472032546997, 'epoch': 6.056603773584905}
{'loss': 0.3063, 'grad_norm': 1.4431105852127075, 'learning_rate': 8.79245283018868e-06, 'lm_loss': 0.0, 'pchembl_loss': 0.22117537260055542, 'ranking_loss': 0.0, 'total_loss': 0.22054412961006165, 'epoch': 6.0754716981132075}
{'loss': 0.2999, 'grad_norm': 3.1801624298095703, 'learning_rate': 8.78867924528302e-06, 'lm_loss': 0.0, 'pchembl_loss': 0.3364924192428589, 'ranking_loss': 0.0, 'total_loss': 0.33552998304367065, 'epoch': 6.09433962264151}
{'loss': 0.3137, 'grad_norm': 5.457024097442627, 'learning_rate': 8.78490566037736e-06, 'lm_loss': 0.0, 'pchembl_loss': 0.35523346066474915, 'ranking_loss': 0.0, 'total_loss': 0.3542152941226959, 'epoch': 6.113207547169812}
{'loss': 0.3079, 'grad_norm': 5.193383693695068, 'learning_rate': 8.781132075471698e-06, 'lm_loss': 0.0, 'pchembl_loss': 0.33459746837615967, 'ranking_loss': 0.0, 'total_loss': 0.3336365818977356, 'epoch': 6.132075471698113}
{'loss': 0.3032, 'grad_norm': 2.2041354179382324, 'learning_rate': 8.777358490566038e-06, 'lm_loss': 0.0, 'pchembl_loss': 0.2676525115966797, 'ranking_loss': 0.0, 'total_loss': 0.26688244938850403, 'epoch': 6.150943396226415}
{'loss': 0.3066, 'grad_norm': 1.683454990386963, 'learning_rate': 8.773584905660378e-06, 'lm_loss': 0.0, 'pchembl_loss': 0.3258327543735504, 'ranking_loss': 0.0, 'total_loss': 0.3248935639858246, 'epoch': 6.169811320754717}
{'loss': 0.3091, 'grad_norm': 3.280503273010254, 'learning_rate': 8.769811320754718e-06, 'lm_loss': 0.0, 'pchembl_loss': 0.3289734721183777, 'ranking_loss': 0.0, 'total_loss': 0.32802337408065796, 'epoch': 6.188679245283019}
{'loss': 0.3027, 'grad_norm': 2.645199775695801, 'learning_rate': 8.766037735849058e-06, 'lm_loss': 0.0, 'pchembl_loss': 0.31898361444473267, 'ranking_loss': 0.0, 'total_loss': 0.31806063652038574, 'epoch': 6.2075471698113205}
{'loss': 0.3008, 'grad_norm': 0.7244019508361816, 'learning_rate': 8.762264150943396e-06, 'lm_loss': 0.0, 'pchembl_loss': 0.3342105746269226, 'ranking_loss': 0.0, 'total_loss': 0.333241730928421, 'epoch': 6.226415094339623}
{'loss': 0.3048, 'grad_norm': 0.6919682025909424, 'learning_rate': 8.758490566037736e-06, 'lm_loss': 0.0, 'pchembl_loss': 0.3246312737464905, 'ranking_loss': 0.0, 'total_loss': 0.32368820905685425, 'epoch': 6.245283018867925}
{'loss': 0.2982, 'grad_norm': 0.9611411690711975, 'learning_rate': 8.754716981132076e-06, 'lm_loss': 0.0, 'pchembl_loss': 0.3394562602043152, 'ranking_loss': 0.0, 'total_loss': 0.3384678065776825, 'epoch': 6.264150943396227}
{'loss': 0.2932, 'grad_norm': 0.9694836139678955, 'learning_rate': 8.750943396226416e-06, 'lm_loss': 0.0, 'pchembl_loss': 0.2752993702888489, 'ranking_loss': 0.0, 'total_loss': 0.2744956910610199, 'epoch': 6.283018867924528}
{'loss': 0.2978, 'grad_norm': 1.2665530443191528, 'learning_rate': 8.747169811320756e-06, 'lm_loss': 0.0, 'pchembl_loss': 0.23537227511405945, 'ranking_loss': 0.0, 'total_loss': 0.2346833050251007, 'epoch': 6.30188679245283}
{'loss': 0.3016, 'grad_norm': 1.256431221961975, 'learning_rate': 8.743396226415096e-06, 'lm_loss': 0.0, 'pchembl_loss': 0.27376213669776917, 'ranking_loss': 0.0, 'total_loss': 0.2729586064815521, 'epoch': 6.320754716981132}
{'loss': 0.3001, 'grad_norm': 1.0712130069732666, 'learning_rate': 8.739622641509434e-06, 'lm_loss': 0.0, 'pchembl_loss': 0.3139593005180359, 'ranking_loss': 0.0, 'total_loss': 0.31303516030311584, 'epoch': 6.339622641509434}
{'loss': 0.2999, 'grad_norm': 1.0870845317840576, 'learning_rate': 8.735849056603774e-06, 'lm_loss': 0.0, 'pchembl_loss': 0.28792181611061096, 'ranking_loss': 0.0, 'total_loss': 0.2870718538761139, 'epoch': 6.3584905660377355}
{'loss': 0.2957, 'grad_norm': 1.8897267580032349, 'learning_rate': 8.732075471698114e-06, 'lm_loss': 0.0, 'pchembl_loss': 0.2525351941585541, 'ranking_loss': 0.0, 'total_loss': 0.2517874538898468, 'epoch': 6.377358490566038}
{'loss': 0.2976, 'grad_norm': 0.9385535717010498, 'learning_rate': 8.728301886792454e-06, 'lm_loss': 0.0, 'pchembl_loss': 0.30694109201431274, 'ranking_loss': 0.0, 'total_loss': 0.30602961778640747, 'epoch': 6.39622641509434}
{'loss': 0.3042, 'grad_norm': 0.5628848075866699, 'learning_rate': 8.724528301886794e-06, 'lm_loss': 0.0, 'pchembl_loss': 0.32175689935684204, 'ranking_loss': 0.0, 'total_loss': 0.32079851627349854, 'epoch': 6.415094339622642}
{'loss': 0.299, 'grad_norm': 0.9665059447288513, 'learning_rate': 8.720754716981132e-06, 'lm_loss': 0.0, 'pchembl_loss': 0.20010840892791748, 'ranking_loss': 0.0, 'total_loss': 0.19951049983501434, 'epoch': 6.433962264150943}
{'loss': 0.3002, 'grad_norm': 1.673754096031189, 'learning_rate': 8.716981132075473e-06, 'lm_loss': 0.0, 'pchembl_loss': 0.1937713772058487, 'ranking_loss': 0.0, 'total_loss': 0.1931905299425125, 'epoch': 6.452830188679245}
{'loss': 0.3028, 'grad_norm': 2.719717502593994, 'learning_rate': 8.713207547169812e-06, 'lm_loss': 0.0, 'pchembl_loss': 0.38271352648735046, 'ranking_loss': 0.0, 'total_loss': 0.3815626800060272, 'epoch': 6.471698113207547}
{'loss': 0.2981, 'grad_norm': 0.5856576561927795, 'learning_rate': 8.709433962264152e-06, 'lm_loss': 0.0, 'pchembl_loss': 0.28049421310424805, 'ranking_loss': 0.0, 'total_loss': 0.27964821457862854, 'epoch': 6.490566037735849}
{'loss': 0.304, 'grad_norm': 2.87697696685791, 'learning_rate': 8.705660377358492e-06, 'lm_loss': 0.0, 'pchembl_loss': 0.35369300842285156, 'ranking_loss': 0.0, 'total_loss': 0.35262295603752136, 'epoch': 6.509433962264151}
{'loss': 0.2991, 'grad_norm': 2.7246499061584473, 'learning_rate': 8.70188679245283e-06, 'lm_loss': 0.0, 'pchembl_loss': 0.28465673327445984, 'ranking_loss': 0.0, 'total_loss': 0.28379303216934204, 'epoch': 6.528301886792453}
{'loss': 0.2965, 'grad_norm': 0.983057975769043, 'learning_rate': 8.698113207547171e-06, 'lm_loss': 0.0, 'pchembl_loss': 0.2595949172973633, 'ranking_loss': 0.0, 'total_loss': 0.2588050663471222, 'epoch': 6.547169811320755}
{'loss': 0.2975, 'grad_norm': 3.1381895542144775, 'learning_rate': 8.69433962264151e-06, 'lm_loss': 0.0, 'pchembl_loss': 0.33110687136650085, 'ranking_loss': 0.0, 'total_loss': 0.3300965428352356, 'epoch': 6.566037735849057}
{'loss': 0.3065, 'grad_norm': 4.190425872802734, 'learning_rate': 8.69056603773585e-06, 'lm_loss': 0.0, 'pchembl_loss': 0.38937726616859436, 'ranking_loss': 0.0, 'total_loss': 0.38818585872650146, 'epoch': 6.584905660377358}
{'loss': 0.3008, 'grad_norm': 2.7509570121765137, 'learning_rate': 8.68679245283019e-06, 'lm_loss': 0.0, 'pchembl_loss': 0.3531590700149536, 'ranking_loss': 0.0, 'total_loss': 0.3520757257938385, 'epoch': 6.60377358490566}
{'loss': 0.3026, 'grad_norm': 0.8687803149223328, 'learning_rate': 8.68301886792453e-06, 'lm_loss': 0.0, 'pchembl_loss': 0.34928619861602783, 'ranking_loss': 0.0, 'total_loss': 0.3482121229171753, 'epoch': 6.622641509433962}
{'loss': 0.3018, 'grad_norm': 4.293079376220703, 'learning_rate': 8.67924528301887e-06, 'lm_loss': 0.0, 'pchembl_loss': 0.29046064615249634, 'ranking_loss': 0.0, 'total_loss': 0.28956514596939087, 'epoch': 6.6415094339622645}
{'loss': 0.3092, 'grad_norm': 5.670414447784424, 'learning_rate': 8.675471698113207e-06, 'lm_loss': 0.0, 'pchembl_loss': 0.3559805154800415, 'ranking_loss': 0.0, 'total_loss': 0.35488033294677734, 'epoch': 6.660377358490566}
{'loss': 0.3041, 'grad_norm': 4.07405424118042, 'learning_rate': 8.671698113207549e-06, 'lm_loss': 0.0, 'pchembl_loss': 0.348432719707489, 'ranking_loss': 0.0, 'total_loss': 0.34735342860221863, 'epoch': 6.679245283018868}
{'loss': 0.2996, 'grad_norm': 1.0136476755142212, 'learning_rate': 8.667924528301887e-06, 'lm_loss': 0.0, 'pchembl_loss': 0.249068483710289, 'ranking_loss': 0.0, 'total_loss': 0.24829533696174622, 'epoch': 6.69811320754717}
{'loss': 0.2995, 'grad_norm': 2.653662919998169, 'learning_rate': 8.664150943396227e-06, 'lm_loss': 0.0, 'pchembl_loss': 0.2192324548959732, 'ranking_loss': 0.0, 'total_loss': 0.21855035424232483, 'epoch': 6.716981132075472}
{'loss': 0.3022, 'grad_norm': 3.86063289642334, 'learning_rate': 8.660377358490567e-06, 'lm_loss': 0.0, 'pchembl_loss': 0.34686529636383057, 'ranking_loss': 0.0, 'total_loss': 0.34578368067741394, 'epoch': 6.735849056603773}
{'loss': 0.3045, 'grad_norm': 3.619145393371582, 'learning_rate': 8.656603773584907e-06, 'lm_loss': 0.0, 'pchembl_loss': 0.2740781903266907, 'ranking_loss': 0.0, 'total_loss': 0.2732217609882355, 'epoch': 6.754716981132075}
{'loss': 0.2999, 'grad_norm': 1.1311413049697876, 'learning_rate': 8.652830188679247e-06, 'lm_loss': 0.0, 'pchembl_loss': 0.2763121724128723, 'ranking_loss': 0.0, 'total_loss': 0.2754470407962799, 'epoch': 6.773584905660377}
{'loss': 0.2982, 'grad_norm': 2.450125217437744, 'learning_rate': 8.649056603773585e-06, 'lm_loss': 0.0, 'pchembl_loss': 0.23252150416374207, 'ranking_loss': 0.0, 'total_loss': 0.2317918986082077, 'epoch': 6.7924528301886795}
{'loss': 0.3026, 'grad_norm': 4.235620975494385, 'learning_rate': 8.645283018867925e-06, 'lm_loss': 0.0, 'pchembl_loss': 0.30088722705841064, 'ranking_loss': 0.0, 'total_loss': 0.29994112253189087, 'epoch': 6.811320754716981}
{'loss': 0.2979, 'grad_norm': 4.225423812866211, 'learning_rate': 8.641509433962265e-06, 'lm_loss': 0.0, 'pchembl_loss': 0.3076779544353485, 'ranking_loss': 0.0, 'total_loss': 0.30670857429504395, 'epoch': 6.830188679245283}
{'loss': 0.2975, 'grad_norm': 1.2607914209365845, 'learning_rate': 8.637735849056605e-06, 'lm_loss': 0.0, 'pchembl_loss': 0.3283272981643677, 'ranking_loss': 0.0, 'total_loss': 0.32729092240333557, 'epoch': 6.849056603773585}
{'loss': 0.2994, 'grad_norm': 3.346062660217285, 'learning_rate': 8.633962264150945e-06, 'lm_loss': 0.0, 'pchembl_loss': 0.37655794620513916, 'ranking_loss': 0.0, 'total_loss': 0.3753669559955597, 'epoch': 6.867924528301887}
{'loss': 0.3003, 'grad_norm': 4.611371994018555, 'learning_rate': 8.630188679245283e-06, 'lm_loss': 0.0, 'pchembl_loss': 0.23769061267375946, 'ranking_loss': 0.0, 'total_loss': 0.23693738877773285, 'epoch': 6.886792452830189}
{'loss': 0.3024, 'grad_norm': 4.361651420593262, 'learning_rate': 8.626415094339623e-06, 'lm_loss': 0.0, 'pchembl_loss': 0.2678152620792389, 'ranking_loss': 0.0, 'total_loss': 0.26696503162384033, 'epoch': 6.90566037735849}
{'loss': 0.2965, 'grad_norm': 2.2699496746063232, 'learning_rate': 8.622641509433963e-06, 'lm_loss': 0.0, 'pchembl_loss': 0.2957160472869873, 'ranking_loss': 0.0, 'total_loss': 0.2947756350040436, 'epoch': 6.9245283018867925}
{'loss': 0.2962, 'grad_norm': 2.3531899452209473, 'learning_rate': 8.618867924528303e-06, 'lm_loss': 0.0, 'pchembl_loss': 0.24426549673080444, 'ranking_loss': 0.0, 'total_loss': 0.24348735809326172, 'epoch': 6.943396226415095}
{'loss': 0.3021, 'grad_norm': 4.150432586669922, 'learning_rate': 8.615094339622643e-06, 'lm_loss': 0.0, 'pchembl_loss': 0.3025645613670349, 'ranking_loss': 0.0, 'total_loss': 0.30159905552864075, 'epoch': 6.962264150943396}
{'loss': 0.3025, 'grad_norm': 3.5656912326812744, 'learning_rate': 8.611320754716983e-06, 'lm_loss': 0.0, 'pchembl_loss': 0.31911295652389526, 'ranking_loss': 0.0, 'total_loss': 0.318092942237854, 'epoch': 6.981132075471698}
{'loss': 0.2987, 'grad_norm': 1.6482312679290771, 'learning_rate': 8.60754716981132e-06, 'lm_loss': 0.0, 'pchembl_loss': 0.2795209586620331, 'ranking_loss': 0.0, 'total_loss': 0.27862608432769775, 'epoch': 7.0}
{'eval_loss': 0.2879795730113983, 'eval_pchembl_norm_mse': 0.5346439480781555, 'eval_pchembl_norm_mae': 0.536097526550293, 'eval_pchembl_norm_rmse': 0.731193482875824, 'eval_pchembl_r2': 0.4556044340133667, 'eval_pchembl_count': 20000, 'eval_pchembl_norm_mean_pred': -0.09530144929885864, 'eval_pchembl_norm_std_pred': 0.6922479271888733, 'eval_pchembl_norm_mean_true': -0.02121046371757984, 'eval_pchembl_norm_std_true': 0.9910030961036682, 'eval_pchembl_raw_mse': 0.9921665787696838, 'eval_pchembl_raw_mae': 0.7303041219711304, 'eval_pchembl_raw_rmse': 0.9960755705833435, 'eval_pchembl_raw_pearson': 0.6793826231577105, 'eval_pchembl_raw_spearman': 0.6970281056534327, 'eval_runtime': 8.9258, 'eval_samples_per_second': 1179.841, 'eval_steps_per_second': 0.112, 'epoch': 7.0}
{'eval_lm_loss': 0.0, 'eval_pchembl_loss': 0.2885194983333349, 'eval_ranking_loss': 0.0, 'eval_total_loss': 0.28759427726268766, 'epoch': 7.0}
{'eval_evaluation_time_sec': 8.976607311982661, 'epoch': 7.0}
{'loss': 0.2939, 'grad_norm': 2.0728759765625, 'learning_rate': 8.60377358490566e-06, 'lm_loss': 0.0, 'pchembl_loss': 0.31117576360702515, 'ranking_loss': 0.0, 'total_loss': 0.31017789244651794, 'epoch': 7.018867924528302}
{'loss': 0.2941, 'grad_norm': 3.9396698474884033, 'learning_rate': 8.6e-06, 'lm_loss': 0.0, 'pchembl_loss': 0.27973267436027527, 'ranking_loss': 0.0, 'total_loss': 0.27883410453796387, 'epoch': 7.037735849056604}
{'loss': 0.2973, 'grad_norm': 3.1263155937194824, 'learning_rate': 8.59622641509434e-06, 'lm_loss': 0.0, 'pchembl_loss': 0.29970887303352356, 'ranking_loss': 0.0, 'total_loss': 0.2987445890903473, 'epoch': 7.056603773584905}
{'loss': 0.298, 'grad_norm': 1.1370742321014404, 'learning_rate': 8.59245283018868e-06, 'lm_loss': 0.0, 'pchembl_loss': 0.39273351430892944, 'ranking_loss': 0.0, 'total_loss': 0.39146795868873596, 'epoch': 7.0754716981132075}
{'loss': 0.3025, 'grad_norm': 4.131417274475098, 'learning_rate': 8.588679245283019e-06, 'lm_loss': 0.0, 'pchembl_loss': 0.30197054147720337, 'ranking_loss': 0.0, 'total_loss': 0.30099573731422424, 'epoch': 7.09433962264151}
{'loss': 0.3091, 'grad_norm': 5.117005348205566, 'learning_rate': 8.58490566037736e-06, 'lm_loss': 0.0, 'pchembl_loss': 0.25320807099342346, 'ranking_loss': 0.0, 'total_loss': 0.2523893117904663, 'epoch': 7.113207547169812}
{'loss': 0.304, 'grad_norm': 4.470336437225342, 'learning_rate': 8.581132075471699e-06, 'lm_loss': 0.0, 'pchembl_loss': 0.30630531907081604, 'ranking_loss': 0.0, 'total_loss': 0.3053132891654968, 'epoch': 7.132075471698113}
{'loss': 0.2945, 'grad_norm': 1.634183645248413, 'learning_rate': 8.577358490566038e-06, 'lm_loss': 0.0, 'pchembl_loss': 0.2856110632419586, 'ranking_loss': 0.0, 'total_loss': 0.2846846580505371, 'epoch': 7.150943396226415}
{'loss': 0.3007, 'grad_norm': 2.2179386615753174, 'learning_rate': 8.573584905660378e-06, 'lm_loss': 0.0, 'pchembl_loss': 0.30236148834228516, 'ranking_loss': 0.0, 'total_loss': 0.30137917399406433, 'epoch': 7.169811320754717}
{'loss': 0.3001, 'grad_norm': 3.3070664405822754, 'learning_rate': 8.569811320754717e-06, 'lm_loss': 0.0, 'pchembl_loss': 0.2885374426841736, 'ranking_loss': 0.0, 'total_loss': 0.28759852051734924, 'epoch': 7.188679245283019}
{'loss': 0.3035, 'grad_norm': 3.227691888809204, 'learning_rate': 8.566037735849058e-06, 'lm_loss': 0.0, 'pchembl_loss': 0.3807680904865265, 'ranking_loss': 0.0, 'total_loss': 0.37952709197998047, 'epoch': 7.2075471698113205}
{'loss': 0.2936, 'grad_norm': 2.3126275539398193, 'learning_rate': 8.562264150943396e-06, 'lm_loss': 0.0, 'pchembl_loss': 0.21864183247089386, 'ranking_loss': 0.0, 'total_loss': 0.21792814135551453, 'epoch': 7.226415094339623}
{'loss': 0.2971, 'grad_norm': 2.1705574989318848, 'learning_rate': 8.558490566037736e-06, 'lm_loss': 0.0, 'pchembl_loss': 0.2810725271701813, 'ranking_loss': 0.0, 'total_loss': 0.28015363216400146, 'epoch': 7.245283018867925}
{'loss': 0.3019, 'grad_norm': 4.1816325187683105, 'learning_rate': 8.554716981132076e-06, 'lm_loss': 0.0, 'pchembl_loss': 0.2630700170993805, 'ranking_loss': 0.0, 'total_loss': 0.26220861077308655, 'epoch': 7.264150943396227}
{'loss': 0.2972, 'grad_norm': 2.7320642471313477, 'learning_rate': 8.550943396226416e-06, 'lm_loss': 0.0, 'pchembl_loss': 0.3472409248352051, 'ranking_loss': 0.0, 'total_loss': 0.34610220789909363, 'epoch': 7.283018867924528}
{'loss': 0.2968, 'grad_norm': 1.0719407796859741, 'learning_rate': 8.547169811320756e-06, 'lm_loss': 0.0, 'pchembl_loss': 0.3401276469230652, 'ranking_loss': 0.0, 'total_loss': 0.3390105962753296, 'epoch': 7.30188679245283}
{'loss': 0.299, 'grad_norm': 2.213663101196289, 'learning_rate': 8.543396226415094e-06, 'lm_loss': 0.0, 'pchembl_loss': 0.3193259835243225, 'ranking_loss': 0.0, 'total_loss': 0.31827545166015625, 'epoch': 7.320754716981132}
{'loss': 0.3059, 'grad_norm': 4.3552398681640625, 'learning_rate': 8.539622641509436e-06, 'lm_loss': 0.0, 'pchembl_loss': 0.24053756892681122, 'ranking_loss': 0.0, 'total_loss': 0.2397449016571045, 'epoch': 7.339622641509434}
{'loss': 0.3031, 'grad_norm': 4.443737506866455, 'learning_rate': 8.535849056603774e-06, 'lm_loss': 0.0, 'pchembl_loss': 0.23348142206668854, 'ranking_loss': 0.0, 'total_loss': 0.23271074891090393, 'epoch': 7.3584905660377355}
{'loss': 0.2934, 'grad_norm': 1.8370063304901123, 'learning_rate': 8.532075471698114e-06, 'lm_loss': 0.0, 'pchembl_loss': 0.32606956362724304, 'ranking_loss': 0.0, 'total_loss': 0.3249916136264801, 'epoch': 7.377358490566038}
{'loss': 0.2915, 'grad_norm': 2.7146995067596436, 'learning_rate': 8.528301886792454e-06, 'lm_loss': 0.0, 'pchembl_loss': 0.22593452036380768, 'ranking_loss': 0.0, 'total_loss': 0.22518640756607056, 'epoch': 7.39622641509434}
{'loss': 0.302, 'grad_norm': 4.236940383911133, 'learning_rate': 8.524528301886794e-06, 'lm_loss': 0.0, 'pchembl_loss': 0.27295950055122375, 'ranking_loss': 0.0, 'total_loss': 0.2720542550086975, 'epoch': 7.415094339622642}
{'loss': 0.2996, 'grad_norm': 3.7769579887390137, 'learning_rate': 8.520754716981134e-06, 'lm_loss': 0.0, 'pchembl_loss': 0.27852487564086914, 'ranking_loss': 0.0, 'total_loss': 0.2775997519493103, 'epoch': 7.433962264150943}
{'loss': 0.2956, 'grad_norm': 1.8919631242752075, 'learning_rate': 8.516981132075472e-06, 'lm_loss': 0.0, 'pchembl_loss': 0.32880866527557373, 'ranking_loss': 0.0, 'total_loss': 0.3277149498462677, 'epoch': 7.452830188679245}
{'loss': 0.2966, 'grad_norm': 2.267854928970337, 'learning_rate': 8.513207547169812e-06, 'lm_loss': 0.0, 'pchembl_loss': 0.2951655387878418, 'ranking_loss': 0.0, 'total_loss': 0.2941822409629822, 'epoch': 7.471698113207547}
{'loss': 0.3014, 'grad_norm': 3.9418649673461914, 'learning_rate': 8.509433962264152e-06, 'lm_loss': 0.0, 'pchembl_loss': 0.31642383337020874, 'ranking_loss': 0.0, 'total_loss': 0.31536808609962463, 'epoch': 7.490566037735849}
{'loss': 0.3007, 'grad_norm': 3.5632004737854004, 'learning_rate': 8.505660377358492e-06, 'lm_loss': 0.0, 'pchembl_loss': 0.3110162615776062, 'ranking_loss': 0.0, 'total_loss': 0.3099770247936249, 'epoch': 7.509433962264151}
{'loss': 0.2969, 'grad_norm': 1.0850228071212769, 'learning_rate': 8.501886792452832e-06, 'lm_loss': 0.0, 'pchembl_loss': 0.24171704053878784, 'ranking_loss': 0.0, 'total_loss': 0.2409081906080246, 'epoch': 7.528301886792453}
{'loss': 0.2968, 'grad_norm': 2.960118293762207, 'learning_rate': 8.49811320754717e-06, 'lm_loss': 0.0, 'pchembl_loss': 0.27885743975639343, 'ranking_loss': 0.0, 'total_loss': 0.27792277932167053, 'epoch': 7.547169811320755}
{'loss': 0.2926, 'grad_norm': 4.297927379608154, 'learning_rate': 8.49433962264151e-06, 'lm_loss': 0.0, 'pchembl_loss': 0.23028600215911865, 'ranking_loss': 0.0, 'total_loss': 0.22951290011405945, 'epoch': 7.566037735849057}
{'loss': 0.2972, 'grad_norm': 3.5225679874420166, 'learning_rate': 8.49056603773585e-06, 'lm_loss': 0.0, 'pchembl_loss': 0.2575474977493286, 'ranking_loss': 0.0, 'total_loss': 0.25668156147003174, 'epoch': 7.584905660377358}
{'loss': 0.294, 'grad_norm': 0.7351770997047424, 'learning_rate': 8.48679245283019e-06, 'lm_loss': 0.0, 'pchembl_loss': 0.3086269795894623, 'ranking_loss': 0.0, 'total_loss': 0.30758774280548096, 'epoch': 7.60377358490566}
{'loss': 0.2997, 'grad_norm': 2.150502920150757, 'learning_rate': 8.483018867924528e-06, 'lm_loss': 0.0, 'pchembl_loss': 0.47350752353668213, 'ranking_loss': 0.0, 'total_loss': 0.47191038727760315, 'epoch': 7.622641509433962}
{'loss': 0.295, 'grad_norm': 3.319385051727295, 'learning_rate': 8.47924528301887e-06, 'lm_loss': 0.0, 'pchembl_loss': 0.352475643157959, 'ranking_loss': 0.0, 'total_loss': 0.3512847125530243, 'epoch': 7.6415094339622645}
{'loss': 0.2892, 'grad_norm': 2.476151466369629, 'learning_rate': 8.475471698113208e-06, 'lm_loss': 0.0, 'pchembl_loss': 0.2902436852455139, 'ranking_loss': 0.0, 'total_loss': 0.28926143050193787, 'epoch': 7.660377358490566}
{'loss': 0.2956, 'grad_norm': 0.5009972453117371, 'learning_rate': 8.471698113207548e-06, 'lm_loss': 0.0, 'pchembl_loss': 0.21553295850753784, 'ranking_loss': 0.0, 'total_loss': 0.2148023396730423, 'epoch': 7.679245283018868}
{'loss': 0.2959, 'grad_norm': 2.542423725128174, 'learning_rate': 8.467924528301888e-06, 'lm_loss': 0.0, 'pchembl_loss': 0.28816959261894226, 'ranking_loss': 0.0, 'total_loss': 0.2871909439563751, 'epoch': 7.69811320754717}
{'loss': 0.2947, 'grad_norm': 3.1893086433410645, 'learning_rate': 8.464150943396226e-06, 'lm_loss': 0.0, 'pchembl_loss': 0.3108045756816864, 'ranking_loss': 0.0, 'total_loss': 0.30974718928337097, 'epoch': 7.716981132075472}
{'loss': 0.291, 'grad_norm': 2.3096401691436768, 'learning_rate': 8.460377358490567e-06, 'lm_loss': 0.0, 'pchembl_loss': 0.24651476740837097, 'ranking_loss': 0.0, 'total_loss': 0.24567463994026184, 'epoch': 7.735849056603773}
{'loss': 0.2987, 'grad_norm': 1.2682433128356934, 'learning_rate': 8.456603773584906e-06, 'lm_loss': 0.0, 'pchembl_loss': 0.3028123378753662, 'ranking_loss': 0.0, 'total_loss': 0.3017785847187042, 'epoch': 7.754716981132075}
{'loss': 0.2922, 'grad_norm': 1.6893633604049683, 'learning_rate': 8.452830188679245e-06, 'lm_loss': 0.0, 'pchembl_loss': 0.3167923390865326, 'ranking_loss': 0.0, 'total_loss': 0.31570887565612793, 'epoch': 7.773584905660377}
{'loss': 0.2942, 'grad_norm': 1.473581314086914, 'learning_rate': 8.449056603773585e-06, 'lm_loss': 0.0, 'pchembl_loss': 0.2530975043773651, 'ranking_loss': 0.0, 'total_loss': 0.2522302567958832, 'epoch': 7.7924528301886795}
{'loss': 0.2933, 'grad_norm': 1.6190649271011353, 'learning_rate': 8.445283018867925e-06, 'lm_loss': 0.0, 'pchembl_loss': 0.25611281394958496, 'ranking_loss': 0.0, 'total_loss': 0.2552335560321808, 'epoch': 7.811320754716981}
{'loss': 0.2927, 'grad_norm': 1.7500839233398438, 'learning_rate': 8.441509433962265e-06, 'lm_loss': 0.0, 'pchembl_loss': 0.3032810688018799, 'ranking_loss': 0.0, 'total_loss': 0.302237868309021, 'epoch': 7.830188679245283}
{'loss': 0.2905, 'grad_norm': 1.4907060861587524, 'learning_rate': 8.437735849056603e-06, 'lm_loss': 0.0, 'pchembl_loss': 0.2344147115945816, 'ranking_loss': 0.0, 'total_loss': 0.23360681533813477, 'epoch': 7.849056603773585}
{'loss': 0.2949, 'grad_norm': 1.6405889987945557, 'learning_rate': 8.433962264150945e-06, 'lm_loss': 0.0, 'pchembl_loss': 0.33834946155548096, 'ranking_loss': 0.0, 'total_loss': 0.3371810019016266, 'epoch': 7.867924528301887}
{'loss': 0.3025, 'grad_norm': 3.099933385848999, 'learning_rate': 8.430188679245283e-06, 'lm_loss': 0.0, 'pchembl_loss': 0.2680726647377014, 'ranking_loss': 0.0, 'total_loss': 0.267145037651062, 'epoch': 7.886792452830189}
{'loss': 0.2933, 'grad_norm': 1.972596287727356, 'learning_rate': 8.426415094339623e-06, 'lm_loss': 0.0, 'pchembl_loss': 0.293692022562027, 'ranking_loss': 0.0, 'total_loss': 0.292673796415329, 'epoch': 7.90566037735849}
{'loss': 0.2929, 'grad_norm': 0.9681165814399719, 'learning_rate': 8.422641509433963e-06, 'lm_loss': 0.0, 'pchembl_loss': 0.284336656332016, 'ranking_loss': 0.0, 'total_loss': 0.283348947763443, 'epoch': 7.9245283018867925}
{'loss': 0.2883, 'grad_norm': 1.7786154747009277, 'learning_rate': 8.418867924528303e-06, 'lm_loss': 0.0, 'pchembl_loss': 0.2775048017501831, 'ranking_loss': 0.0, 'total_loss': 0.27653881907463074, 'epoch': 7.943396226415095}
{'loss': 0.2924, 'grad_norm': 0.7768366932868958, 'learning_rate': 8.415094339622643e-06, 'lm_loss': 0.0, 'pchembl_loss': 0.26584699749946594, 'ranking_loss': 0.0, 'total_loss': 0.2649196982383728, 'epoch': 7.962264150943396}
{'loss': 0.2853, 'grad_norm': 1.0474343299865723, 'learning_rate': 8.411320754716981e-06, 'lm_loss': 0.0, 'pchembl_loss': 0.29039591550827026, 'ranking_loss': 0.0, 'total_loss': 0.2893807590007782, 'epoch': 7.981132075471698}
{'loss': 0.2898, 'grad_norm': 1.14613938331604, 'learning_rate': 8.407547169811321e-06, 'lm_loss': 0.0, 'pchembl_loss': 0.3049751818180084, 'ranking_loss': 0.0, 'total_loss': 0.30390655994415283, 'epoch': 8.0}
{'eval_loss': 0.2838234007358551, 'eval_pchembl_norm_mse': 0.5215740203857422, 'eval_pchembl_norm_mae': 0.5340691208839417, 'eval_pchembl_norm_rmse': 0.7222008109092712, 'eval_pchembl_r2': 0.4689127206802368, 'eval_pchembl_count': 20000, 'eval_pchembl_norm_mean_pred': -0.0287348423153162, 'eval_pchembl_norm_std_pred': 0.721543550491333, 'eval_pchembl_norm_mean_true': -0.02121046371757984, 'eval_pchembl_norm_std_true': 0.9910030961036682, 'eval_pchembl_raw_mse': 0.9679121375083923, 'eval_pchembl_raw_mae': 0.7275409698486328, 'eval_pchembl_raw_rmse': 0.9838252663612366, 'eval_pchembl_raw_pearson': 0.6861004337914258, 'eval_pchembl_raw_spearman': 0.7022132553790603, 'eval_runtime': 8.9648, 'eval_samples_per_second': 1174.709, 'eval_steps_per_second': 0.112, 'epoch': 8.0}
{'eval_lm_loss': 0.0, 'eval_pchembl_loss': 0.2844469606131315, 'eval_ranking_loss': 0.0, 'eval_total_loss': 0.2834479086101055, 'epoch': 8.0}
{'eval_evaluation_time_sec': 9.009103283053264, 'epoch': 8.0}
{'loss': 0.2865, 'grad_norm': 1.146052360534668, 'learning_rate': 8.403773584905661e-06, 'lm_loss': 0.0, 'pchembl_loss': 0.33023110032081604, 'ranking_loss': 0.0, 'total_loss': 0.3290712535381317, 'epoch': 8.018867924528301}
{'loss': 0.2893, 'grad_norm': 0.6280668377876282, 'learning_rate': 8.400000000000001e-06, 'lm_loss': 0.0, 'pchembl_loss': 0.3031306564807892, 'ranking_loss': 0.0, 'total_loss': 0.3020634055137634, 'epoch': 8.037735849056604}
{'loss': 0.2931, 'grad_norm': 0.5669023990631104, 'learning_rate': 8.39622641509434e-06, 'lm_loss': 0.0, 'pchembl_loss': 0.32894468307495117, 'ranking_loss': 0.0, 'total_loss': 0.32778361439704895, 'epoch': 8.056603773584905}
{'loss': 0.2893, 'grad_norm': 1.2916655540466309, 'learning_rate': 8.392452830188679e-06, 'lm_loss': 0.0, 'pchembl_loss': 0.3647807538509369, 'ranking_loss': 0.0, 'total_loss': 0.3634898364543915, 'epoch': 8.075471698113208}
{'loss': 0.2933, 'grad_norm': 0.5412720441818237, 'learning_rate': 8.388679245283019e-06, 'lm_loss': 0.0, 'pchembl_loss': 0.34136340022087097, 'ranking_loss': 0.0, 'total_loss': 0.34015220403671265, 'epoch': 8.09433962264151}
{'loss': 0.2928, 'grad_norm': 0.467191219329834, 'learning_rate': 8.384905660377359e-06, 'lm_loss': 0.0, 'pchembl_loss': 0.2901725769042969, 'ranking_loss': 0.0, 'total_loss': 0.2891402244567871, 'epoch': 8.11320754716981}
{'loss': 0.2904, 'grad_norm': 0.7252292633056641, 'learning_rate': 8.381132075471699e-06, 'lm_loss': 0.0, 'pchembl_loss': 0.28059080243110657, 'ranking_loss': 0.0, 'total_loss': 0.27958980202674866, 'epoch': 8.132075471698114}
{'loss': 0.2986, 'grad_norm': 1.5378481149673462, 'learning_rate': 8.377358490566039e-06, 'lm_loss': 0.0, 'pchembl_loss': 0.3636500835418701, 'ranking_loss': 0.0, 'total_loss': 0.36234912276268005, 'epoch': 8.150943396226415}
{'loss': 0.29, 'grad_norm': 1.6490224599838257, 'learning_rate': 8.373584905660379e-06, 'lm_loss': 0.0, 'pchembl_loss': 0.2225704938173294, 'ranking_loss': 0.0, 'total_loss': 0.22177205979824066, 'epoch': 8.169811320754716}
{'loss': 0.2943, 'grad_norm': 0.4446893036365509, 'learning_rate': 8.369811320754717e-06, 'lm_loss': 0.0, 'pchembl_loss': 0.3410203754901886, 'ranking_loss': 0.0, 'total_loss': 0.33979377150535583, 'epoch': 8.18867924528302}
{'loss': 0.292, 'grad_norm': 0.9819430708885193, 'learning_rate': 8.366037735849057e-06, 'lm_loss': 0.0, 'pchembl_loss': 0.3475753962993622, 'ranking_loss': 0.0, 'total_loss': 0.34632179141044617, 'epoch': 8.20754716981132}
{'loss': 0.2861, 'grad_norm': 0.7847256064414978, 'learning_rate': 8.362264150943397e-06, 'lm_loss': 0.0, 'pchembl_loss': 0.2657707631587982, 'ranking_loss': 0.0, 'total_loss': 0.2648095488548279, 'epoch': 8.226415094339623}
{'loss': 0.2891, 'grad_norm': 0.6005516052246094, 'learning_rate': 8.358490566037737e-06, 'lm_loss': 0.0, 'pchembl_loss': 0.3003658652305603, 'ranking_loss': 0.0, 'total_loss': 0.2992764413356781, 'epoch': 8.245283018867925}
{'loss': 0.2886, 'grad_norm': 0.4260941743850708, 'learning_rate': 8.354716981132076e-06, 'lm_loss': 0.0, 'pchembl_loss': 0.1850462704896927, 'ranking_loss': 0.0, 'total_loss': 0.18437319993972778, 'epoch': 8.264150943396226}
{'loss': 0.2913, 'grad_norm': 0.5617986917495728, 'learning_rate': 8.350943396226415e-06, 'lm_loss': 0.0, 'pchembl_loss': 0.3323885202407837, 'ranking_loss': 0.0, 'total_loss': 0.3311760425567627, 'epoch': 8.283018867924529}
{'loss': 0.2879, 'grad_norm': 1.3279731273651123, 'learning_rate': 8.347169811320756e-06, 'lm_loss': 0.0, 'pchembl_loss': 0.2455253154039383, 'ranking_loss': 0.0, 'total_loss': 0.24462707340717316, 'epoch': 8.30188679245283}
{'loss': 0.2948, 'grad_norm': 0.7964184880256653, 'learning_rate': 8.343396226415095e-06, 'lm_loss': 0.0, 'pchembl_loss': 0.29878881573677063, 'ranking_loss': 0.0, 'total_loss': 0.29769256711006165, 'epoch': 8.320754716981131}
{'loss': 0.2898, 'grad_norm': 1.9012906551361084, 'learning_rate': 8.339622641509434e-06, 'lm_loss': 0.0, 'pchembl_loss': 0.31021857261657715, 'ranking_loss': 0.0, 'total_loss': 0.30907711386680603, 'epoch': 8.339622641509434}
{'loss': 0.296, 'grad_norm': 2.3141565322875977, 'learning_rate': 8.335849056603774e-06, 'lm_loss': 0.0, 'pchembl_loss': 0.3198443651199341, 'ranking_loss': 0.0, 'total_loss': 0.31866422295570374, 'epoch': 8.358490566037736}
{'loss': 0.291, 'grad_norm': 0.8048840761184692, 'learning_rate': 8.332075471698113e-06, 'lm_loss': 0.0, 'pchembl_loss': 0.3178630471229553, 'ranking_loss': 0.0, 'total_loss': 0.31668710708618164, 'epoch': 8.377358490566039}
{'loss': 0.2909, 'grad_norm': 3.2154767513275146, 'learning_rate': 8.328301886792454e-06, 'lm_loss': 0.0, 'pchembl_loss': 0.24785441160202026, 'ranking_loss': 0.0, 'total_loss': 0.24693502485752106, 'epoch': 8.39622641509434}
{'loss': 0.2957, 'grad_norm': 3.9109790325164795, 'learning_rate': 8.324528301886792e-06, 'lm_loss': 0.0, 'pchembl_loss': 0.20474307239055634, 'ranking_loss': 0.0, 'total_loss': 0.2039816975593567, 'epoch': 8.415094339622641}
{'loss': 0.2933, 'grad_norm': 2.7603049278259277, 'learning_rate': 8.320754716981132e-06, 'lm_loss': 0.0, 'pchembl_loss': 0.3679261803627014, 'ranking_loss': 0.0, 'total_loss': 0.36655476689338684, 'epoch': 8.433962264150944}
{'loss': 0.2861, 'grad_norm': 0.6263642311096191, 'learning_rate': 8.316981132075472e-06, 'lm_loss': 0.0, 'pchembl_loss': 0.3419119715690613, 'ranking_loss': 0.0, 'total_loss': 0.34063470363616943, 'epoch': 8.452830188679245}
{'loss': 0.2945, 'grad_norm': 2.6743438243865967, 'learning_rate': 8.313207547169812e-06, 'lm_loss': 0.0, 'pchembl_loss': 0.30443552136421204, 'ranking_loss': 0.0, 'total_loss': 0.30329564213752747, 'epoch': 8.471698113207546}
{'loss': 0.2915, 'grad_norm': 1.7822636365890503, 'learning_rate': 8.309433962264152e-06, 'lm_loss': 0.0, 'pchembl_loss': 0.24822194874286652, 'ranking_loss': 0.0, 'total_loss': 0.2472905069589615, 'epoch': 8.49056603773585}
{'loss': 0.2872, 'grad_norm': 0.6009690165519714, 'learning_rate': 8.30566037735849e-06, 'lm_loss': 0.0, 'pchembl_loss': 0.2679440379142761, 'ranking_loss': 0.0, 'total_loss': 0.26693642139434814, 'epoch': 8.50943396226415}
{'loss': 0.2901, 'grad_norm': 3.4467055797576904, 'learning_rate': 8.301886792452832e-06, 'lm_loss': 0.0, 'pchembl_loss': 0.3443145751953125, 'ranking_loss': 0.0, 'total_loss': 0.3430168926715851, 'epoch': 8.528301886792454}
{'loss': 0.2939, 'grad_norm': 4.2944464683532715, 'learning_rate': 8.29811320754717e-06, 'lm_loss': 0.0, 'pchembl_loss': 0.2958267033100128, 'ranking_loss': 0.0, 'total_loss': 0.2947094142436981, 'epoch': 8.547169811320755}
{'loss': 0.291, 'grad_norm': 1.4518845081329346, 'learning_rate': 8.29433962264151e-06, 'lm_loss': 0.0, 'pchembl_loss': 0.21401897072792053, 'ranking_loss': 0.0, 'total_loss': 0.21320906281471252, 'epoch': 8.566037735849056}
{'loss': 0.2845, 'grad_norm': 1.326053500175476, 'learning_rate': 8.29056603773585e-06, 'lm_loss': 0.0, 'pchembl_loss': 0.2709377706050873, 'ranking_loss': 0.0, 'total_loss': 0.26991042494773865, 'epoch': 8.584905660377359}
{'loss': 0.2923, 'grad_norm': 2.7216224670410156, 'learning_rate': 8.28679245283019e-06, 'lm_loss': 0.0, 'pchembl_loss': 0.34953826665878296, 'ranking_loss': 0.0, 'total_loss': 0.3482102155685425, 'epoch': 8.60377358490566}
{'loss': 0.2875, 'grad_norm': 1.1981385946273804, 'learning_rate': 8.28301886792453e-06, 'lm_loss': 0.0, 'pchembl_loss': 0.3632247745990753, 'ranking_loss': 0.0, 'total_loss': 0.3618420660495758, 'epoch': 8.622641509433961}
{'loss': 0.2867, 'grad_norm': 1.6666027307510376, 'learning_rate': 8.279245283018868e-06, 'lm_loss': 0.0, 'pchembl_loss': 0.27022573351860046, 'ranking_loss': 0.0, 'total_loss': 0.26919499039649963, 'epoch': 8.641509433962264}
{'loss': 0.2891, 'grad_norm': 3.1220815181732178, 'learning_rate': 8.275471698113208e-06, 'lm_loss': 0.0, 'pchembl_loss': 0.3528642952442169, 'ranking_loss': 0.0, 'total_loss': 0.3515157103538513, 'epoch': 8.660377358490566}
{'loss': 0.2873, 'grad_norm': 0.9933174252510071, 'learning_rate': 8.271698113207548e-06, 'lm_loss': 0.0, 'pchembl_loss': 0.24936358630657196, 'ranking_loss': 0.0, 'total_loss': 0.24840877950191498, 'epoch': 8.679245283018869}
{'loss': 0.292, 'grad_norm': 2.4186604022979736, 'learning_rate': 8.267924528301888e-06, 'lm_loss': 0.0, 'pchembl_loss': 0.26664647459983826, 'ranking_loss': 0.0, 'total_loss': 0.26562345027923584, 'epoch': 8.69811320754717}
{'loss': 0.2898, 'grad_norm': 2.6724812984466553, 'learning_rate': 8.264150943396228e-06, 'lm_loss': 0.0, 'pchembl_loss': 0.2660212218761444, 'ranking_loss': 0.0, 'total_loss': 0.2649986445903778, 'epoch': 8.716981132075471}
{'loss': 0.2828, 'grad_norm': 1.4645320177078247, 'learning_rate': 8.260377358490566e-06, 'lm_loss': 0.0, 'pchembl_loss': 0.2683306336402893, 'ranking_loss': 0.0, 'total_loss': 0.26729726791381836, 'epoch': 8.735849056603774}
{'loss': 0.2849, 'grad_norm': 1.403660774230957, 'learning_rate': 8.256603773584906e-06, 'lm_loss': 0.0, 'pchembl_loss': 0.28935691714286804, 'ranking_loss': 0.0, 'total_loss': 0.288240522146225, 'epoch': 8.754716981132075}
{'loss': 0.2849, 'grad_norm': 2.0636327266693115, 'learning_rate': 8.252830188679246e-06, 'lm_loss': 0.0, 'pchembl_loss': 0.2337237149477005, 'ranking_loss': 0.0, 'total_loss': 0.23282025754451752, 'epoch': 8.773584905660378}
{'loss': 0.2826, 'grad_norm': 0.7223381400108337, 'learning_rate': 8.249056603773586e-06, 'lm_loss': 0.0, 'pchembl_loss': 0.2095639705657959, 'ranking_loss': 0.0, 'total_loss': 0.20875242352485657, 'epoch': 8.79245283018868}
{'loss': 0.2856, 'grad_norm': 1.8952341079711914, 'learning_rate': 8.245283018867926e-06, 'lm_loss': 0.0, 'pchembl_loss': 0.24966849386692047, 'ranking_loss': 0.0, 'total_loss': 0.24869973957538605, 'epoch': 8.81132075471698}
{'loss': 0.2902, 'grad_norm': 1.606057047843933, 'learning_rate': 8.241509433962265e-06, 'lm_loss': 0.0, 'pchembl_loss': 0.2037280797958374, 'ranking_loss': 0.0, 'total_loss': 0.2029360830783844, 'epoch': 8.830188679245284}
{'loss': 0.2842, 'grad_norm': 0.7229021787643433, 'learning_rate': 8.237735849056604e-06, 'lm_loss': 0.0, 'pchembl_loss': 0.19368617236614227, 'ranking_loss': 0.0, 'total_loss': 0.19293178617954254, 'epoch': 8.849056603773585}
{'loss': 0.2892, 'grad_norm': 0.9795451164245605, 'learning_rate': 8.233962264150944e-06, 'lm_loss': 0.0, 'pchembl_loss': 0.26617929339408875, 'ranking_loss': 0.0, 'total_loss': 0.26514047384262085, 'epoch': 8.867924528301886}
{'loss': 0.2852, 'grad_norm': 0.4237872362136841, 'learning_rate': 8.230188679245283e-06, 'lm_loss': 0.0, 'pchembl_loss': 0.2879584729671478, 'ranking_loss': 0.0, 'total_loss': 0.2868322730064392, 'epoch': 8.88679245283019}
{'loss': 0.2894, 'grad_norm': 1.4640692472457886, 'learning_rate': 8.226415094339623e-06, 'lm_loss': 0.0, 'pchembl_loss': 0.31525540351867676, 'ranking_loss': 0.0, 'total_loss': 0.3140197694301605, 'epoch': 8.90566037735849}
{'loss': 0.291, 'grad_norm': 1.231825590133667, 'learning_rate': 8.222641509433963e-06, 'lm_loss': 0.0, 'pchembl_loss': 0.28809410333633423, 'ranking_loss': 0.0, 'total_loss': 0.28696247935295105, 'epoch': 8.924528301886792}
{'loss': 0.2882, 'grad_norm': 2.4124038219451904, 'learning_rate': 8.218867924528302e-06, 'lm_loss': 0.0, 'pchembl_loss': 0.32312628626823425, 'ranking_loss': 0.0, 'total_loss': 0.32185426354408264, 'epoch': 8.943396226415095}
{'loss': 0.2833, 'grad_norm': 2.9833755493164062, 'learning_rate': 8.215094339622643e-06, 'lm_loss': 0.0, 'pchembl_loss': 0.3468378484249115, 'ranking_loss': 0.0, 'total_loss': 0.3454696238040924, 'epoch': 8.962264150943396}
{'loss': 0.2893, 'grad_norm': 1.3087072372436523, 'learning_rate': 8.211320754716981e-06, 'lm_loss': 0.0, 'pchembl_loss': 0.32652372121810913, 'ranking_loss': 0.0, 'total_loss': 0.3252331018447876, 'epoch': 8.981132075471699}
{'loss': 0.2826, 'grad_norm': 2.0424697399139404, 'learning_rate': 8.207547169811321e-06, 'lm_loss': 0.0, 'pchembl_loss': 0.30920863151550293, 'ranking_loss': 0.0, 'total_loss': 0.30798399448394775, 'epoch': 9.0}
{'eval_loss': 0.278972864151001, 'eval_pchembl_norm_mse': 0.5177638530731201, 'eval_pchembl_norm_mae': 0.5234208106994629, 'eval_pchembl_norm_rmse': 0.7195581197738647, 'eval_pchembl_r2': 0.472792387008667, 'eval_pchembl_count': 20000, 'eval_pchembl_norm_mean_pred': -0.12106116861104965, 'eval_pchembl_norm_std_pred': 0.6949740052223206, 'eval_pchembl_norm_mean_true': -0.02121046371757984, 'eval_pchembl_norm_std_true': 0.9910030961036682, 'eval_pchembl_raw_mse': 0.9608412384986877, 'eval_pchembl_raw_mae': 0.7130352258682251, 'eval_pchembl_raw_rmse': 0.9802250862121582, 'eval_pchembl_raw_pearson': 0.6949706876533024, 'eval_pchembl_raw_spearman': 0.7099983973328735, 'eval_runtime': 8.888, 'eval_samples_per_second': 1184.854, 'eval_steps_per_second': 0.113, 'epoch': 9.0}
{'eval_lm_loss': 0.0, 'eval_pchembl_loss': 0.27958992272615435, 'eval_ranking_loss': 0.0, 'eval_total_loss': 0.2784804423898459, 'epoch': 9.0}
{'eval_evaluation_time_sec': 8.913292797049507, 'epoch': 9.0}
{'loss': 0.2898, 'grad_norm': 3.235408067703247, 'learning_rate': 8.203773584905661e-06, 'lm_loss': 0.0, 'pchembl_loss': 0.34975677728652954, 'ranking_loss': 0.0, 'total_loss': 0.3483688533306122, 'epoch': 9.018867924528301}
{'loss': 0.2873, 'grad_norm': 1.4807319641113281, 'learning_rate': 8.2e-06, 'lm_loss': 0.0, 'pchembl_loss': 0.32823336124420166, 'ranking_loss': 0.0, 'total_loss': 0.32692843675613403, 'epoch': 9.037735849056604}
{'loss': 0.2882, 'grad_norm': 0.9395198822021484, 'learning_rate': 8.196226415094341e-06, 'lm_loss': 0.0, 'pchembl_loss': 0.37165141105651855, 'ranking_loss': 0.0, 'total_loss': 0.37017112970352173, 'epoch': 9.056603773584905}
{'loss': 0.2927, 'grad_norm': 1.9213924407958984, 'learning_rate': 8.19245283018868e-06, 'lm_loss': 0.0, 'pchembl_loss': 0.23602984845638275, 'ranking_loss': 0.0, 'total_loss': 0.23508790135383606, 'epoch': 9.075471698113208}
{'loss': 0.2879, 'grad_norm': 0.82049560546875, 'learning_rate': 8.18867924528302e-06, 'lm_loss': 0.0, 'pchembl_loss': 0.3205426037311554, 'ranking_loss': 0.0, 'total_loss': 0.31926095485687256, 'epoch': 9.09433962264151}
{'loss': 0.283, 'grad_norm': 1.1018664836883545, 'learning_rate': 8.184905660377359e-06, 'lm_loss': 0.0, 'pchembl_loss': 0.2342931628227234, 'ranking_loss': 0.0, 'total_loss': 0.23335447907447815, 'epoch': 9.11320754716981}
{'loss': 0.286, 'grad_norm': 2.195537567138672, 'learning_rate': 8.181132075471699e-06, 'lm_loss': 0.0, 'pchembl_loss': 0.3119107484817505, 'ranking_loss': 0.0, 'total_loss': 0.3106585144996643, 'epoch': 9.132075471698114}
{'loss': 0.2842, 'grad_norm': 0.7392959594726562, 'learning_rate': 8.177358490566039e-06, 'lm_loss': 0.0, 'pchembl_loss': 0.31561079621315, 'ranking_loss': 0.0, 'total_loss': 0.3143411874771118, 'epoch': 9.150943396226415}
{'loss': 0.2852, 'grad_norm': 2.583008050918579, 'learning_rate': 8.173584905660377e-06, 'lm_loss': 0.0, 'pchembl_loss': 0.29067495465278625, 'ranking_loss': 0.0, 'total_loss': 0.2895032465457916, 'epoch': 9.169811320754716}
{'loss': 0.2863, 'grad_norm': 3.48508882522583, 'learning_rate': 8.169811320754719e-06, 'lm_loss': 0.0, 'pchembl_loss': 0.3057984411716461, 'ranking_loss': 0.0, 'total_loss': 0.30456334352493286, 'epoch': 9.18867924528302}
{'loss': 0.2875, 'grad_norm': 1.3498731851577759, 'learning_rate': 8.166037735849057e-06, 'lm_loss': 0.0, 'pchembl_loss': 0.2895168960094452, 'ranking_loss': 0.0, 'total_loss': 0.2883453965187073, 'epoch': 9.20754716981132}
{'loss': 0.2855, 'grad_norm': 1.873925805091858, 'learning_rate': 8.162264150943397e-06, 'lm_loss': 0.0, 'pchembl_loss': 0.27531543374061584, 'ranking_loss': 0.0, 'total_loss': 0.27419930696487427, 'epoch': 9.226415094339623}
{'loss': 0.2824, 'grad_norm': 2.4884564876556396, 'learning_rate': 8.158490566037737e-06, 'lm_loss': 0.0, 'pchembl_loss': 0.24328139424324036, 'ranking_loss': 0.0, 'total_loss': 0.2422933280467987, 'epoch': 9.245283018867925}
{'loss': 0.2867, 'grad_norm': 2.0898377895355225, 'learning_rate': 8.154716981132077e-06, 'lm_loss': 0.0, 'pchembl_loss': 0.3241923153400421, 'ranking_loss': 0.0, 'total_loss': 0.3228733241558075, 'epoch': 9.264150943396226}
{'loss': 0.2883, 'grad_norm': 1.126080870628357, 'learning_rate': 8.150943396226417e-06, 'lm_loss': 0.0, 'pchembl_loss': 0.24282164871692657, 'ranking_loss': 0.0, 'total_loss': 0.24183200299739838, 'epoch': 9.283018867924529}
{'loss': 0.2865, 'grad_norm': 1.7271944284439087, 'learning_rate': 8.147169811320755e-06, 'lm_loss': 0.0, 'pchembl_loss': 0.3267078995704651, 'ranking_loss': 0.0, 'total_loss': 0.32537397742271423, 'epoch': 9.30188679245283}
{'loss': 0.2867, 'grad_norm': 1.3726469278335571, 'learning_rate': 8.143396226415095e-06, 'lm_loss': 0.0, 'pchembl_loss': 0.2885248363018036, 'ranking_loss': 0.0, 'total_loss': 0.28734472393989563, 'epoch': 9.320754716981131}
{'loss': 0.2812, 'grad_norm': 1.2667913436889648, 'learning_rate': 8.139622641509435e-06, 'lm_loss': 0.0, 'pchembl_loss': 0.3198004364967346, 'ranking_loss': 0.0, 'total_loss': 0.31849002838134766, 'epoch': 9.339622641509434}
{'loss': 0.2853, 'grad_norm': 2.960144519805908, 'learning_rate': 8.135849056603775e-06, 'lm_loss': 0.0, 'pchembl_loss': 0.41044652462005615, 'ranking_loss': 0.0, 'total_loss': 0.408761590719223, 'epoch': 9.358490566037736}
{'loss': 0.2891, 'grad_norm': 1.240554690361023, 'learning_rate': 8.132075471698114e-06, 'lm_loss': 0.0, 'pchembl_loss': 0.31686297059059143, 'ranking_loss': 0.0, 'total_loss': 0.31555992364883423, 'epoch': 9.377358490566039}
{'loss': 0.2861, 'grad_norm': 1.9176450967788696, 'learning_rate': 8.128301886792453e-06, 'lm_loss': 0.0, 'pchembl_loss': 0.323387086391449, 'ranking_loss': 0.0, 'total_loss': 0.32205480337142944, 'epoch': 9.39622641509434}
{'loss': 0.2832, 'grad_norm': 2.446721076965332, 'learning_rate': 8.124528301886793e-06, 'lm_loss': 0.0, 'pchembl_loss': 0.28101927042007446, 'ranking_loss': 0.0, 'total_loss': 0.2798594832420349, 'epoch': 9.415094339622641}
{'loss': 0.2813, 'grad_norm': 0.854968786239624, 'learning_rate': 8.120754716981133e-06, 'lm_loss': 0.0, 'pchembl_loss': 0.20631419122219086, 'ranking_loss': 0.0, 'total_loss': 0.2054612785577774, 'epoch': 9.433962264150944}
{'loss': 0.2793, 'grad_norm': 1.8529260158538818, 'learning_rate': 8.116981132075472e-06, 'lm_loss': 0.0, 'pchembl_loss': 0.2285720258951187, 'ranking_loss': 0.0, 'total_loss': 0.22762539982795715, 'epoch': 9.452830188679245}
{'loss': 0.2808, 'grad_norm': 1.5052011013031006, 'learning_rate': 8.113207547169812e-06, 'lm_loss': 0.0, 'pchembl_loss': 0.25878414511680603, 'ranking_loss': 0.0, 'total_loss': 0.2577104866504669, 'epoch': 9.471698113207546}
{'loss': 0.2857, 'grad_norm': 0.6892640590667725, 'learning_rate': 8.109433962264152e-06, 'lm_loss': 0.0, 'pchembl_loss': 0.29390010237693787, 'ranking_loss': 0.0, 'total_loss': 0.2926785945892334, 'epoch': 9.49056603773585}
{'loss': 0.285, 'grad_norm': 2.49556040763855, 'learning_rate': 8.10566037735849e-06, 'lm_loss': 0.0, 'pchembl_loss': 0.3732048273086548, 'ranking_loss': 0.0, 'total_loss': 0.3716508448123932, 'epoch': 9.50943396226415}
{'loss': 0.2818, 'grad_norm': 3.054095506668091, 'learning_rate': 8.10188679245283e-06, 'lm_loss': 0.0, 'pchembl_loss': 0.32188495993614197, 'ranking_loss': 0.0, 'total_loss': 0.32054224610328674, 'epoch': 9.528301886792454}
{'loss': 0.2862, 'grad_norm': 0.9499102830886841, 'learning_rate': 8.09811320754717e-06, 'lm_loss': 0.0, 'pchembl_loss': 0.235234335064888, 'ranking_loss': 0.0, 'total_loss': 0.23425140976905823, 'epoch': 9.547169811320755}
{'loss': 0.2851, 'grad_norm': 2.5936224460601807, 'learning_rate': 8.09433962264151e-06, 'lm_loss': 0.0, 'pchembl_loss': 0.28276169300079346, 'ranking_loss': 0.0, 'total_loss': 0.28157806396484375, 'epoch': 9.566037735849056}
{'loss': 0.2868, 'grad_norm': 2.738905191421509, 'learning_rate': 8.09056603773585e-06, 'lm_loss': 0.0, 'pchembl_loss': 0.35312187671661377, 'ranking_loss': 0.0, 'total_loss': 0.3516411781311035, 'epoch': 9.584905660377359}
{'loss': 0.2814, 'grad_norm': 2.1646716594696045, 'learning_rate': 8.086792452830188e-06, 'lm_loss': 0.0, 'pchembl_loss': 0.29113471508026123, 'ranking_loss': 0.0, 'total_loss': 0.2899119257926941, 'epoch': 9.60377358490566}
{'loss': 0.2862, 'grad_norm': 0.7670217156410217, 'learning_rate': 8.08301886792453e-06, 'lm_loss': 0.0, 'pchembl_loss': 0.2191191464662552, 'ranking_loss': 0.0, 'total_loss': 0.21819734573364258, 'epoch': 9.622641509433961}
{'loss': 0.2839, 'grad_norm': 2.2760744094848633, 'learning_rate': 8.079245283018868e-06, 'lm_loss': 0.0, 'pchembl_loss': 0.21641281247138977, 'ranking_loss': 0.0, 'total_loss': 0.2155008316040039, 'epoch': 9.641509433962264}
{'loss': 0.2765, 'grad_norm': 1.5730427503585815, 'learning_rate': 8.075471698113208e-06, 'lm_loss': 0.0, 'pchembl_loss': 0.25228968262672424, 'ranking_loss': 0.0, 'total_loss': 0.2512247562408447, 'epoch': 9.660377358490566}
{'loss': 0.2824, 'grad_norm': 1.0832651853561401, 'learning_rate': 8.071698113207548e-06, 'lm_loss': 0.0, 'pchembl_loss': 0.2694777846336365, 'ranking_loss': 0.0, 'total_loss': 0.2683384120464325, 'epoch': 9.679245283018869}
{'loss': 0.2856, 'grad_norm': 1.7859926223754883, 'learning_rate': 8.067924528301886e-06, 'lm_loss': 0.0, 'pchembl_loss': 0.3061803877353668, 'ranking_loss': 0.0, 'total_loss': 0.30488356947898865, 'epoch': 9.69811320754717}
{'loss': 0.2822, 'grad_norm': 0.47226157784461975, 'learning_rate': 8.064150943396228e-06, 'lm_loss': 0.0, 'pchembl_loss': 0.2867785096168518, 'ranking_loss': 0.0, 'total_loss': 0.28556180000305176, 'epoch': 9.716981132075471}
{'loss': 0.2783, 'grad_norm': 1.3423537015914917, 'learning_rate': 8.060377358490566e-06, 'lm_loss': 0.0, 'pchembl_loss': 0.300069659948349, 'ranking_loss': 0.0, 'total_loss': 0.2987942397594452, 'epoch': 9.735849056603774}
{'loss': 0.2813, 'grad_norm': 0.6240023374557495, 'learning_rate': 8.056603773584906e-06, 'lm_loss': 0.0, 'pchembl_loss': 0.25910234451293945, 'ranking_loss': 0.0, 'total_loss': 0.2579990327358246, 'epoch': 9.754716981132075}
{'loss': 0.2853, 'grad_norm': 0.48752665519714355, 'learning_rate': 8.052830188679246e-06, 'lm_loss': 0.0, 'pchembl_loss': 0.19474291801452637, 'ranking_loss': 0.0, 'total_loss': 0.1939121037721634, 'epoch': 9.773584905660378}
{'loss': 0.2812, 'grad_norm': 0.5725391507148743, 'learning_rate': 8.049056603773586e-06, 'lm_loss': 0.0, 'pchembl_loss': 0.2293587177991867, 'ranking_loss': 0.0, 'total_loss': 0.2283782958984375, 'epoch': 9.79245283018868}
{'loss': 0.2793, 'grad_norm': 0.4303804039955139, 'learning_rate': 8.045283018867926e-06, 'lm_loss': 0.0, 'pchembl_loss': 0.2247076779603958, 'ranking_loss': 0.0, 'total_loss': 0.223745197057724, 'epoch': 9.81132075471698}
{'loss': 0.2839, 'grad_norm': 1.0819445848464966, 'learning_rate': 8.041509433962264e-06, 'lm_loss': 0.0, 'pchembl_loss': 0.25643810629844666, 'ranking_loss': 0.0, 'total_loss': 0.2553374469280243, 'epoch': 9.830188679245284}
{'loss': 0.2851, 'grad_norm': 0.5110911726951599, 'learning_rate': 8.037735849056606e-06, 'lm_loss': 0.0, 'pchembl_loss': 0.26655346155166626, 'ranking_loss': 0.0, 'total_loss': 0.2654069662094116, 'epoch': 9.849056603773585}
{'loss': 0.2779, 'grad_norm': 1.4898676872253418, 'learning_rate': 8.033962264150944e-06, 'lm_loss': 0.0, 'pchembl_loss': 0.27930986881256104, 'ranking_loss': 0.0, 'total_loss': 0.2781059145927429, 'epoch': 9.867924528301886}
{'loss': 0.283, 'grad_norm': 0.45785102248191833, 'learning_rate': 8.030188679245284e-06, 'lm_loss': 0.0, 'pchembl_loss': 0.3258117139339447, 'ranking_loss': 0.0, 'total_loss': 0.32440438866615295, 'epoch': 9.88679245283019}
{'loss': 0.2838, 'grad_norm': 1.8733652830123901, 'learning_rate': 8.026415094339624e-06, 'lm_loss': 0.0, 'pchembl_loss': 0.26366275548934937, 'ranking_loss': 0.0, 'total_loss': 0.2625214159488678, 'epoch': 9.90566037735849}
{'loss': 0.2841, 'grad_norm': 0.6291669011116028, 'learning_rate': 8.022641509433964e-06, 'lm_loss': 0.0, 'pchembl_loss': 0.275257408618927, 'ranking_loss': 0.0, 'total_loss': 0.2740634083747864, 'epoch': 9.924528301886792}
{'loss': 0.2829, 'grad_norm': 1.1280200481414795, 'learning_rate': 8.018867924528303e-06, 'lm_loss': 0.0, 'pchembl_loss': 0.264310747385025, 'ranking_loss': 0.0, 'total_loss': 0.2631618082523346, 'epoch': 9.943396226415095}
{'loss': 0.2836, 'grad_norm': 0.5463258624076843, 'learning_rate': 8.015094339622642e-06, 'lm_loss': 0.0, 'pchembl_loss': 0.253667950630188, 'ranking_loss': 0.0, 'total_loss': 0.252562940120697, 'epoch': 9.962264150943396}
{'loss': 0.2842, 'grad_norm': 0.4390604496002197, 'learning_rate': 8.011320754716982e-06, 'lm_loss': 0.0, 'pchembl_loss': 0.30465978384017944, 'ranking_loss': 0.0, 'total_loss': 0.3033297657966614, 'epoch': 9.981132075471699}
{'loss': 0.2811, 'grad_norm': 0.5912243723869324, 'learning_rate': 8.007547169811322e-06, 'lm_loss': 0.0, 'pchembl_loss': 0.21777240931987762, 'ranking_loss': 0.0, 'total_loss': 0.2168196141719818, 'epoch': 10.0}
{'eval_loss': 0.27195215225219727, 'eval_pchembl_norm_mse': 0.5002465844154358, 'eval_pchembl_norm_mae': 0.516916036605835, 'eval_pchembl_norm_rmse': 0.7072811126708984, 'eval_pchembl_r2': 0.4906291365623474, 'eval_pchembl_count': 20000, 'eval_pchembl_norm_mean_pred': -0.06841087341308594, 'eval_pchembl_norm_std_pred': 0.7234755158424377, 'eval_pchembl_norm_mean_true': -0.02121046371757984, 'eval_pchembl_norm_std_true': 0.9910030961036682, 'eval_pchembl_raw_mse': 0.928333580493927, 'eval_pchembl_raw_mae': 0.7041740417480469, 'eval_pchembl_raw_rmse': 0.9635006785392761, 'eval_pchembl_raw_pearson': 0.702602790919594, 'eval_pchembl_raw_spearman': 0.7159245867935302, 'eval_runtime': 8.9293, 'eval_samples_per_second': 1179.374, 'eval_steps_per_second': 0.112, 'epoch': 10.0}
{'eval_lm_loss': 0.0, 'eval_pchembl_loss': 0.2726597613096237, 'eval_ranking_loss': 0.0, 'eval_total_loss': 0.2714641819894314, 'epoch': 10.0}
{'eval_evaluation_time_sec': 8.965558961033821, 'epoch': 10.0}
{'loss': 0.2821, 'grad_norm': 0.9794726371765137, 'learning_rate': 8.003773584905661e-06, 'lm_loss': 0.0, 'pchembl_loss': 0.2768166959285736, 'ranking_loss': 0.0, 'total_loss': 0.27560287714004517, 'epoch': 10.018867924528301}
{'loss': 0.2805, 'grad_norm': 0.5482103228569031, 'learning_rate': 8.000000000000001e-06, 'lm_loss': 0.0, 'pchembl_loss': 0.2524243891239166, 'ranking_loss': 0.0, 'total_loss': 0.25131505727767944, 'epoch': 10.037735849056604}
{'loss': 0.2793, 'grad_norm': 0.543637752532959, 'learning_rate': 7.99622641509434e-06, 'lm_loss': 0.0, 'pchembl_loss': 0.2662157118320465, 'ranking_loss': 0.0, 'total_loss': 0.26504310965538025, 'epoch': 10.056603773584905}
{'loss': 0.2807, 'grad_norm': 1.6167805194854736, 'learning_rate': 7.99245283018868e-06, 'lm_loss': 0.0, 'pchembl_loss': 0.27849170565605164, 'ranking_loss': 0.0, 'total_loss': 0.27726224064826965, 'epoch': 10.075471698113208}
{'loss': 0.2839, 'grad_norm': 0.4710786044597626, 'learning_rate': 7.98867924528302e-06, 'lm_loss': 0.0, 'pchembl_loss': 0.28861045837402344, 'ranking_loss': 0.0, 'total_loss': 0.28733351826667786, 'epoch': 10.09433962264151}
{'loss': 0.2796, 'grad_norm': 1.4251660108566284, 'learning_rate': 7.98490566037736e-06, 'lm_loss': 0.0, 'pchembl_loss': 0.2768743634223938, 'ranking_loss': 0.0, 'total_loss': 0.2756466269493103, 'epoch': 10.11320754716981}
{'loss': 0.2826, 'grad_norm': 0.8042487502098083, 'learning_rate': 7.9811320754717e-06, 'lm_loss': 0.0, 'pchembl_loss': 0.374396950006485, 'ranking_loss': 0.0, 'total_loss': 0.3727332055568695, 'epoch': 10.132075471698114}
{'loss': 0.2826, 'grad_norm': 1.115267038345337, 'learning_rate': 7.977358490566039e-06, 'lm_loss': 0.0, 'pchembl_loss': 0.2592712640762329, 'ranking_loss': 0.0, 'total_loss': 0.25811657309532166, 'epoch': 10.150943396226415}
{'loss': 0.2782, 'grad_norm': 0.9341158270835876, 'learning_rate': 7.973584905660377e-06, 'lm_loss': 0.0, 'pchembl_loss': 0.341200053691864, 'ranking_loss': 0.0, 'total_loss': 0.3396771550178528, 'epoch': 10.169811320754716}
{'loss': 0.2814, 'grad_norm': 1.188559889793396, 'learning_rate': 7.969811320754717e-06, 'lm_loss': 0.0, 'pchembl_loss': 0.29822874069213867, 'ranking_loss': 0.0, 'total_loss': 0.29689469933509827, 'epoch': 10.18867924528302}
{'loss': 0.2836, 'grad_norm': 1.672081708908081, 'learning_rate': 7.966037735849057e-06, 'lm_loss': 0.0, 'pchembl_loss': 0.2848491668701172, 'ranking_loss': 0.0, 'total_loss': 0.2835721969604492, 'epoch': 10.20754716981132}
{'loss': 0.2819, 'grad_norm': 0.8854461908340454, 'learning_rate': 7.962264150943397e-06, 'lm_loss': 0.0, 'pchembl_loss': 0.22572605311870575, 'ranking_loss': 0.0, 'total_loss': 0.22471198439598083, 'epoch': 10.226415094339623}
{'loss': 0.2759, 'grad_norm': 1.0603268146514893, 'learning_rate': 7.958490566037737e-06, 'lm_loss': 0.0, 'pchembl_loss': 0.21705804765224457, 'ranking_loss': 0.0, 'total_loss': 0.21608084440231323, 'epoch': 10.245283018867925}
{'loss': 0.2812, 'grad_norm': 0.5920092463493347, 'learning_rate': 7.954716981132075e-06, 'lm_loss': 0.0, 'pchembl_loss': 0.30390307307243347, 'ranking_loss': 0.0, 'total_loss': 0.3025319576263428, 'epoch': 10.264150943396226}
{'loss': 0.2861, 'grad_norm': 1.607208013534546, 'learning_rate': 7.950943396226415e-06, 'lm_loss': 0.0, 'pchembl_loss': 0.30618563294410706, 'ranking_loss': 0.0, 'total_loss': 0.30480122566223145, 'epoch': 10.283018867924529}
{'loss': 0.28, 'grad_norm': 1.4146565198898315, 'learning_rate': 7.947169811320755e-06, 'lm_loss': 0.0, 'pchembl_loss': 0.2868688106536865, 'ranking_loss': 0.0, 'total_loss': 0.2855690121650696, 'epoch': 10.30188679245283}
{'loss': 0.2826, 'grad_norm': 0.7227016687393188, 'learning_rate': 7.943396226415095e-06, 'lm_loss': 0.0, 'pchembl_loss': 0.3149101734161377, 'ranking_loss': 0.0, 'total_loss': 0.313480406999588, 'epoch': 10.320754716981131}
{'loss': 0.2804, 'grad_norm': 1.8451505899429321, 'learning_rate': 7.939622641509435e-06, 'lm_loss': 0.0, 'pchembl_loss': 0.24345870316028595, 'ranking_loss': 0.0, 'total_loss': 0.24235104024410248, 'epoch': 10.339622641509434}
{'loss': 0.2803, 'grad_norm': 0.45877891778945923, 'learning_rate': 7.935849056603773e-06, 'lm_loss': 0.0, 'pchembl_loss': 0.33297187089920044, 'ranking_loss': 0.0, 'total_loss': 0.33145391941070557, 'epoch': 10.358490566037736}
{'loss': 0.2815, 'grad_norm': 0.7842298746109009, 'learning_rate': 7.932075471698115e-06, 'lm_loss': 0.0, 'pchembl_loss': 0.2772250771522522, 'ranking_loss': 0.0, 'total_loss': 0.27595868706703186, 'epoch': 10.377358490566039}
{'loss': 0.2755, 'grad_norm': 0.5661610960960388, 'learning_rate': 7.928301886792453e-06, 'lm_loss': 0.0, 'pchembl_loss': 0.33721792697906494, 'ranking_loss': 0.0, 'total_loss': 0.33567431569099426, 'epoch': 10.39622641509434}
{'loss': 0.2814, 'grad_norm': 0.5017451643943787, 'learning_rate': 7.924528301886793e-06, 'lm_loss': 0.0, 'pchembl_loss': 0.24873188138008118, 'ranking_loss': 0.0, 'total_loss': 0.24759094417095184, 'epoch': 10.415094339622641}
{'loss': 0.2795, 'grad_norm': 1.0657224655151367, 'learning_rate': 7.920754716981133e-06, 'lm_loss': 0.0, 'pchembl_loss': 0.3172743618488312, 'ranking_loss': 0.0, 'total_loss': 0.3158159554004669, 'epoch': 10.433962264150944}
{'loss': 0.2727, 'grad_norm': 0.9363477826118469, 'learning_rate': 7.916981132075473e-06, 'lm_loss': 0.0, 'pchembl_loss': 0.24595405161380768, 'ranking_loss': 0.0, 'total_loss': 0.24482111632823944, 'epoch': 10.452830188679245}
{'loss': 0.2738, 'grad_norm': 0.5473585724830627, 'learning_rate': 7.913207547169813e-06, 'lm_loss': 0.0, 'pchembl_loss': 0.20977210998535156, 'ranking_loss': 0.0, 'total_loss': 0.20880380272865295, 'epoch': 10.471698113207546}
{'loss': 0.2774, 'grad_norm': 0.4759101867675781, 'learning_rate': 7.90943396226415e-06, 'lm_loss': 0.0, 'pchembl_loss': 0.2666943371295929, 'ranking_loss': 0.0, 'total_loss': 0.26546066999435425, 'epoch': 10.49056603773585}
{'loss': 0.2768, 'grad_norm': 0.8038212060928345, 'learning_rate': 7.905660377358492e-06, 'lm_loss': 0.0, 'pchembl_loss': 0.25697100162506104, 'ranking_loss': 0.0, 'total_loss': 0.25577977299690247, 'epoch': 10.50943396226415}
{'loss': 0.2769, 'grad_norm': 0.8160019516944885, 'learning_rate': 7.90188679245283e-06, 'lm_loss': 0.0, 'pchembl_loss': 0.264779269695282, 'ranking_loss': 0.0, 'total_loss': 0.26354920864105225, 'epoch': 10.528301886792454}
{'loss': 0.2748, 'grad_norm': 0.8009971976280212, 'learning_rate': 7.89811320754717e-06, 'lm_loss': 0.0, 'pchembl_loss': 0.3228352963924408, 'ranking_loss': 0.0, 'total_loss': 0.32133230566978455, 'epoch': 10.547169811320755}
{'loss': 0.2801, 'grad_norm': 0.4756859540939331, 'learning_rate': 7.89433962264151e-06, 'lm_loss': 0.0, 'pchembl_loss': 0.269591361284256, 'ranking_loss': 0.0, 'total_loss': 0.2683335542678833, 'epoch': 10.566037735849056}
{'loss': 0.2787, 'grad_norm': 0.476784348487854, 'learning_rate': 7.890566037735849e-06, 'lm_loss': 0.0, 'pchembl_loss': 0.25991061329841614, 'ranking_loss': 0.0, 'total_loss': 0.2586953639984131, 'epoch': 10.584905660377359}
{'loss': 0.2692, 'grad_norm': 0.9172012805938721, 'learning_rate': 7.88679245283019e-06, 'lm_loss': 0.0, 'pchembl_loss': 0.2231059968471527, 'ranking_loss': 0.0, 'total_loss': 0.22206056118011475, 'epoch': 10.60377358490566}
{'loss': 0.2865, 'grad_norm': 1.4535292387008667, 'learning_rate': 7.883018867924529e-06, 'lm_loss': 0.0, 'pchembl_loss': 0.2584017515182495, 'ranking_loss': 0.0, 'total_loss': 0.2571883201599121, 'epoch': 10.622641509433961}
{'loss': 0.2801, 'grad_norm': 0.4291286766529083, 'learning_rate': 7.879245283018868e-06, 'lm_loss': 0.0, 'pchembl_loss': 0.25341781973838806, 'ranking_loss': 0.0, 'total_loss': 0.25222527980804443, 'epoch': 10.641509433962264}
{'loss': 0.278, 'grad_norm': 0.7425673604011536, 'learning_rate': 7.875471698113208e-06, 'lm_loss': 0.0, 'pchembl_loss': 0.3212515115737915, 'ranking_loss': 0.0, 'total_loss': 0.3197365999221802, 'epoch': 10.660377358490566}
{'loss': 0.2738, 'grad_norm': 0.5559984445571899, 'learning_rate': 7.871698113207548e-06, 'lm_loss': 0.0, 'pchembl_loss': 0.2728114724159241, 'ranking_loss': 0.0, 'total_loss': 0.27152225375175476, 'epoch': 10.679245283018869}
{'loss': 0.2786, 'grad_norm': 0.7802690863609314, 'learning_rate': 7.867924528301888e-06, 'lm_loss': 0.0, 'pchembl_loss': 0.29657506942749023, 'ranking_loss': 0.0, 'total_loss': 0.2951706051826477, 'epoch': 10.69811320754717}
{'loss': 0.285, 'grad_norm': 1.7391489744186401, 'learning_rate': 7.864150943396226e-06, 'lm_loss': 0.0, 'pchembl_loss': 0.25124138593673706, 'ranking_loss': 0.0, 'total_loss': 0.25004908442497253, 'epoch': 10.716981132075471}
{'loss': 0.2728, 'grad_norm': 0.9384350776672363, 'learning_rate': 7.860377358490566e-06, 'lm_loss': 0.0, 'pchembl_loss': 0.22759506106376648, 'ranking_loss': 0.0, 'total_loss': 0.22651277482509613, 'epoch': 10.735849056603774}
{'loss': 0.2765, 'grad_norm': 0.4720543324947357, 'learning_rate': 7.856603773584906e-06, 'lm_loss': 0.0, 'pchembl_loss': 0.26964014768600464, 'ranking_loss': 0.0, 'total_loss': 0.2683553099632263, 'epoch': 10.754716981132075}
{'loss': 0.2802, 'grad_norm': 0.6054565906524658, 'learning_rate': 7.852830188679246e-06, 'lm_loss': 0.0, 'pchembl_loss': 0.2514149844646454, 'ranking_loss': 0.0, 'total_loss': 0.25021451711654663, 'epoch': 10.773584905660378}
{'loss': 0.276, 'grad_norm': 0.7603209614753723, 'learning_rate': 7.849056603773586e-06, 'lm_loss': 0.0, 'pchembl_loss': 0.2795640230178833, 'ranking_loss': 0.0, 'total_loss': 0.27822640538215637, 'epoch': 10.79245283018868}
{'loss': 0.2815, 'grad_norm': 0.7433533072471619, 'learning_rate': 7.845283018867926e-06, 'lm_loss': 0.0, 'pchembl_loss': 0.25915080308914185, 'ranking_loss': 0.0, 'total_loss': 0.25790828466415405, 'epoch': 10.81132075471698}
{'loss': 0.2759, 'grad_norm': 0.4774928689002991, 'learning_rate': 7.841509433962264e-06, 'lm_loss': 0.0, 'pchembl_loss': 0.22836364805698395, 'ranking_loss': 0.0, 'total_loss': 0.22726647555828094, 'epoch': 10.830188679245284}
{'loss': 0.2757, 'grad_norm': 0.8652272820472717, 'learning_rate': 7.837735849056604e-06, 'lm_loss': 0.0, 'pchembl_loss': 0.2830663025379181, 'ranking_loss': 0.0, 'total_loss': 0.28170350193977356, 'epoch': 10.849056603773585}
{'loss': 0.2783, 'grad_norm': 0.7053916454315186, 'learning_rate': 7.833962264150944e-06, 'lm_loss': 0.0, 'pchembl_loss': 0.23478557169437408, 'ranking_loss': 0.0, 'total_loss': 0.23365287482738495, 'epoch': 10.867924528301886}
{'loss': 0.2755, 'grad_norm': 1.6667253971099854, 'learning_rate': 7.830188679245284e-06, 'lm_loss': 0.0, 'pchembl_loss': 0.26825669407844543, 'ranking_loss': 0.0, 'total_loss': 0.2669598162174225, 'epoch': 10.88679245283019}
{'loss': 0.2769, 'grad_norm': 1.3669794797897339, 'learning_rate': 7.826415094339624e-06, 'lm_loss': 0.0, 'pchembl_loss': 0.2652356028556824, 'ranking_loss': 0.0, 'total_loss': 0.26395079493522644, 'epoch': 10.90566037735849}
{'loss': 0.2796, 'grad_norm': 0.4811129570007324, 'learning_rate': 7.822641509433962e-06, 'lm_loss': 0.0, 'pchembl_loss': 0.2509661316871643, 'ranking_loss': 0.0, 'total_loss': 0.24974806606769562, 'epoch': 10.924528301886792}
{'loss': 0.2712, 'grad_norm': 1.4239575862884521, 'learning_rate': 7.818867924528302e-06, 'lm_loss': 0.0, 'pchembl_loss': 0.25826433300971985, 'ranking_loss': 0.0, 'total_loss': 0.2570083737373352, 'epoch': 10.943396226415095}
{'loss': 0.2736, 'grad_norm': 0.5046094655990601, 'learning_rate': 7.815094339622642e-06, 'lm_loss': 0.0, 'pchembl_loss': 0.3375876247882843, 'ranking_loss': 0.0, 'total_loss': 0.3359427750110626, 'epoch': 10.962264150943396}
{'loss': 0.2722, 'grad_norm': 1.2858976125717163, 'learning_rate': 7.811320754716982e-06, 'lm_loss': 0.0, 'pchembl_loss': 0.2798965275287628, 'ranking_loss': 0.0, 'total_loss': 0.27853015065193176, 'epoch': 10.981132075471699}
{'loss': 0.2803, 'grad_norm': 0.74820476770401, 'learning_rate': 7.807547169811322e-06, 'lm_loss': 0.0, 'pchembl_loss': 0.24841533601284027, 'ranking_loss': 0.0, 'total_loss': 0.2472003698348999, 'epoch': 11.0}
{'eval_loss': 0.267446905374527, 'eval_pchembl_norm_mse': 0.4896950125694275, 'eval_pchembl_norm_mae': 0.5131866335868835, 'eval_pchembl_norm_rmse': 0.699782133102417, 'eval_pchembl_r2': 0.5013731718063354, 'eval_pchembl_count': 20000, 'eval_pchembl_norm_mean_pred': -0.02583123743534088, 'eval_pchembl_norm_std_pred': 0.7495594024658203, 'eval_pchembl_norm_mean_true': -0.02121046371757984, 'eval_pchembl_norm_std_true': 0.9910030961036682, 'eval_pchembl_raw_mse': 0.90875244140625, 'eval_pchembl_raw_mae': 0.6990935802459717, 'eval_pchembl_raw_rmse': 0.9532850980758667, 'eval_pchembl_raw_pearson': 0.7096328434660085, 'eval_pchembl_raw_spearman': 0.7213949686871465, 'eval_runtime': 8.8462, 'eval_samples_per_second': 1190.451, 'eval_steps_per_second': 0.113, 'epoch': 11.0}
{'eval_lm_loss': 0.0, 'eval_pchembl_loss': 0.26832987032830713, 'eval_ranking_loss': 0.0, 'eval_total_loss': 0.26701501235365865, 'epoch': 11.0}
{'eval_evaluation_time_sec': 8.90567338000983, 'epoch': 11.0}
{'loss': 0.2752, 'grad_norm': 0.7321645617485046, 'learning_rate': 7.80377358490566e-06, 'lm_loss': 0.0, 'pchembl_loss': 0.2955207824707031, 'ranking_loss': 0.0, 'total_loss': 0.294072687625885, 'epoch': 11.018867924528301}
{'loss': 0.271, 'grad_norm': 0.712315559387207, 'learning_rate': 7.800000000000002e-06, 'lm_loss': 0.0, 'pchembl_loss': 0.25833988189697266, 'ranking_loss': 0.0, 'total_loss': 0.2570715546607971, 'epoch': 11.037735849056604}
{'loss': 0.2757, 'grad_norm': 0.963161051273346, 'learning_rate': 7.79622641509434e-06, 'lm_loss': 0.0, 'pchembl_loss': 0.21153691411018372, 'ranking_loss': 0.0, 'total_loss': 0.21049635112285614, 'epoch': 11.056603773584905}
{'loss': 0.2765, 'grad_norm': 0.928441047668457, 'learning_rate': 7.79245283018868e-06, 'lm_loss': 0.0, 'pchembl_loss': 0.22693297266960144, 'ranking_loss': 0.0, 'total_loss': 0.22581450641155243, 'epoch': 11.075471698113208}
{'loss': 0.2791, 'grad_norm': 1.5808545351028442, 'learning_rate': 7.78867924528302e-06, 'lm_loss': 0.0, 'pchembl_loss': 0.28593698143959045, 'ranking_loss': 0.0, 'total_loss': 0.28452497720718384, 'epoch': 11.09433962264151}
{'loss': 0.2786, 'grad_norm': 0.9170168042182922, 'learning_rate': 7.78490566037736e-06, 'lm_loss': 0.0, 'pchembl_loss': 0.2698565125465393, 'ranking_loss': 0.0, 'total_loss': 0.26852139830589294, 'epoch': 11.11320754716981}
{'loss': 0.2746, 'grad_norm': 1.025933861732483, 'learning_rate': 7.7811320754717e-06, 'lm_loss': 0.0, 'pchembl_loss': 0.306987464427948, 'ranking_loss': 0.0, 'total_loss': 0.30546578764915466, 'epoch': 11.132075471698114}
{'loss': 0.275, 'grad_norm': 0.6870214939117432, 'learning_rate': 7.777358490566038e-06, 'lm_loss': 0.0, 'pchembl_loss': 0.2557705044746399, 'ranking_loss': 0.0, 'total_loss': 0.25450026988983154, 'epoch': 11.150943396226415}
{'loss': 0.2765, 'grad_norm': 1.1007802486419678, 'learning_rate': 7.77358490566038e-06, 'lm_loss': 0.0, 'pchembl_loss': 0.2742123305797577, 'ranking_loss': 0.0, 'total_loss': 0.2728479206562042, 'epoch': 11.169811320754716}
{'loss': 0.2759, 'grad_norm': 0.513339102268219, 'learning_rate': 7.769811320754717e-06, 'lm_loss': 0.0, 'pchembl_loss': 0.296537309885025, 'ranking_loss': 0.0, 'total_loss': 0.2950590252876282, 'epoch': 11.18867924528302}
{'loss': 0.2749, 'grad_norm': 1.3205636739730835, 'learning_rate': 7.766037735849057e-06, 'lm_loss': 0.0, 'pchembl_loss': 0.20946510136127472, 'ranking_loss': 0.0, 'total_loss': 0.20841890573501587, 'epoch': 11.20754716981132}
{'loss': 0.2741, 'grad_norm': 0.7310786843299866, 'learning_rate': 7.762264150943397e-06, 'lm_loss': 0.0, 'pchembl_loss': 0.2132246345281601, 'ranking_loss': 0.0, 'total_loss': 0.21215766668319702, 'epoch': 11.226415094339623}
{'loss': 0.2717, 'grad_norm': 2.001068353652954, 'learning_rate': 7.758490566037736e-06, 'lm_loss': 0.0, 'pchembl_loss': 0.24515078961849213, 'ranking_loss': 0.0, 'total_loss': 0.24392177164554596, 'epoch': 11.245283018867925}
{'loss': 0.2769, 'grad_norm': 0.490427702665329, 'learning_rate': 7.754716981132077e-06, 'lm_loss': 0.0, 'pchembl_loss': 0.3245566487312317, 'ranking_loss': 0.0, 'total_loss': 0.3229266405105591, 'epoch': 11.264150943396226}
{'loss': 0.2704, 'grad_norm': 0.5631647109985352, 'learning_rate': 7.750943396226415e-06, 'lm_loss': 0.0, 'pchembl_loss': 0.24820242822170258, 'ranking_loss': 0.0, 'total_loss': 0.24695365130901337, 'epoch': 11.283018867924529}
{'loss': 0.2736, 'grad_norm': 1.5165449380874634, 'learning_rate': 7.747169811320755e-06, 'lm_loss': 0.0, 'pchembl_loss': 0.262993723154068, 'ranking_loss': 0.0, 'total_loss': 0.2616681158542633, 'epoch': 11.30188679245283}
{'loss': 0.2692, 'grad_norm': 0.6494981050491333, 'learning_rate': 7.743396226415095e-06, 'lm_loss': 0.0, 'pchembl_loss': 0.33357277512550354, 'ranking_loss': 0.0, 'total_loss': 0.33188846707344055, 'epoch': 11.320754716981131}
{'loss': 0.2754, 'grad_norm': 0.5141026377677917, 'learning_rate': 7.739622641509435e-06, 'lm_loss': 0.0, 'pchembl_loss': 0.25521957874298096, 'ranking_loss': 0.0, 'total_loss': 0.25392863154411316, 'epoch': 11.339622641509434}
{'loss': 0.275, 'grad_norm': 0.6265349388122559, 'learning_rate': 7.735849056603775e-06, 'lm_loss': 0.0, 'pchembl_loss': 0.3178898096084595, 'ranking_loss': 0.0, 'total_loss': 0.31627896428108215, 'epoch': 11.358490566037736}
{'loss': 0.27, 'grad_norm': 0.4899680018424988, 'learning_rate': 7.732075471698113e-06, 'lm_loss': 0.0, 'pchembl_loss': 0.2274339646100998, 'ranking_loss': 0.0, 'total_loss': 0.22627940773963928, 'epoch': 11.377358490566039}
{'loss': 0.27, 'grad_norm': 0.611042320728302, 'learning_rate': 7.728301886792453e-06, 'lm_loss': 0.0, 'pchembl_loss': 0.26696154475212097, 'ranking_loss': 0.0, 'total_loss': 0.2656038701534271, 'epoch': 11.39622641509434}
{'loss': 0.2703, 'grad_norm': 0.8952997922897339, 'learning_rate': 7.724528301886793e-06, 'lm_loss': 0.0, 'pchembl_loss': 0.2609989047050476, 'ranking_loss': 0.0, 'total_loss': 0.25966912508010864, 'epoch': 11.415094339622641}
{'loss': 0.2782, 'grad_norm': 0.6452862024307251, 'learning_rate': 7.720754716981133e-06, 'lm_loss': 0.0, 'pchembl_loss': 0.3385697603225708, 'ranking_loss': 0.0, 'total_loss': 0.3368416130542755, 'epoch': 11.433962264150944}
{'loss': 0.2776, 'grad_norm': 0.7804056406021118, 'learning_rate': 7.716981132075473e-06, 'lm_loss': 0.0, 'pchembl_loss': 0.3129759728908539, 'ranking_loss': 0.0, 'total_loss': 0.31137552857398987, 'epoch': 11.452830188679245}
{'loss': 0.2765, 'grad_norm': 0.7372679114341736, 'learning_rate': 7.713207547169813e-06, 'lm_loss': 0.0, 'pchembl_loss': 0.22278743982315063, 'ranking_loss': 0.0, 'total_loss': 0.22164610028266907, 'epoch': 11.471698113207546}
{'loss': 0.2704, 'grad_norm': 1.5171549320220947, 'learning_rate': 7.709433962264151e-06, 'lm_loss': 0.0, 'pchembl_loss': 0.32683756947517395, 'ranking_loss': 0.0, 'total_loss': 0.32516008615493774, 'epoch': 11.49056603773585}
{'loss': 0.2704, 'grad_norm': 0.7619239687919617, 'learning_rate': 7.705660377358491e-06, 'lm_loss': 0.0, 'pchembl_loss': 0.31538155674934387, 'ranking_loss': 0.0, 'total_loss': 0.3137599527835846, 'epoch': 11.50943396226415}
{'loss': 0.2747, 'grad_norm': 1.1962881088256836, 'learning_rate': 7.701886792452831e-06, 'lm_loss': 0.0, 'pchembl_loss': 0.2584444582462311, 'ranking_loss': 0.0, 'total_loss': 0.2571132183074951, 'epoch': 11.528301886792454}
{'loss': 0.2767, 'grad_norm': 0.43323028087615967, 'learning_rate': 7.69811320754717e-06, 'lm_loss': 0.0, 'pchembl_loss': 0.23477204144001007, 'ranking_loss': 0.0, 'total_loss': 0.23356060683727264, 'epoch': 11.547169811320755}
{'loss': 0.2743, 'grad_norm': 1.562507152557373, 'learning_rate': 7.69433962264151e-06, 'lm_loss': 0.0, 'pchembl_loss': 0.275235652923584, 'ranking_loss': 0.0, 'total_loss': 0.2738128900527954, 'epoch': 11.566037735849056}
{'loss': 0.2719, 'grad_norm': 0.6394277215003967, 'learning_rate': 7.690566037735849e-06, 'lm_loss': 0.0, 'pchembl_loss': 0.30954235792160034, 'ranking_loss': 0.0, 'total_loss': 0.30793946981430054, 'epoch': 11.584905660377359}
{'loss': 0.2782, 'grad_norm': 1.5166841745376587, 'learning_rate': 7.686792452830189e-06, 'lm_loss': 0.0, 'pchembl_loss': 0.30449408292770386, 'ranking_loss': 0.0, 'total_loss': 0.3029146194458008, 'epoch': 11.60377358490566}
{'loss': 0.2686, 'grad_norm': 0.8370898962020874, 'learning_rate': 7.683018867924529e-06, 'lm_loss': 0.0, 'pchembl_loss': 0.24073828756809235, 'ranking_loss': 0.0, 'total_loss': 0.239487424492836, 'epoch': 11.622641509433961}
{'loss': 0.2748, 'grad_norm': 1.630151391029358, 'learning_rate': 7.679245283018869e-06, 'lm_loss': 0.0, 'pchembl_loss': 0.2460995465517044, 'ranking_loss': 0.0, 'total_loss': 0.24481862783432007, 'epoch': 11.641509433962264}
{'loss': 0.2679, 'grad_norm': 1.331181287765503, 'learning_rate': 7.675471698113209e-06, 'lm_loss': 0.0, 'pchembl_loss': 0.29572829604148865, 'ranking_loss': 0.0, 'total_loss': 0.294186532497406, 'epoch': 11.660377358490566}
{'loss': 0.2684, 'grad_norm': 0.4280778765678406, 'learning_rate': 7.671698113207547e-06, 'lm_loss': 0.0, 'pchembl_loss': 0.2558586001396179, 'ranking_loss': 0.0, 'total_loss': 0.25452253222465515, 'epoch': 11.679245283018869}
{'loss': 0.2732, 'grad_norm': 1.9603537321090698, 'learning_rate': 7.667924528301888e-06, 'lm_loss': 0.0, 'pchembl_loss': 0.2638307213783264, 'ranking_loss': 0.0, 'total_loss': 0.2624507546424866, 'epoch': 11.69811320754717}
{'loss': 0.2717, 'grad_norm': 1.4131395816802979, 'learning_rate': 7.664150943396227e-06, 'lm_loss': 0.0, 'pchembl_loss': 0.25664836168289185, 'ranking_loss': 0.0, 'total_loss': 0.25530385971069336, 'epoch': 11.716981132075471}
{'loss': 0.278, 'grad_norm': 1.503708839416504, 'learning_rate': 7.660377358490567e-06, 'lm_loss': 0.0, 'pchembl_loss': 0.19820842146873474, 'ranking_loss': 0.0, 'total_loss': 0.19716845452785492, 'epoch': 11.735849056603774}
{'loss': 0.2748, 'grad_norm': 1.6484971046447754, 'learning_rate': 7.656603773584906e-06, 'lm_loss': 0.0, 'pchembl_loss': 0.3176814317703247, 'ranking_loss': 0.0, 'total_loss': 0.31601208448410034, 'epoch': 11.754716981132075}
{'loss': 0.2701, 'grad_norm': 1.0167813301086426, 'learning_rate': 7.652830188679246e-06, 'lm_loss': 0.0, 'pchembl_loss': 0.2941771149635315, 'ranking_loss': 0.0, 'total_loss': 0.2926290035247803, 'epoch': 11.773584905660378}
{'loss': 0.2761, 'grad_norm': 0.4472980201244354, 'learning_rate': 7.649056603773586e-06, 'lm_loss': 0.0, 'pchembl_loss': 0.24756163358688354, 'ranking_loss': 0.0, 'total_loss': 0.24625687301158905, 'epoch': 11.79245283018868}
{'loss': 0.2732, 'grad_norm': 0.6014002561569214, 'learning_rate': 7.645283018867924e-06, 'lm_loss': 0.0, 'pchembl_loss': 0.2675819396972656, 'ranking_loss': 0.0, 'total_loss': 0.2661694884300232, 'epoch': 11.81132075471698}
{'loss': 0.272, 'grad_norm': 0.6513834595680237, 'learning_rate': 7.641509433962266e-06, 'lm_loss': 0.0, 'pchembl_loss': 0.28449752926826477, 'ranking_loss': 0.0, 'total_loss': 0.2829934358596802, 'epoch': 11.830188679245284}
{'loss': 0.2695, 'grad_norm': 1.5043513774871826, 'learning_rate': 7.637735849056604e-06, 'lm_loss': 0.0, 'pchembl_loss': 0.28779152035713196, 'ranking_loss': 0.0, 'total_loss': 0.28626760840415955, 'epoch': 11.849056603773585}
{'loss': 0.2682, 'grad_norm': 0.4687020182609558, 'learning_rate': 7.633962264150944e-06, 'lm_loss': 0.0, 'pchembl_loss': 0.23671111464500427, 'ranking_loss': 0.0, 'total_loss': 0.2354557365179062, 'epoch': 11.867924528301886}
{'loss': 0.2684, 'grad_norm': 0.5025818347930908, 'learning_rate': 7.630188679245284e-06, 'lm_loss': 0.0, 'pchembl_loss': 0.26267462968826294, 'ranking_loss': 0.0, 'total_loss': 0.2612793445587158, 'epoch': 11.88679245283019}
{'loss': 0.2702, 'grad_norm': 0.41461580991744995, 'learning_rate': 7.626415094339623e-06, 'lm_loss': 0.0, 'pchembl_loss': 0.18578694760799408, 'ranking_loss': 0.0, 'total_loss': 0.18479850888252258, 'epoch': 11.90566037735849}
{'loss': 0.2727, 'grad_norm': 0.447684109210968, 'learning_rate': 7.622641509433963e-06, 'lm_loss': 0.0, 'pchembl_loss': 0.255243182182312, 'ranking_loss': 0.0, 'total_loss': 0.25388303399086, 'epoch': 11.924528301886792}
{'loss': 0.2767, 'grad_norm': 0.4954352378845215, 'learning_rate': 7.618867924528302e-06, 'lm_loss': 0.0, 'pchembl_loss': 0.27699005603790283, 'ranking_loss': 0.0, 'total_loss': 0.27551162242889404, 'epoch': 11.943396226415095}
{'loss': 0.2713, 'grad_norm': 0.7101852297782898, 'learning_rate': 7.615094339622642e-06, 'lm_loss': 0.0, 'pchembl_loss': 0.31381669640541077, 'ranking_loss': 0.0, 'total_loss': 0.31213894486427307, 'epoch': 11.962264150943396}
{'loss': 0.2691, 'grad_norm': 1.232742428779602, 'learning_rate': 7.611320754716982e-06, 'lm_loss': 0.0, 'pchembl_loss': 0.29700639843940735, 'ranking_loss': 0.0, 'total_loss': 0.29541587829589844, 'epoch': 11.981132075471699}
{'loss': 0.271, 'grad_norm': 0.464616596698761, 'learning_rate': 7.607547169811321e-06, 'lm_loss': 0.0, 'pchembl_loss': 0.2728046476840973, 'ranking_loss': 0.0, 'total_loss': 0.27134135365486145, 'epoch': 12.0}
{'eval_loss': 0.2623913288116455, 'eval_pchembl_norm_mse': 0.4785405695438385, 'eval_pchembl_norm_mae': 0.5077019333839417, 'eval_pchembl_norm_rmse': 0.6917662620544434, 'eval_pchembl_r2': 0.5127310752868652, 'eval_pchembl_count': 20000, 'eval_pchembl_norm_mean_pred': -0.027992455288767815, 'eval_pchembl_norm_std_pred': 0.7439241409301758, 'eval_pchembl_norm_mean_true': -0.02121046371757984, 'eval_pchembl_norm_std_true': 0.9910030961036682, 'eval_pchembl_raw_mse': 0.8880526423454285, 'eval_pchembl_raw_mae': 0.6916219592094421, 'eval_pchembl_raw_rmse': 0.9423654675483704, 'eval_pchembl_raw_pearson': 0.716882169044339, 'eval_pchembl_raw_spearman': 0.7274650916678501, 'eval_runtime': 8.8741, 'eval_samples_per_second': 1186.716, 'eval_steps_per_second': 0.113, 'epoch': 12.0}
{'eval_lm_loss': 0.0, 'eval_pchembl_loss': 0.2633754525333643, 'eval_ranking_loss': 0.0, 'eval_total_loss': 0.26196039766073226, 'epoch': 12.0}
{'eval_evaluation_time_sec': 8.930413302965462, 'epoch': 12.0}
{'loss': 0.269, 'grad_norm': 0.7700569033622742, 'learning_rate': 7.603773584905662e-06, 'lm_loss': 0.0, 'pchembl_loss': 0.36525335907936096, 'ranking_loss': 0.0, 'total_loss': 0.363290935754776, 'epoch': 12.018867924528301}
{'loss': 0.2744, 'grad_norm': 0.5696687698364258, 'learning_rate': 7.600000000000001e-06, 'lm_loss': 0.0, 'pchembl_loss': 0.3152712285518646, 'ranking_loss': 0.0, 'total_loss': 0.31357455253601074, 'epoch': 12.037735849056604}
{'loss': 0.2715, 'grad_norm': 1.077195405960083, 'learning_rate': 7.59622641509434e-06, 'lm_loss': 0.0, 'pchembl_loss': 0.23992013931274414, 'ranking_loss': 0.0, 'total_loss': 0.23862682282924652, 'epoch': 12.056603773584905}
{'loss': 0.2734, 'grad_norm': 0.5591972470283508, 'learning_rate': 7.59245283018868e-06, 'lm_loss': 0.0, 'pchembl_loss': 0.28131982684135437, 'ranking_loss': 0.0, 'total_loss': 0.2798008322715759, 'epoch': 12.075471698113208}
{'loss': 0.2747, 'grad_norm': 1.5402746200561523, 'learning_rate': 7.588679245283019e-06, 'lm_loss': 0.0, 'pchembl_loss': 0.2964881956577301, 'ranking_loss': 0.0, 'total_loss': 0.2948846220970154, 'epoch': 12.09433962264151}
{'loss': 0.2713, 'grad_norm': 0.900492787361145, 'learning_rate': 7.58490566037736e-06, 'lm_loss': 0.0, 'pchembl_loss': 0.24968940019607544, 'ranking_loss': 0.0, 'total_loss': 0.2483367621898651, 'epoch': 12.11320754716981}
{'loss': 0.2691, 'grad_norm': 1.209859848022461, 'learning_rate': 7.581132075471699e-06, 'lm_loss': 0.0, 'pchembl_loss': 0.2745693624019623, 'ranking_loss': 0.0, 'total_loss': 0.273079514503479, 'epoch': 12.132075471698114}
{'loss': 0.2692, 'grad_norm': 2.0173442363739014, 'learning_rate': 7.577358490566038e-06, 'lm_loss': 0.0, 'pchembl_loss': 0.27271243929862976, 'ranking_loss': 0.0, 'total_loss': 0.2712303102016449, 'epoch': 12.150943396226415}
{'loss': 0.2694, 'grad_norm': 0.5336951613426208, 'learning_rate': 7.573584905660379e-06, 'lm_loss': 0.0, 'pchembl_loss': 0.28748005628585815, 'ranking_loss': 0.0, 'total_loss': 0.2859152555465698, 'epoch': 12.169811320754716}
{'loss': 0.2736, 'grad_norm': 1.7199342250823975, 'learning_rate': 7.569811320754718e-06, 'lm_loss': 0.0, 'pchembl_loss': 0.28747808933258057, 'ranking_loss': 0.0, 'total_loss': 0.28591087460517883, 'epoch': 12.18867924528302}
{'loss': 0.2673, 'grad_norm': 2.288005828857422, 'learning_rate': 7.566037735849058e-06, 'lm_loss': 0.0, 'pchembl_loss': 0.2814396917819977, 'ranking_loss': 0.0, 'total_loss': 0.2799031138420105, 'epoch': 12.20754716981132}
{'loss': 0.2651, 'grad_norm': 0.672813892364502, 'learning_rate': 7.562264150943397e-06, 'lm_loss': 0.0, 'pchembl_loss': 0.24619071185588837, 'ranking_loss': 0.0, 'total_loss': 0.24484467506408691, 'epoch': 12.226415094339623}
{'loss': 0.2661, 'grad_norm': 2.113340139389038, 'learning_rate': 7.558490566037736e-06, 'lm_loss': 0.0, 'pchembl_loss': 0.2817070782184601, 'ranking_loss': 0.0, 'total_loss': 0.2801646292209625, 'epoch': 12.245283018867925}
{'loss': 0.2722, 'grad_norm': 2.87003493309021, 'learning_rate': 7.5547169811320765e-06, 'lm_loss': 0.0, 'pchembl_loss': 0.30431780219078064, 'ranking_loss': 0.0, 'total_loss': 0.30264922976493835, 'epoch': 12.264150943396226}
{'loss': 0.2596, 'grad_norm': 0.9710512757301331, 'learning_rate': 7.550943396226416e-06, 'lm_loss': 0.0, 'pchembl_loss': 0.24062861502170563, 'ranking_loss': 0.0, 'total_loss': 0.23930753767490387, 'epoch': 12.283018867924529}
{'loss': 0.2705, 'grad_norm': 1.4639934301376343, 'learning_rate': 7.5471698113207555e-06, 'lm_loss': 0.0, 'pchembl_loss': 0.2986242473125458, 'ranking_loss': 0.0, 'total_loss': 0.2969825863838196, 'epoch': 12.30188679245283}
{'loss': 0.2687, 'grad_norm': 2.1874141693115234, 'learning_rate': 7.543396226415095e-06, 'lm_loss': 0.0, 'pchembl_loss': 0.27015262842178345, 'ranking_loss': 0.0, 'total_loss': 0.26866552233695984, 'epoch': 12.320754716981131}
{'loss': 0.2741, 'grad_norm': 1.9100371599197388, 'learning_rate': 7.5396226415094345e-06, 'lm_loss': 0.0, 'pchembl_loss': 0.27692970633506775, 'ranking_loss': 0.0, 'total_loss': 0.27540335059165955, 'epoch': 12.339622641509434}
{'loss': 0.2717, 'grad_norm': 2.317113161087036, 'learning_rate': 7.535849056603774e-06, 'lm_loss': 0.0, 'pchembl_loss': 0.2807651460170746, 'ranking_loss': 0.0, 'total_loss': 0.2792157530784607, 'epoch': 12.358490566037736}
{'loss': 0.2768, 'grad_norm': 3.147521734237671, 'learning_rate': 7.5320754716981135e-06, 'lm_loss': 0.0, 'pchembl_loss': 0.26070719957351685, 'ranking_loss': 0.0, 'total_loss': 0.25926679372787476, 'epoch': 12.377358490566039}
{'loss': 0.27, 'grad_norm': 1.9587452411651611, 'learning_rate': 7.528301886792454e-06, 'lm_loss': 0.0, 'pchembl_loss': 0.3213752806186676, 'ranking_loss': 0.0, 'total_loss': 0.31959769129753113, 'epoch': 12.39622641509434}
{'loss': 0.2662, 'grad_norm': 1.34308660030365, 'learning_rate': 7.524528301886793e-06, 'lm_loss': 0.0, 'pchembl_loss': 0.26043960452079773, 'ranking_loss': 0.0, 'total_loss': 0.25899747014045715, 'epoch': 12.415094339622641}
{'loss': 0.2699, 'grad_norm': 2.371819496154785, 'learning_rate': 7.520754716981132e-06, 'lm_loss': 0.0, 'pchembl_loss': 0.2527478039264679, 'ranking_loss': 0.0, 'total_loss': 0.2513467073440552, 'epoch': 12.433962264150944}
{'loss': 0.2717, 'grad_norm': 1.1135644912719727, 'learning_rate': 7.516981132075472e-06, 'lm_loss': 0.0, 'pchembl_loss': 0.22993673384189606, 'ranking_loss': 0.0, 'total_loss': 0.2286607325077057, 'epoch': 12.452830188679245}
{'loss': 0.2699, 'grad_norm': 1.2730495929718018, 'learning_rate': 7.513207547169812e-06, 'lm_loss': 0.0, 'pchembl_loss': 0.3086620569229126, 'ranking_loss': 0.0, 'total_loss': 0.306947261095047, 'epoch': 12.471698113207546}
{'loss': 0.2746, 'grad_norm': 2.9566872119903564, 'learning_rate': 7.509433962264152e-06, 'lm_loss': 0.0, 'pchembl_loss': 0.272600382566452, 'ranking_loss': 0.0, 'total_loss': 0.2710842192173004, 'epoch': 12.49056603773585}
{'loss': 0.2712, 'grad_norm': 1.0665231943130493, 'learning_rate': 7.505660377358491e-06, 'lm_loss': 0.0, 'pchembl_loss': 0.22847704589366913, 'ranking_loss': 0.0, 'total_loss': 0.22720490396022797, 'epoch': 12.50943396226415}
{'loss': 0.2728, 'grad_norm': 2.1872613430023193, 'learning_rate': 7.50188679245283e-06, 'lm_loss': 0.0, 'pchembl_loss': 0.29066547751426697, 'ranking_loss': 0.0, 'total_loss': 0.2890452444553375, 'epoch': 12.528301886792454}
{'loss': 0.2678, 'grad_norm': 2.4878532886505127, 'learning_rate': 7.498113207547171e-06, 'lm_loss': 0.0, 'pchembl_loss': 0.2363359034061432, 'ranking_loss': 0.0, 'total_loss': 0.2350170612335205, 'epoch': 12.547169811320755}
{'loss': 0.2684, 'grad_norm': 1.4793126583099365, 'learning_rate': 7.49433962264151e-06, 'lm_loss': 0.0, 'pchembl_loss': 0.21500979363918304, 'ranking_loss': 0.0, 'total_loss': 0.21380868554115295, 'epoch': 12.566037735849056}
{'loss': 0.2682, 'grad_norm': 1.178590178489685, 'learning_rate': 7.490566037735849e-06, 'lm_loss': 0.0, 'pchembl_loss': 0.26563024520874023, 'ranking_loss': 0.0, 'total_loss': 0.26414477825164795, 'epoch': 12.584905660377359}
{'loss': 0.2704, 'grad_norm': 2.512991428375244, 'learning_rate': 7.486792452830189e-06, 'lm_loss': 0.0, 'pchembl_loss': 0.28875306248664856, 'ranking_loss': 0.0, 'total_loss': 0.2871365249156952, 'epoch': 12.60377358490566}
{'loss': 0.2724, 'grad_norm': 0.8424375653266907, 'learning_rate': 7.483018867924529e-06, 'lm_loss': 0.0, 'pchembl_loss': 0.2669653594493866, 'ranking_loss': 0.0, 'total_loss': 0.2654692232608795, 'epoch': 12.622641509433961}
{'loss': 0.2668, 'grad_norm': 1.5401666164398193, 'learning_rate': 7.479245283018869e-06, 'lm_loss': 0.0, 'pchembl_loss': 0.260589599609375, 'ranking_loss': 0.0, 'total_loss': 0.25912755727767944, 'epoch': 12.641509433962264}
{'loss': 0.2666, 'grad_norm': 2.4237899780273438, 'learning_rate': 7.475471698113208e-06, 'lm_loss': 0.0, 'pchembl_loss': 0.31938594579696655, 'ranking_loss': 0.0, 'total_loss': 0.3175920248031616, 'epoch': 12.660377358490566}
{'loss': 0.2684, 'grad_norm': 0.49909982085227966, 'learning_rate': 7.471698113207547e-06, 'lm_loss': 0.0, 'pchembl_loss': 0.2966674864292145, 'ranking_loss': 0.0, 'total_loss': 0.2949993908405304, 'epoch': 12.679245283018869}
{'loss': 0.2713, 'grad_norm': 1.1067681312561035, 'learning_rate': 7.467924528301888e-06, 'lm_loss': 0.0, 'pchembl_loss': 0.3324742317199707, 'ranking_loss': 0.0, 'total_loss': 0.3306026756763458, 'epoch': 12.69811320754717}
{'loss': 0.2696, 'grad_norm': 0.4126078486442566, 'learning_rate': 7.464150943396227e-06, 'lm_loss': 0.0, 'pchembl_loss': 0.3562009334564209, 'ranking_loss': 0.0, 'total_loss': 0.35419347882270813, 'epoch': 12.716981132075471}
{'loss': 0.27, 'grad_norm': 0.5138735175132751, 'learning_rate': 7.460377358490567e-06, 'lm_loss': 0.0, 'pchembl_loss': 0.26661136746406555, 'ranking_loss': 0.0, 'total_loss': 0.2651069760322571, 'epoch': 12.735849056603774}
{'loss': 0.2676, 'grad_norm': 0.9251095056533813, 'learning_rate': 7.456603773584906e-06, 'lm_loss': 0.0, 'pchembl_loss': 0.34761789441108704, 'ranking_loss': 0.0, 'total_loss': 0.3456539511680603, 'epoch': 12.754716981132075}
{'loss': 0.2682, 'grad_norm': 0.5030567049980164, 'learning_rate': 7.452830188679246e-06, 'lm_loss': 0.0, 'pchembl_loss': 0.2299710363149643, 'ranking_loss': 0.0, 'total_loss': 0.22867009043693542, 'epoch': 12.773584905660378}
{'loss': 0.2695, 'grad_norm': 1.1270164251327515, 'learning_rate': 7.449056603773586e-06, 'lm_loss': 0.0, 'pchembl_loss': 0.23425526916980743, 'ranking_loss': 0.0, 'total_loss': 0.2329283207654953, 'epoch': 12.79245283018868}
{'loss': 0.2665, 'grad_norm': 0.5399878621101379, 'learning_rate': 7.445283018867925e-06, 'lm_loss': 0.0, 'pchembl_loss': 0.20181480050086975, 'ranking_loss': 0.0, 'total_loss': 0.20067007839679718, 'epoch': 12.81132075471698}
{'loss': 0.2701, 'grad_norm': 1.2291038036346436, 'learning_rate': 7.4415094339622655e-06, 'lm_loss': 0.0, 'pchembl_loss': 0.36675646901130676, 'ranking_loss': 0.0, 'total_loss': 0.36467331647872925, 'epoch': 12.830188679245284}
{'loss': 0.2679, 'grad_norm': 0.7143269777297974, 'learning_rate': 7.4377358490566045e-06, 'lm_loss': 0.0, 'pchembl_loss': 0.24863073229789734, 'ranking_loss': 0.0, 'total_loss': 0.2472166121006012, 'epoch': 12.849056603773585}
{'loss': 0.271, 'grad_norm': 0.5060774087905884, 'learning_rate': 7.433962264150944e-06, 'lm_loss': 0.0, 'pchembl_loss': 0.3529258966445923, 'ranking_loss': 0.0, 'total_loss': 0.350915789604187, 'epoch': 12.867924528301886}
{'loss': 0.2683, 'grad_norm': 0.814155638217926, 'learning_rate': 7.4301886792452835e-06, 'lm_loss': 0.0, 'pchembl_loss': 0.222768172621727, 'ranking_loss': 0.0, 'total_loss': 0.22149758040905, 'epoch': 12.88679245283019}
{'loss': 0.2698, 'grad_norm': 0.797676682472229, 'learning_rate': 7.426415094339623e-06, 'lm_loss': 0.0, 'pchembl_loss': 0.2780599594116211, 'ranking_loss': 0.0, 'total_loss': 0.27647173404693604, 'epoch': 12.90566037735849}
{'loss': 0.2655, 'grad_norm': 0.6654985547065735, 'learning_rate': 7.422641509433963e-06, 'lm_loss': 0.0, 'pchembl_loss': 0.30568572878837585, 'ranking_loss': 0.0, 'total_loss': 0.3039371967315674, 'epoch': 12.924528301886792}
{'loss': 0.2663, 'grad_norm': 0.9981025457382202, 'learning_rate': 7.418867924528302e-06, 'lm_loss': 0.0, 'pchembl_loss': 0.34088119864463806, 'ranking_loss': 0.0, 'total_loss': 0.3389284908771515, 'epoch': 12.943396226415095}
{'loss': 0.2678, 'grad_norm': 0.8426824808120728, 'learning_rate': 7.4150943396226415e-06, 'lm_loss': 0.0, 'pchembl_loss': 0.3213410973548889, 'ranking_loss': 0.0, 'total_loss': 0.31949758529663086, 'epoch': 12.962264150943396}
{'loss': 0.2647, 'grad_norm': 2.050902843475342, 'learning_rate': 7.411320754716982e-06, 'lm_loss': 0.0, 'pchembl_loss': 0.2530937194824219, 'ranking_loss': 0.0, 'total_loss': 0.25163960456848145, 'epoch': 12.981132075471699}
{'loss': 0.2678, 'grad_norm': 1.4592262506484985, 'learning_rate': 7.407547169811321e-06, 'lm_loss': 0.0, 'pchembl_loss': 0.27898499369621277, 'ranking_loss': 0.0, 'total_loss': 0.2773798406124115, 'epoch': 13.0}
{'eval_loss': 0.25849559903144836, 'eval_pchembl_norm_mse': 0.4721532166004181, 'eval_pchembl_norm_mae': 0.5015807747840881, 'eval_pchembl_norm_rmse': 0.6871340870857239, 'eval_pchembl_r2': 0.5192348957061768, 'eval_pchembl_count': 20000, 'eval_pchembl_norm_mean_pred': -0.04563450068235397, 'eval_pchembl_norm_std_pred': 0.7495842576026917, 'eval_pchembl_norm_mean_true': -0.02121046371757984, 'eval_pchembl_norm_std_true': 0.9910030961036682, 'eval_pchembl_raw_mse': 0.8761992454528809, 'eval_pchembl_raw_mae': 0.6832833886146545, 'eval_pchembl_raw_rmse': 0.9360551238059998, 'eval_pchembl_raw_pearson': 0.7218287970779224, 'eval_pchembl_raw_spearman': 0.7313786342155603, 'eval_runtime': 8.9473, 'eval_samples_per_second': 1176.999, 'eval_steps_per_second': 0.112, 'epoch': 13.0}
{'eval_lm_loss': 0.0, 'eval_pchembl_loss': 0.2595699147880077, 'eval_ranking_loss': 0.0, 'eval_total_loss': 0.2580744171887636, 'epoch': 13.0}
{'eval_evaluation_time_sec': 8.971027109073475, 'epoch': 13.0}
{'loss': 0.2662, 'grad_norm': 0.9004102945327759, 'learning_rate': 7.403773584905661e-06, 'lm_loss': 0.0, 'pchembl_loss': 0.2104101926088333, 'ranking_loss': 0.0, 'total_loss': 0.20919792354106903, 'epoch': 13.018867924528301}
{'loss': 0.268, 'grad_norm': 0.4907591640949249, 'learning_rate': 7.4e-06, 'lm_loss': 0.0, 'pchembl_loss': 0.24611426889896393, 'ranking_loss': 0.0, 'total_loss': 0.2446943074464798, 'epoch': 13.037735849056604}
{'loss': 0.2638, 'grad_norm': 0.9013528227806091, 'learning_rate': 7.396226415094339e-06, 'lm_loss': 0.0, 'pchembl_loss': 0.294583261013031, 'ranking_loss': 0.0, 'total_loss': 0.2928812503814697, 'epoch': 13.056603773584905}
{'loss': 0.2677, 'grad_norm': 0.9171894192695618, 'learning_rate': 7.39245283018868e-06, 'lm_loss': 0.0, 'pchembl_loss': 0.1975691169500351, 'ranking_loss': 0.0, 'total_loss': 0.19642598927021027, 'epoch': 13.075471698113208}
{'loss': 0.2671, 'grad_norm': 0.8188149929046631, 'learning_rate': 7.388679245283019e-06, 'lm_loss': 0.0, 'pchembl_loss': 0.2607435882091522, 'ranking_loss': 0.0, 'total_loss': 0.259232759475708, 'epoch': 13.09433962264151}
{'loss': 0.2685, 'grad_norm': 1.2184741497039795, 'learning_rate': 7.384905660377359e-06, 'lm_loss': 0.0, 'pchembl_loss': 0.33920368552207947, 'ranking_loss': 0.0, 'total_loss': 0.33723539113998413, 'epoch': 13.11320754716981}
{'loss': 0.2647, 'grad_norm': 1.2021000385284424, 'learning_rate': 7.381132075471699e-06, 'lm_loss': 0.0, 'pchembl_loss': 0.2626452147960663, 'ranking_loss': 0.0, 'total_loss': 0.26111897826194763, 'epoch': 13.132075471698114}
{'loss': 0.2645, 'grad_norm': 0.859027087688446, 'learning_rate': 7.377358490566038e-06, 'lm_loss': 0.0, 'pchembl_loss': 0.21052201092243195, 'ranking_loss': 0.0, 'total_loss': 0.20929691195487976, 'epoch': 13.150943396226415}
{'loss': 0.2647, 'grad_norm': 0.8137330412864685, 'learning_rate': 7.373584905660378e-06, 'lm_loss': 0.0, 'pchembl_loss': 0.25071704387664795, 'ranking_loss': 0.0, 'total_loss': 0.2492559552192688, 'epoch': 13.169811320754716}
{'loss': 0.2621, 'grad_norm': 1.210362195968628, 'learning_rate': 7.369811320754717e-06, 'lm_loss': 0.0, 'pchembl_loss': 0.2923513650894165, 'ranking_loss': 0.0, 'total_loss': 0.29064518213272095, 'epoch': 13.18867924528302}
{'loss': 0.264, 'grad_norm': 1.2613592147827148, 'learning_rate': 7.366037735849058e-06, 'lm_loss': 0.0, 'pchembl_loss': 0.2589150071144104, 'ranking_loss': 0.0, 'total_loss': 0.25740182399749756, 'epoch': 13.20754716981132}
{'loss': 0.2653, 'grad_norm': 1.534827470779419, 'learning_rate': 7.362264150943397e-06, 'lm_loss': 0.0, 'pchembl_loss': 0.2950263023376465, 'ranking_loss': 0.0, 'total_loss': 0.2932996451854706, 'epoch': 13.226415094339623}
{'loss': 0.2713, 'grad_norm': 0.5620744228363037, 'learning_rate': 7.358490566037736e-06, 'lm_loss': 0.0, 'pchembl_loss': 0.30099621415138245, 'ranking_loss': 0.0, 'total_loss': 0.29923221468925476, 'epoch': 13.245283018867925}
{'loss': 0.2624, 'grad_norm': 1.850867748260498, 'learning_rate': 7.354716981132076e-06, 'lm_loss': 0.0, 'pchembl_loss': 0.22910372912883759, 'ranking_loss': 0.0, 'total_loss': 0.2277592122554779, 'epoch': 13.264150943396226}
{'loss': 0.2654, 'grad_norm': 1.1641275882720947, 'learning_rate': 7.350943396226416e-06, 'lm_loss': 0.0, 'pchembl_loss': 0.31716257333755493, 'ranking_loss': 0.0, 'total_loss': 0.31529882550239563, 'epoch': 13.283018867924529}
{'loss': 0.2702, 'grad_norm': 0.8450731039047241, 'learning_rate': 7.347169811320756e-06, 'lm_loss': 0.0, 'pchembl_loss': 0.3396989405155182, 'ranking_loss': 0.0, 'total_loss': 0.33770012855529785, 'epoch': 13.30188679245283}
{'loss': 0.2659, 'grad_norm': 1.2420997619628906, 'learning_rate': 7.343396226415095e-06, 'lm_loss': 0.0, 'pchembl_loss': 0.27286553382873535, 'ranking_loss': 0.0, 'total_loss': 0.27125778794288635, 'epoch': 13.320754716981131}
{'loss': 0.2678, 'grad_norm': 0.6800005435943604, 'learning_rate': 7.339622641509434e-06, 'lm_loss': 0.0, 'pchembl_loss': 0.2781839668750763, 'ranking_loss': 0.0, 'total_loss': 0.27654269337654114, 'epoch': 13.339622641509434}
{'loss': 0.2668, 'grad_norm': 1.918745994567871, 'learning_rate': 7.335849056603775e-06, 'lm_loss': 0.0, 'pchembl_loss': 0.25315114855766296, 'ranking_loss': 0.0, 'total_loss': 0.25165554881095886, 'epoch': 13.358490566037736}
{'loss': 0.2681, 'grad_norm': 2.048588275909424, 'learning_rate': 7.332075471698114e-06, 'lm_loss': 0.0, 'pchembl_loss': 0.2877892553806305, 'ranking_loss': 0.0, 'total_loss': 0.2860868275165558, 'epoch': 13.377358490566039}
{'loss': 0.2706, 'grad_norm': 0.48728957772254944, 'learning_rate': 7.328301886792454e-06, 'lm_loss': 0.0, 'pchembl_loss': 0.2822636663913727, 'ranking_loss': 0.0, 'total_loss': 0.28059184551239014, 'epoch': 13.39622641509434}
{'loss': 0.2615, 'grad_norm': 1.6764798164367676, 'learning_rate': 7.324528301886793e-06, 'lm_loss': 0.0, 'pchembl_loss': 0.21065326035022736, 'ranking_loss': 0.0, 'total_loss': 0.20940400660037994, 'epoch': 13.415094339622641}
{'loss': 0.266, 'grad_norm': 1.6059836149215698, 'learning_rate': 7.3207547169811326e-06, 'lm_loss': 0.0, 'pchembl_loss': 0.21300667524337769, 'ranking_loss': 0.0, 'total_loss': 0.21174192428588867, 'epoch': 13.433962264150944}
{'loss': 0.2676, 'grad_norm': 0.4515872895717621, 'learning_rate': 7.3169811320754725e-06, 'lm_loss': 0.0, 'pchembl_loss': 0.20856767892837524, 'ranking_loss': 0.0, 'total_loss': 0.20732778310775757, 'epoch': 13.452830188679245}
{'loss': 0.2621, 'grad_norm': 1.9049760103225708, 'learning_rate': 7.3132075471698116e-06, 'lm_loss': 0.0, 'pchembl_loss': 0.3019242584705353, 'ranking_loss': 0.0, 'total_loss': 0.30012717843055725, 'epoch': 13.471698113207546}
{'loss': 0.2729, 'grad_norm': 1.3673479557037354, 'learning_rate': 7.309433962264152e-06, 'lm_loss': 0.0, 'pchembl_loss': 0.3173746168613434, 'ranking_loss': 0.0, 'total_loss': 0.31548330187797546, 'epoch': 13.49056603773585}
{'loss': 0.2657, 'grad_norm': 1.4685108661651611, 'learning_rate': 7.305660377358491e-06, 'lm_loss': 0.0, 'pchembl_loss': 0.30319806933403015, 'ranking_loss': 0.0, 'total_loss': 0.3013891279697418, 'epoch': 13.50943396226415}
{'loss': 0.2661, 'grad_norm': 1.7842059135437012, 'learning_rate': 7.3018867924528305e-06, 'lm_loss': 0.0, 'pchembl_loss': 0.29098764061927795, 'ranking_loss': 0.0, 'total_loss': 0.2892495095729828, 'epoch': 13.528301886792454}
{'loss': 0.2679, 'grad_norm': 0.5002674460411072, 'learning_rate': 7.29811320754717e-06, 'lm_loss': 0.0, 'pchembl_loss': 0.2401217818260193, 'ranking_loss': 0.0, 'total_loss': 0.23868584632873535, 'epoch': 13.547169811320755}
{'loss': 0.2618, 'grad_norm': 1.5197826623916626, 'learning_rate': 7.2943396226415094e-06, 'lm_loss': 0.0, 'pchembl_loss': 0.323129802942276, 'ranking_loss': 0.0, 'total_loss': 0.32119521498680115, 'epoch': 13.566037735849056}
{'loss': 0.2653, 'grad_norm': 1.445715308189392, 'learning_rate': 7.29056603773585e-06, 'lm_loss': 0.0, 'pchembl_loss': 0.3222983777523041, 'ranking_loss': 0.0, 'total_loss': 0.3203665614128113, 'epoch': 13.584905660377359}
{'loss': 0.2634, 'grad_norm': 0.463515043258667, 'learning_rate': 7.286792452830189e-06, 'lm_loss': 0.0, 'pchembl_loss': 0.28714120388031006, 'ranking_loss': 0.0, 'total_loss': 0.28541818261146545, 'epoch': 13.60377358490566}
{'loss': 0.268, 'grad_norm': 1.9917234182357788, 'learning_rate': 7.283018867924528e-06, 'lm_loss': 0.0, 'pchembl_loss': 0.23637636005878448, 'ranking_loss': 0.0, 'total_loss': 0.234956294298172, 'epoch': 13.622641509433961}
{'loss': 0.2664, 'grad_norm': 1.727516770362854, 'learning_rate': 7.279245283018869e-06, 'lm_loss': 0.0, 'pchembl_loss': 0.23821792006492615, 'ranking_loss': 0.0, 'total_loss': 0.2367851734161377, 'epoch': 13.641509433962264}
{'loss': 0.2658, 'grad_norm': 0.6126220226287842, 'learning_rate': 7.275471698113208e-06, 'lm_loss': 0.0, 'pchembl_loss': 0.3087923526763916, 'ranking_loss': 0.0, 'total_loss': 0.30693307518959045, 'epoch': 13.660377358490566}
{'loss': 0.2604, 'grad_norm': 1.5251349210739136, 'learning_rate': 7.271698113207548e-06, 'lm_loss': 0.0, 'pchembl_loss': 0.26082655787467957, 'ranking_loss': 0.0, 'total_loss': 0.2592543065547943, 'epoch': 13.679245283018869}
{'loss': 0.2638, 'grad_norm': 1.2947949171066284, 'learning_rate': 7.267924528301887e-06, 'lm_loss': 0.0, 'pchembl_loss': 0.2752087414264679, 'ranking_loss': 0.0, 'total_loss': 0.2735479474067688, 'epoch': 13.69811320754717}
{'loss': 0.2654, 'grad_norm': 1.8990678787231445, 'learning_rate': 7.264150943396226e-06, 'lm_loss': 0.0, 'pchembl_loss': 0.22997550666332245, 'ranking_loss': 0.0, 'total_loss': 0.2285861223936081, 'epoch': 13.716981132075471}
{'loss': 0.2629, 'grad_norm': 2.0913281440734863, 'learning_rate': 7.260377358490567e-06, 'lm_loss': 0.0, 'pchembl_loss': 0.2428121566772461, 'ranking_loss': 0.0, 'total_loss': 0.24134361743927002, 'epoch': 13.735849056603774}
{'loss': 0.2609, 'grad_norm': 0.6240883469581604, 'learning_rate': 7.256603773584906e-06, 'lm_loss': 0.0, 'pchembl_loss': 0.2641877233982086, 'ranking_loss': 0.0, 'total_loss': 0.262588232755661, 'epoch': 13.754716981132075}
{'loss': 0.2678, 'grad_norm': 1.6695101261138916, 'learning_rate': 7.252830188679246e-06, 'lm_loss': 0.0, 'pchembl_loss': 0.2915044128894806, 'ranking_loss': 0.0, 'total_loss': 0.28973761200904846, 'epoch': 13.773584905660378}
{'loss': 0.2664, 'grad_norm': 1.4184198379516602, 'learning_rate': 7.249056603773585e-06, 'lm_loss': 0.0, 'pchembl_loss': 0.2689509391784668, 'ranking_loss': 0.0, 'total_loss': 0.26731908321380615, 'epoch': 13.79245283018868}
{'loss': 0.2633, 'grad_norm': 0.4343801736831665, 'learning_rate': 7.245283018867925e-06, 'lm_loss': 0.0, 'pchembl_loss': 0.3555467128753662, 'ranking_loss': 0.0, 'total_loss': 0.35338714718818665, 'epoch': 13.81132075471698}
{'loss': 0.2673, 'grad_norm': 2.2520995140075684, 'learning_rate': 7.241509433962265e-06, 'lm_loss': 0.0, 'pchembl_loss': 0.2673826217651367, 'ranking_loss': 0.0, 'total_loss': 0.2657567858695984, 'epoch': 13.830188679245284}
{'loss': 0.2684, 'grad_norm': 0.775104284286499, 'learning_rate': 7.237735849056604e-06, 'lm_loss': 0.0, 'pchembl_loss': 0.2773670554161072, 'ranking_loss': 0.0, 'total_loss': 0.27567872405052185, 'epoch': 13.849056603773585}
{'loss': 0.2619, 'grad_norm': 0.9506032466888428, 'learning_rate': 7.233962264150945e-06, 'lm_loss': 0.0, 'pchembl_loss': 0.2307804673910141, 'ranking_loss': 0.0, 'total_loss': 0.22937417030334473, 'epoch': 13.867924528301886}
{'loss': 0.2652, 'grad_norm': 0.5440822839736938, 'learning_rate': 7.230188679245284e-06, 'lm_loss': 0.0, 'pchembl_loss': 0.23889823257923126, 'ranking_loss': 0.0, 'total_loss': 0.2374408096075058, 'epoch': 13.88679245283019}
{'loss': 0.2605, 'grad_norm': 1.1562893390655518, 'learning_rate': 7.226415094339623e-06, 'lm_loss': 0.0, 'pchembl_loss': 0.2665596902370453, 'ranking_loss': 0.0, 'total_loss': 0.2649316191673279, 'epoch': 13.90566037735849}
{'loss': 0.2613, 'grad_norm': 0.7053248286247253, 'learning_rate': 7.222641509433963e-06, 'lm_loss': 0.0, 'pchembl_loss': 0.21611827611923218, 'ranking_loss': 0.0, 'total_loss': 0.2147967517375946, 'epoch': 13.924528301886792}
{'loss': 0.2641, 'grad_norm': 0.5307899713516235, 'learning_rate': 7.218867924528302e-06, 'lm_loss': 0.0, 'pchembl_loss': 0.2813761532306671, 'ranking_loss': 0.0, 'total_loss': 0.27965351939201355, 'epoch': 13.943396226415095}
{'loss': 0.2679, 'grad_norm': 0.7343649864196777, 'learning_rate': 7.2150943396226426e-06, 'lm_loss': 0.0, 'pchembl_loss': 0.20165960490703583, 'ranking_loss': 0.0, 'total_loss': 0.20042350888252258, 'epoch': 13.962264150943396}
{'loss': 0.2685, 'grad_norm': 1.0412086248397827, 'learning_rate': 7.211320754716982e-06, 'lm_loss': 0.0, 'pchembl_loss': 0.2939161956310272, 'ranking_loss': 0.0, 'total_loss': 0.2921123504638672, 'epoch': 13.981132075471699}
{'loss': 0.2603, 'grad_norm': 0.588803768157959, 'learning_rate': 7.207547169811321e-06, 'lm_loss': 0.0, 'pchembl_loss': 0.24959737062454224, 'ranking_loss': 0.0, 'total_loss': 0.2480636090040207, 'epoch': 14.0}
{'eval_loss': 0.25481948256492615, 'eval_pchembl_norm_mse': 0.4638727605342865, 'eval_pchembl_norm_mae': 0.49690136313438416, 'eval_pchembl_norm_rmse': 0.6810820698738098, 'eval_pchembl_r2': 0.527666449546814, 'eval_pchembl_count': 20000, 'eval_pchembl_norm_mean_pred': -0.040306009352207184, 'eval_pchembl_norm_std_pred': 0.7524936199188232, 'eval_pchembl_norm_mean_true': -0.02121046371757984, 'eval_pchembl_norm_std_true': 0.9910030961036682, 'eval_pchembl_raw_mse': 0.8608328104019165, 'eval_pchembl_raw_mae': 0.6769087314605713, 'eval_pchembl_raw_rmse': 0.927810788154602, 'eval_pchembl_raw_pearson': 0.7273645534478077, 'eval_pchembl_raw_spearman': 0.7356704037371108, 'eval_runtime': 8.9894, 'eval_samples_per_second': 1171.496, 'eval_steps_per_second': 0.111, 'epoch': 14.0}
{'eval_lm_loss': 0.0, 'eval_pchembl_loss': 0.2559334634244442, 'eval_ranking_loss': 0.0, 'eval_total_loss': 0.25435876943171026, 'epoch': 14.0}
{'eval_evaluation_time_sec': 9.037109764060006, 'epoch': 14.0}
{'loss': 0.2622, 'grad_norm': 0.6152938604354858, 'learning_rate': 7.2037735849056615e-06, 'lm_loss': 0.0, 'pchembl_loss': 0.3397497832775116, 'ranking_loss': 0.0, 'total_loss': 0.33765938878059387, 'epoch': 14.018867924528301}
{'loss': 0.2654, 'grad_norm': 0.9910672903060913, 'learning_rate': 7.2000000000000005e-06, 'lm_loss': 0.0, 'pchembl_loss': 0.2984716594219208, 'ranking_loss': 0.0, 'total_loss': 0.29663288593292236, 'epoch': 14.037735849056604}
{'loss': 0.2642, 'grad_norm': 1.5342086553573608, 'learning_rate': 7.1962264150943404e-06, 'lm_loss': 0.0, 'pchembl_loss': 0.21789832413196564, 'ranking_loss': 0.0, 'total_loss': 0.2165541797876358, 'epoch': 14.056603773584905}
{'loss': 0.2633, 'grad_norm': 0.9107959866523743, 'learning_rate': 7.1924528301886795e-06, 'lm_loss': 0.0, 'pchembl_loss': 0.2624261677265167, 'ranking_loss': 0.0, 'total_loss': 0.26080530881881714, 'epoch': 14.075471698113208}
{'loss': 0.2673, 'grad_norm': 1.484238624572754, 'learning_rate': 7.1886792452830186e-06, 'lm_loss': 0.0, 'pchembl_loss': 0.2667206823825836, 'ranking_loss': 0.0, 'total_loss': 0.26507121324539185, 'epoch': 14.09433962264151}
{'loss': 0.264, 'grad_norm': 0.640444815158844, 'learning_rate': 7.184905660377359e-06, 'lm_loss': 0.0, 'pchembl_loss': 0.22420276701450348, 'ranking_loss': 0.0, 'total_loss': 0.22281451523303986, 'epoch': 14.11320754716981}
{'loss': 0.2602, 'grad_norm': 0.7004929184913635, 'learning_rate': 7.181132075471698e-06, 'lm_loss': 0.0, 'pchembl_loss': 0.24575848877429962, 'ranking_loss': 0.0, 'total_loss': 0.2442348450422287, 'epoch': 14.132075471698114}
{'loss': 0.2638, 'grad_norm': 1.656799077987671, 'learning_rate': 7.177358490566038e-06, 'lm_loss': 0.0, 'pchembl_loss': 0.2809031009674072, 'ranking_loss': 0.0, 'total_loss': 0.2791593670845032, 'epoch': 14.150943396226415}
{'loss': 0.2608, 'grad_norm': 1.6351501941680908, 'learning_rate': 7.173584905660378e-06, 'lm_loss': 0.0, 'pchembl_loss': 0.2616100013256073, 'ranking_loss': 0.0, 'total_loss': 0.25998401641845703, 'epoch': 14.169811320754716}
{'loss': 0.2628, 'grad_norm': 0.5119320750236511, 'learning_rate': 7.169811320754717e-06, 'lm_loss': 0.0, 'pchembl_loss': 0.267961710691452, 'ranking_loss': 0.0, 'total_loss': 0.2662942707538605, 'epoch': 14.18867924528302}
{'loss': 0.2662, 'grad_norm': 1.694012999534607, 'learning_rate': 7.166037735849057e-06, 'lm_loss': 0.0, 'pchembl_loss': 0.2195875495672226, 'ranking_loss': 0.0, 'total_loss': 0.21821947395801544, 'epoch': 14.20754716981132}
{'loss': 0.2623, 'grad_norm': 1.3165088891983032, 'learning_rate': 7.162264150943396e-06, 'lm_loss': 0.0, 'pchembl_loss': 0.28065940737724304, 'ranking_loss': 0.0, 'total_loss': 0.2789088189601898, 'epoch': 14.226415094339623}
{'loss': 0.2638, 'grad_norm': 0.6736135482788086, 'learning_rate': 7.158490566037737e-06, 'lm_loss': 0.0, 'pchembl_loss': 0.2289056032896042, 'ranking_loss': 0.0, 'total_loss': 0.22747616469860077, 'epoch': 14.245283018867925}
{'loss': 0.2633, 'grad_norm': 1.7021949291229248, 'learning_rate': 7.154716981132076e-06, 'lm_loss': 0.0, 'pchembl_loss': 0.28984376788139343, 'ranking_loss': 0.0, 'total_loss': 0.2880316376686096, 'epoch': 14.264150943396226}
{'loss': 0.2675, 'grad_norm': 1.1031960248947144, 'learning_rate': 7.150943396226415e-06, 'lm_loss': 0.0, 'pchembl_loss': 0.2250308245420456, 'ranking_loss': 0.0, 'total_loss': 0.22362230718135834, 'epoch': 14.283018867924529}
{'loss': 0.2601, 'grad_norm': 1.0459593534469604, 'learning_rate': 7.147169811320755e-06, 'lm_loss': 0.0, 'pchembl_loss': 0.2631531357765198, 'ranking_loss': 0.0, 'total_loss': 0.26150408387184143, 'epoch': 14.30188679245283}
{'loss': 0.2634, 'grad_norm': 2.265183448791504, 'learning_rate': 7.143396226415095e-06, 'lm_loss': 0.0, 'pchembl_loss': 0.288882315158844, 'ranking_loss': 0.0, 'total_loss': 0.2870699167251587, 'epoch': 14.320754716981131}
{'loss': 0.2623, 'grad_norm': 1.2366185188293457, 'learning_rate': 7.139622641509435e-06, 'lm_loss': 0.0, 'pchembl_loss': 0.25362059473991394, 'ranking_loss': 0.0, 'total_loss': 0.2520276606082916, 'epoch': 14.339622641509434}
{'loss': 0.2648, 'grad_norm': 2.402092933654785, 'learning_rate': 7.135849056603774e-06, 'lm_loss': 0.0, 'pchembl_loss': 0.25004860758781433, 'ranking_loss': 0.0, 'total_loss': 0.24847635626792908, 'epoch': 14.358490566037736}
{'loss': 0.2676, 'grad_norm': 2.3919665813446045, 'learning_rate': 7.132075471698113e-06, 'lm_loss': 0.0, 'pchembl_loss': 0.3394290804862976, 'ranking_loss': 0.0, 'total_loss': 0.3372925817966461, 'epoch': 14.377358490566039}
{'loss': 0.2623, 'grad_norm': 2.030649185180664, 'learning_rate': 7.128301886792454e-06, 'lm_loss': 0.0, 'pchembl_loss': 0.26360851526260376, 'ranking_loss': 0.0, 'total_loss': 0.2619475722312927, 'epoch': 14.39622641509434}
{'loss': 0.2642, 'grad_norm': 1.516808271408081, 'learning_rate': 7.124528301886793e-06, 'lm_loss': 0.0, 'pchembl_loss': 0.26485565304756165, 'ranking_loss': 0.0, 'total_loss': 0.26318520307540894, 'epoch': 14.415094339622641}
{'loss': 0.2681, 'grad_norm': 2.34521746635437, 'learning_rate': 7.120754716981133e-06, 'lm_loss': 0.0, 'pchembl_loss': 0.26253482699394226, 'ranking_loss': 0.0, 'total_loss': 0.260877400636673, 'epoch': 14.433962264150944}
{'loss': 0.2589, 'grad_norm': 0.8818826675415039, 'learning_rate': 7.116981132075472e-06, 'lm_loss': 0.0, 'pchembl_loss': 0.24560578167438507, 'ranking_loss': 0.0, 'total_loss': 0.24405378103256226, 'epoch': 14.452830188679245}
{'loss': 0.2645, 'grad_norm': 1.553423523902893, 'learning_rate': 7.113207547169812e-06, 'lm_loss': 0.0, 'pchembl_loss': 0.310043066740036, 'ranking_loss': 0.0, 'total_loss': 0.3080819547176361, 'epoch': 14.471698113207546}
{'loss': 0.2656, 'grad_norm': 1.8091604709625244, 'learning_rate': 7.109433962264152e-06, 'lm_loss': 0.0, 'pchembl_loss': 0.25238457322120667, 'ranking_loss': 0.0, 'total_loss': 0.2507866322994232, 'epoch': 14.49056603773585}
{'loss': 0.2623, 'grad_norm': 0.6619280576705933, 'learning_rate': 7.105660377358491e-06, 'lm_loss': 0.0, 'pchembl_loss': 0.23767350614070892, 'ranking_loss': 0.0, 'total_loss': 0.23616726696491241, 'epoch': 14.50943396226415}
{'loss': 0.2606, 'grad_norm': 1.596840500831604, 'learning_rate': 7.1018867924528315e-06, 'lm_loss': 0.0, 'pchembl_loss': 0.274002343416214, 'ranking_loss': 0.0, 'total_loss': 0.27226415276527405, 'epoch': 14.528301886792454}
{'loss': 0.2582, 'grad_norm': 1.7246246337890625, 'learning_rate': 7.098113207547171e-06, 'lm_loss': 0.0, 'pchembl_loss': 0.29421159625053406, 'ranking_loss': 0.0, 'total_loss': 0.292343407869339, 'epoch': 14.547169811320755}
{'loss': 0.26, 'grad_norm': 0.6963812112808228, 'learning_rate': 7.09433962264151e-06, 'lm_loss': 0.0, 'pchembl_loss': 0.2774296700954437, 'ranking_loss': 0.0, 'total_loss': 0.27566635608673096, 'epoch': 14.566037735849056}
{'loss': 0.264, 'grad_norm': 1.248118281364441, 'learning_rate': 7.0905660377358496e-06, 'lm_loss': 0.0, 'pchembl_loss': 0.24179165065288544, 'ranking_loss': 0.0, 'total_loss': 0.24025331437587738, 'epoch': 14.584905660377359}
{'loss': 0.2622, 'grad_norm': 2.641038417816162, 'learning_rate': 7.086792452830189e-06, 'lm_loss': 0.0, 'pchembl_loss': 0.2784159481525421, 'ranking_loss': 0.0, 'total_loss': 0.2766428291797638, 'epoch': 14.60377358490566}
{'loss': 0.2652, 'grad_norm': 0.6808163523674011, 'learning_rate': 7.083018867924529e-06, 'lm_loss': 0.0, 'pchembl_loss': 0.2500703036785126, 'ranking_loss': 0.0, 'total_loss': 0.24847617745399475, 'epoch': 14.622641509433961}
{'loss': 0.2629, 'grad_norm': 1.245299220085144, 'learning_rate': 7.0792452830188685e-06, 'lm_loss': 0.0, 'pchembl_loss': 0.29497209191322327, 'ranking_loss': 0.0, 'total_loss': 0.2930898666381836, 'epoch': 14.641509433962264}
{'loss': 0.2639, 'grad_norm': 1.0968263149261475, 'learning_rate': 7.0754716981132075e-06, 'lm_loss': 0.0, 'pchembl_loss': 0.29763656854629517, 'ranking_loss': 0.0, 'total_loss': 0.2957354485988617, 'epoch': 14.660377358490566}
{'loss': 0.2659, 'grad_norm': 0.8656706809997559, 'learning_rate': 7.071698113207548e-06, 'lm_loss': 0.0, 'pchembl_loss': 0.29193446040153503, 'ranking_loss': 0.0, 'total_loss': 0.2900678515434265, 'epoch': 14.679245283018869}
{'loss': 0.2593, 'grad_norm': 0.507713258266449, 'learning_rate': 7.067924528301887e-06, 'lm_loss': 0.0, 'pchembl_loss': 0.25054553151130676, 'ranking_loss': 0.0, 'total_loss': 0.24894185364246368, 'epoch': 14.69811320754717}
{'loss': 0.2637, 'grad_norm': 0.4488409161567688, 'learning_rate': 7.064150943396227e-06, 'lm_loss': 0.0, 'pchembl_loss': 0.25024887919425964, 'ranking_loss': 0.0, 'total_loss': 0.2486453503370285, 'epoch': 14.716981132075471}
{'loss': 0.257, 'grad_norm': 0.4546312987804413, 'learning_rate': 7.060377358490566e-06, 'lm_loss': 0.0, 'pchembl_loss': 0.26915979385375977, 'ranking_loss': 0.0, 'total_loss': 0.26743316650390625, 'epoch': 14.735849056603774}
{'loss': 0.2612, 'grad_norm': 0.6049900650978088, 'learning_rate': 7.056603773584905e-06, 'lm_loss': 0.0, 'pchembl_loss': 0.27139022946357727, 'ranking_loss': 0.0, 'total_loss': 0.2696473300457001, 'epoch': 14.754716981132075}
{'loss': 0.2633, 'grad_norm': 0.7126147150993347, 'learning_rate': 7.052830188679246e-06, 'lm_loss': 0.0, 'pchembl_loss': 0.23614566028118134, 'ranking_loss': 0.0, 'total_loss': 0.234627366065979, 'epoch': 14.773584905660378}
{'loss': 0.2624, 'grad_norm': 0.532213568687439, 'learning_rate': 7.049056603773585e-06, 'lm_loss': 0.0, 'pchembl_loss': 0.19102151691913605, 'ranking_loss': 0.0, 'total_loss': 0.18979191780090332, 'epoch': 14.79245283018868}
{'loss': 0.2601, 'grad_norm': 0.47248050570487976, 'learning_rate': 7.045283018867925e-06, 'lm_loss': 0.0, 'pchembl_loss': 0.23514096438884735, 'ranking_loss': 0.0, 'total_loss': 0.23362556099891663, 'epoch': 14.81132075471698}
{'loss': 0.2652, 'grad_norm': 0.786893904209137, 'learning_rate': 7.041509433962265e-06, 'lm_loss': 0.0, 'pchembl_loss': 0.25746241211891174, 'ranking_loss': 0.0, 'total_loss': 0.25580117106437683, 'epoch': 14.830188679245284}
{'loss': 0.2577, 'grad_norm': 1.1549509763717651, 'learning_rate': 7.037735849056604e-06, 'lm_loss': 0.0, 'pchembl_loss': 0.28342288732528687, 'ranking_loss': 0.0, 'total_loss': 0.2815919518470764, 'epoch': 14.849056603773585}
{'loss': 0.2573, 'grad_norm': 0.504958987236023, 'learning_rate': 7.033962264150944e-06, 'lm_loss': 0.0, 'pchembl_loss': 0.2563212513923645, 'ranking_loss': 0.0, 'total_loss': 0.2546634078025818, 'epoch': 14.867924528301886}
{'loss': 0.2604, 'grad_norm': 1.403006672859192, 'learning_rate': 7.030188679245283e-06, 'lm_loss': 0.0, 'pchembl_loss': 0.2952929437160492, 'ranking_loss': 0.0, 'total_loss': 0.2933807075023651, 'epoch': 14.88679245283019}
{'loss': 0.254, 'grad_norm': 0.4925858676433563, 'learning_rate': 7.026415094339624e-06, 'lm_loss': 0.0, 'pchembl_loss': 0.25331613421440125, 'ranking_loss': 0.0, 'total_loss': 0.2516738176345825, 'epoch': 14.90566037735849}
{'loss': 0.2645, 'grad_norm': 0.7167888879776001, 'learning_rate': 7.022641509433963e-06, 'lm_loss': 0.0, 'pchembl_loss': 0.23760093748569489, 'ranking_loss': 0.0, 'total_loss': 0.23605866730213165, 'epoch': 14.924528301886792}
{'loss': 0.26, 'grad_norm': 0.4546012580394745, 'learning_rate': 7.018867924528302e-06, 'lm_loss': 0.0, 'pchembl_loss': 0.22254012525081635, 'ranking_loss': 0.0, 'total_loss': 0.22109389305114746, 'epoch': 14.943396226415095}
{'loss': 0.262, 'grad_norm': 0.46464017033576965, 'learning_rate': 7.015094339622642e-06, 'lm_loss': 0.0, 'pchembl_loss': 0.21962721645832062, 'ranking_loss': 0.0, 'total_loss': 0.21819818019866943, 'epoch': 14.962264150943396}
{'loss': 0.2584, 'grad_norm': 0.5453750491142273, 'learning_rate': 7.011320754716982e-06, 'lm_loss': 0.0, 'pchembl_loss': 0.22538124024868011, 'ranking_loss': 0.0, 'total_loss': 0.22391298413276672, 'epoch': 14.981132075471699}
{'loss': 0.2599, 'grad_norm': 0.7451947927474976, 'learning_rate': 7.007547169811322e-06, 'lm_loss': 0.0, 'pchembl_loss': 0.2622654139995575, 'ranking_loss': 0.0, 'total_loss': 0.26055479049682617, 'epoch': 15.0}
{'eval_loss': 0.25276991724967957, 'eval_pchembl_norm_mse': 0.45845821499824524, 'eval_pchembl_norm_mae': 0.49701112508773804, 'eval_pchembl_norm_rmse': 0.6770954132080078, 'eval_pchembl_r2': 0.533179759979248, 'eval_pchembl_count': 20000, 'eval_pchembl_norm_mean_pred': -0.011587603949010372, 'eval_pchembl_norm_std_pred': 0.759265124797821, 'eval_pchembl_norm_mean_true': -0.02121046371757984, 'eval_pchembl_norm_std_true': 0.9910030961036682, 'eval_pchembl_raw_mse': 0.8507847785949707, 'eval_pchembl_raw_mae': 0.6770582795143127, 'eval_pchembl_raw_rmse': 0.9223799705505371, 'eval_pchembl_raw_pearson': 0.7310973259255634, 'eval_pchembl_raw_spearman': 0.7385607761191473, 'eval_runtime': 8.9018, 'eval_samples_per_second': 1183.015, 'eval_steps_per_second': 0.112, 'epoch': 15.0}
{'eval_lm_loss': 0.0, 'eval_pchembl_loss': 0.25398080073297025, 'eval_ranking_loss': 0.0, 'eval_total_loss': 0.25232218831777575, 'epoch': 15.0}
{'eval_evaluation_time_sec': 8.935924235964194, 'epoch': 15.0}
{'loss': 0.2612, 'grad_norm': 0.5310236215591431, 'learning_rate': 7.003773584905661e-06, 'lm_loss': 0.0, 'pchembl_loss': 0.26032477617263794, 'ranking_loss': 0.0, 'total_loss': 0.25862473249435425, 'epoch': 15.018867924528301}
{'loss': 0.26, 'grad_norm': 1.4923760890960693, 'learning_rate': 7e-06, 'lm_loss': 0.0, 'pchembl_loss': 0.2688199281692505, 'ranking_loss': 0.0, 'total_loss': 0.267062246799469, 'epoch': 15.037735849056604}
{'loss': 0.2596, 'grad_norm': 0.5819031596183777, 'learning_rate': 6.996226415094341e-06, 'lm_loss': 0.0, 'pchembl_loss': 0.2077435702085495, 'ranking_loss': 0.0, 'total_loss': 0.206383615732193, 'epoch': 15.056603773584905}
{'loss': 0.2582, 'grad_norm': 0.7893893122673035, 'learning_rate': 6.99245283018868e-06, 'lm_loss': 0.0, 'pchembl_loss': 0.265855997800827, 'ranking_loss': 0.0, 'total_loss': 0.26411351561546326, 'epoch': 15.075471698113208}
{'loss': 0.2587, 'grad_norm': 0.5488214492797852, 'learning_rate': 6.98867924528302e-06, 'lm_loss': 0.0, 'pchembl_loss': 0.2557215392589569, 'ranking_loss': 0.0, 'total_loss': 0.25404345989227295, 'epoch': 15.09433962264151}
{'loss': 0.2557, 'grad_norm': 0.5933797359466553, 'learning_rate': 6.984905660377359e-06, 'lm_loss': 0.0, 'pchembl_loss': 0.29988086223602295, 'ranking_loss': 0.0, 'total_loss': 0.2979106307029724, 'epoch': 15.11320754716981}
{'loss': 0.2565, 'grad_norm': 1.0731720924377441, 'learning_rate': 6.981132075471699e-06, 'lm_loss': 0.0, 'pchembl_loss': 0.28748390078544617, 'ranking_loss': 0.0, 'total_loss': 0.28559282422065735, 'epoch': 15.132075471698114}
{'loss': 0.2627, 'grad_norm': 0.5841451287269592, 'learning_rate': 6.9773584905660385e-06, 'lm_loss': 0.0, 'pchembl_loss': 0.267060786485672, 'ranking_loss': 0.0, 'total_loss': 0.2653019428253174, 'epoch': 15.150943396226415}
{'loss': 0.263, 'grad_norm': 1.6520264148712158, 'learning_rate': 6.973584905660378e-06, 'lm_loss': 0.0, 'pchembl_loss': 0.30329629778862, 'ranking_loss': 0.0, 'total_loss': 0.3012963831424713, 'epoch': 15.169811320754716}
{'loss': 0.2607, 'grad_norm': 1.568955421447754, 'learning_rate': 6.969811320754718e-06, 'lm_loss': 0.0, 'pchembl_loss': 0.340789794921875, 'ranking_loss': 0.0, 'total_loss': 0.3385400176048279, 'epoch': 15.18867924528302}
{'loss': 0.2631, 'grad_norm': 1.8422794342041016, 'learning_rate': 6.9660377358490574e-06, 'lm_loss': 0.0, 'pchembl_loss': 0.27129068970680237, 'ranking_loss': 0.0, 'total_loss': 0.26949769258499146, 'epoch': 15.20754716981132}
{'loss': 0.2551, 'grad_norm': 1.8658236265182495, 'learning_rate': 6.9622641509433965e-06, 'lm_loss': 0.0, 'pchembl_loss': 0.32043150067329407, 'ranking_loss': 0.0, 'total_loss': 0.3183114230632782, 'epoch': 15.226415094339623}
{'loss': 0.2597, 'grad_norm': 0.6710196733474731, 'learning_rate': 6.958490566037736e-06, 'lm_loss': 0.0, 'pchembl_loss': 0.26679232716560364, 'ranking_loss': 0.0, 'total_loss': 0.2650253176689148, 'epoch': 15.245283018867925}
{'loss': 0.2608, 'grad_norm': 0.689348578453064, 'learning_rate': 6.9547169811320755e-06, 'lm_loss': 0.0, 'pchembl_loss': 0.18400011956691742, 'ranking_loss': 0.0, 'total_loss': 0.1827801614999771, 'epoch': 15.264150943396226}
{'loss': 0.2566, 'grad_norm': 0.5520327687263489, 'learning_rate': 6.950943396226416e-06, 'lm_loss': 0.0, 'pchembl_loss': 0.28226032853126526, 'ranking_loss': 0.0, 'total_loss': 0.2803868353366852, 'epoch': 15.283018867924529}
{'loss': 0.2605, 'grad_norm': 1.5212366580963135, 'learning_rate': 6.947169811320755e-06, 'lm_loss': 0.0, 'pchembl_loss': 0.23840098083019257, 'ranking_loss': 0.0, 'total_loss': 0.236816868185997, 'epoch': 15.30188679245283}
{'loss': 0.2543, 'grad_norm': 1.3011258840560913, 'learning_rate': 6.943396226415094e-06, 'lm_loss': 0.0, 'pchembl_loss': 0.22705085575580597, 'ranking_loss': 0.0, 'total_loss': 0.22554054856300354, 'epoch': 15.320754716981131}
{'loss': 0.2595, 'grad_norm': 1.807068109512329, 'learning_rate': 6.939622641509435e-06, 'lm_loss': 0.0, 'pchembl_loss': 0.22658896446228027, 'ranking_loss': 0.0, 'total_loss': 0.22508014738559723, 'epoch': 15.339622641509434}
{'loss': 0.263, 'grad_norm': 1.7655377388000488, 'learning_rate': 6.935849056603774e-06, 'lm_loss': 0.0, 'pchembl_loss': 0.32024917006492615, 'ranking_loss': 0.0, 'total_loss': 0.3181144893169403, 'epoch': 15.358490566037736}
{'loss': 0.258, 'grad_norm': 0.8148767352104187, 'learning_rate': 6.932075471698114e-06, 'lm_loss': 0.0, 'pchembl_loss': 0.2616012990474701, 'ranking_loss': 0.0, 'total_loss': 0.25985583662986755, 'epoch': 15.377358490566039}
{'loss': 0.2658, 'grad_norm': 2.0396502017974854, 'learning_rate': 6.928301886792453e-06, 'lm_loss': 0.0, 'pchembl_loss': 0.19418548047542572, 'ranking_loss': 0.0, 'total_loss': 0.1928885132074356, 'epoch': 15.39622641509434}
{'loss': 0.2609, 'grad_norm': 2.0886995792388916, 'learning_rate': 6.924528301886792e-06, 'lm_loss': 0.0, 'pchembl_loss': 0.2660221457481384, 'ranking_loss': 0.0, 'total_loss': 0.2642436623573303, 'epoch': 15.415094339622641}
{'loss': 0.2601, 'grad_norm': 0.8193923234939575, 'learning_rate': 6.920754716981133e-06, 'lm_loss': 0.0, 'pchembl_loss': 0.29889029264450073, 'ranking_loss': 0.0, 'total_loss': 0.2968901991844177, 'epoch': 15.433962264150944}
{'loss': 0.2631, 'grad_norm': 0.8810269236564636, 'learning_rate': 6.916981132075472e-06, 'lm_loss': 0.0, 'pchembl_loss': 0.23198546469211578, 'ranking_loss': 0.0, 'total_loss': 0.23043157160282135, 'epoch': 15.452830188679245}
{'loss': 0.2616, 'grad_norm': 1.2844654321670532, 'learning_rate': 6.913207547169812e-06, 'lm_loss': 0.0, 'pchembl_loss': 0.22484278678894043, 'ranking_loss': 0.0, 'total_loss': 0.22333523631095886, 'epoch': 15.471698113207546}
{'loss': 0.2584, 'grad_norm': 1.2325859069824219, 'learning_rate': 6.909433962264152e-06, 'lm_loss': 0.0, 'pchembl_loss': 0.2609138488769531, 'ranking_loss': 0.0, 'total_loss': 0.25916269421577454, 'epoch': 15.49056603773585}
{'loss': 0.2596, 'grad_norm': 0.9414935111999512, 'learning_rate': 6.905660377358491e-06, 'lm_loss': 0.0, 'pchembl_loss': 0.24965479969978333, 'ranking_loss': 0.0, 'total_loss': 0.24797755479812622, 'epoch': 15.50943396226415}
{'loss': 0.2559, 'grad_norm': 2.64503812789917, 'learning_rate': 6.901886792452831e-06, 'lm_loss': 0.0, 'pchembl_loss': 0.2458862066268921, 'ranking_loss': 0.0, 'total_loss': 0.24423260986804962, 'epoch': 15.528301886792454}
{'loss': 0.2612, 'grad_norm': 1.2299127578735352, 'learning_rate': 6.89811320754717e-06, 'lm_loss': 0.0, 'pchembl_loss': 0.2404574304819107, 'ranking_loss': 0.0, 'total_loss': 0.238838791847229, 'epoch': 15.547169811320755}
{'loss': 0.256, 'grad_norm': 0.8283550143241882, 'learning_rate': 6.894339622641511e-06, 'lm_loss': 0.0, 'pchembl_loss': 0.2789192497730255, 'ranking_loss': 0.0, 'total_loss': 0.27703988552093506, 'epoch': 15.566037735849056}
{'loss': 0.2623, 'grad_norm': 2.1234548091888428, 'learning_rate': 6.89056603773585e-06, 'lm_loss': 0.0, 'pchembl_loss': 0.2551843225955963, 'ranking_loss': 0.0, 'total_loss': 0.25346317887306213, 'epoch': 15.584905660377359}
{'loss': 0.2596, 'grad_norm': 1.356022834777832, 'learning_rate': 6.886792452830189e-06, 'lm_loss': 0.0, 'pchembl_loss': 0.24265079200267792, 'ranking_loss': 0.0, 'total_loss': 0.24101264774799347, 'epoch': 15.60377358490566}
{'loss': 0.2592, 'grad_norm': 0.883302628993988, 'learning_rate': 6.883018867924529e-06, 'lm_loss': 0.0, 'pchembl_loss': 0.23900659382343292, 'ranking_loss': 0.0, 'total_loss': 0.23739151656627655, 'epoch': 15.622641509433961}
{'loss': 0.2582, 'grad_norm': 1.9315521717071533, 'learning_rate': 6.879245283018869e-06, 'lm_loss': 0.0, 'pchembl_loss': 0.2375408262014389, 'ranking_loss': 0.0, 'total_loss': 0.23593410849571228, 'epoch': 15.641509433962264}
{'loss': 0.2576, 'grad_norm': 1.1718065738677979, 'learning_rate': 6.875471698113209e-06, 'lm_loss': 0.0, 'pchembl_loss': 0.2048153430223465, 'ranking_loss': 0.0, 'total_loss': 0.20342868566513062, 'epoch': 15.660377358490566}
{'loss': 0.2597, 'grad_norm': 1.9919265508651733, 'learning_rate': 6.871698113207548e-06, 'lm_loss': 0.0, 'pchembl_loss': 0.23126916587352753, 'ranking_loss': 0.0, 'total_loss': 0.2297019213438034, 'epoch': 15.679245283018869}
{'loss': 0.2618, 'grad_norm': 2.614206075668335, 'learning_rate': 6.867924528301887e-06, 'lm_loss': 0.0, 'pchembl_loss': 0.27901163697242737, 'ranking_loss': 0.0, 'total_loss': 0.27711912989616394, 'epoch': 15.69811320754717}
{'loss': 0.2589, 'grad_norm': 1.443880558013916, 'learning_rate': 6.8641509433962275e-06, 'lm_loss': 0.0, 'pchembl_loss': 0.2510336637496948, 'ranking_loss': 0.0, 'total_loss': 0.24932944774627686, 'epoch': 15.716981132075471}
{'loss': 0.2624, 'grad_norm': 1.4586126804351807, 'learning_rate': 6.8603773584905666e-06, 'lm_loss': 0.0, 'pchembl_loss': 0.26336246728897095, 'ranking_loss': 0.0, 'total_loss': 0.26157301664352417, 'epoch': 15.735849056603774}
{'loss': 0.2633, 'grad_norm': 2.2528939247131348, 'learning_rate': 6.8566037735849065e-06, 'lm_loss': 0.0, 'pchembl_loss': 0.2578679919242859, 'ranking_loss': 0.0, 'total_loss': 0.2561143636703491, 'epoch': 15.754716981132075}
{'loss': 0.2558, 'grad_norm': 1.5468485355377197, 'learning_rate': 6.8528301886792455e-06, 'lm_loss': 0.0, 'pchembl_loss': 0.33833014965057373, 'ranking_loss': 0.0, 'total_loss': 0.33602744340896606, 'epoch': 15.773584905660378}
{'loss': 0.2573, 'grad_norm': 1.3400474786758423, 'learning_rate': 6.8490566037735855e-06, 'lm_loss': 0.0, 'pchembl_loss': 0.2609853744506836, 'ranking_loss': 0.0, 'total_loss': 0.2592076063156128, 'epoch': 15.79245283018868}
{'loss': 0.2599, 'grad_norm': 1.518520474433899, 'learning_rate': 6.845283018867925e-06, 'lm_loss': 0.0, 'pchembl_loss': 0.2732304036617279, 'ranking_loss': 0.0, 'total_loss': 0.2713676691055298, 'epoch': 15.81132075471698}
{'loss': 0.2562, 'grad_norm': 0.9342788457870483, 'learning_rate': 6.8415094339622644e-06, 'lm_loss': 0.0, 'pchembl_loss': 0.261778324842453, 'ranking_loss': 0.0, 'total_loss': 0.25999218225479126, 'epoch': 15.830188679245284}
{'loss': 0.2585, 'grad_norm': 1.6108424663543701, 'learning_rate': 6.837735849056605e-06, 'lm_loss': 0.0, 'pchembl_loss': 0.21775180101394653, 'ranking_loss': 0.0, 'total_loss': 0.2162647843360901, 'epoch': 15.849056603773585}
{'loss': 0.2607, 'grad_norm': 2.639162540435791, 'learning_rate': 6.833962264150944e-06, 'lm_loss': 0.0, 'pchembl_loss': 0.3189755976200104, 'ranking_loss': 0.0, 'total_loss': 0.3167954683303833, 'epoch': 15.867924528301886}
{'loss': 0.2586, 'grad_norm': 1.0691156387329102, 'learning_rate': 6.830188679245283e-06, 'lm_loss': 0.0, 'pchembl_loss': 0.2462698370218277, 'ranking_loss': 0.0, 'total_loss': 0.24458526074886322, 'epoch': 15.88679245283019}
{'loss': 0.2584, 'grad_norm': 1.9084100723266602, 'learning_rate': 6.826415094339623e-06, 'lm_loss': 0.0, 'pchembl_loss': 0.25674840807914734, 'ranking_loss': 0.0, 'total_loss': 0.25499066710472107, 'epoch': 15.90566037735849}
{'loss': 0.2584, 'grad_norm': 2.484959840774536, 'learning_rate': 6.822641509433962e-06, 'lm_loss': 0.0, 'pchembl_loss': 0.2723008096218109, 'ranking_loss': 0.0, 'total_loss': 0.27043506503105164, 'epoch': 15.924528301886792}
{'loss': 0.2625, 'grad_norm': 1.6164571046829224, 'learning_rate': 6.818867924528303e-06, 'lm_loss': 0.0, 'pchembl_loss': 0.24017220735549927, 'ranking_loss': 0.0, 'total_loss': 0.23852531611919403, 'epoch': 15.943396226415095}
{'loss': 0.26, 'grad_norm': 0.6597744822502136, 'learning_rate': 6.815094339622642e-06, 'lm_loss': 0.0, 'pchembl_loss': 0.29418742656707764, 'ranking_loss': 0.0, 'total_loss': 0.2921685576438904, 'epoch': 15.962264150943396}
{'loss': 0.2574, 'grad_norm': 2.3045904636383057, 'learning_rate': 6.811320754716981e-06, 'lm_loss': 0.0, 'pchembl_loss': 0.22310633957386017, 'ranking_loss': 0.0, 'total_loss': 0.22157400846481323, 'epoch': 15.981132075471699}
{'loss': 0.2597, 'grad_norm': 2.02418851852417, 'learning_rate': 6.807547169811322e-06, 'lm_loss': 0.0, 'pchembl_loss': 0.2500344514846802, 'ranking_loss': 0.0, 'total_loss': 0.24831579625606537, 'epoch': 16.0}
{'eval_loss': 0.2490544617176056, 'eval_pchembl_norm_mse': 0.4513051211833954, 'eval_pchembl_norm_mae': 0.4908115267753601, 'eval_pchembl_norm_rmse': 0.6717924475669861, 'eval_pchembl_r2': 0.5404633283615112, 'eval_pchembl_count': 20000, 'eval_pchembl_norm_mean_pred': -0.031408559530973434, 'eval_pchembl_norm_std_pred': 0.7564505934715271, 'eval_pchembl_norm_mean_true': -0.02121046371757984, 'eval_pchembl_norm_std_true': 0.9910030961036682, 'eval_pchembl_raw_mse': 0.837510347366333, 'eval_pchembl_raw_mae': 0.6686127781867981, 'eval_pchembl_raw_rmse': 0.9151558876037598, 'eval_pchembl_raw_pearson': 0.7357507272298421, 'eval_pchembl_raw_spearman': 0.7428478927222063, 'eval_runtime': 8.9351, 'eval_samples_per_second': 1178.612, 'eval_steps_per_second': 0.112, 'epoch': 16.0}
{'eval_lm_loss': 0.0, 'eval_pchembl_loss': 0.25033543244004247, 'eval_ranking_loss': 0.0, 'eval_total_loss': 0.24861338198184968, 'epoch': 16.0}
{'eval_evaluation_time_sec': 8.971296165138483, 'epoch': 16.0}
{'loss': 0.2559, 'grad_norm': 0.5031700730323792, 'learning_rate': 6.803773584905661e-06, 'lm_loss': 0.0, 'pchembl_loss': 0.26942741870880127, 'ranking_loss': 0.0, 'total_loss': 0.2675740420818329, 'epoch': 16.0188679245283}
{'loss': 0.2592, 'grad_norm': 2.0770838260650635, 'learning_rate': 6.800000000000001e-06, 'lm_loss': 0.0, 'pchembl_loss': 0.18157069385051727, 'ranking_loss': 0.0, 'total_loss': 0.1803206503391266, 'epoch': 16.037735849056602}
{'loss': 0.255, 'grad_norm': 1.1954830884933472, 'learning_rate': 6.79622641509434e-06, 'lm_loss': 0.0, 'pchembl_loss': 0.28715649247169495, 'ranking_loss': 0.0, 'total_loss': 0.28517797589302063, 'epoch': 16.056603773584907}
{'loss': 0.2567, 'grad_norm': 1.0298508405685425, 'learning_rate': 6.792452830188679e-06, 'lm_loss': 0.0, 'pchembl_loss': 0.2142064869403839, 'ranking_loss': 0.0, 'total_loss': 0.21272940933704376, 'epoch': 16.07547169811321}
{'loss': 0.2567, 'grad_norm': 1.482250452041626, 'learning_rate': 6.78867924528302e-06, 'lm_loss': 0.0, 'pchembl_loss': 0.2257303148508072, 'ranking_loss': 0.0, 'total_loss': 0.2241724580526352, 'epoch': 16.09433962264151}
{'loss': 0.2594, 'grad_norm': 0.6606088876724243, 'learning_rate': 6.784905660377359e-06, 'lm_loss': 0.0, 'pchembl_loss': 0.29834216833114624, 'ranking_loss': 0.0, 'total_loss': 0.29628145694732666, 'epoch': 16.11320754716981}
{'loss': 0.2618, 'grad_norm': 2.2201547622680664, 'learning_rate': 6.781132075471699e-06, 'lm_loss': 0.0, 'pchembl_loss': 0.3069879710674286, 'ranking_loss': 0.0, 'total_loss': 0.3048657178878784, 'epoch': 16.132075471698112}
{'loss': 0.2563, 'grad_norm': 1.754355549812317, 'learning_rate': 6.777358490566039e-06, 'lm_loss': 0.0, 'pchembl_loss': 0.2377173751592636, 'ranking_loss': 0.0, 'total_loss': 0.2360726147890091, 'epoch': 16.150943396226417}
{'loss': 0.254, 'grad_norm': 1.2190595865249634, 'learning_rate': 6.773584905660378e-06, 'lm_loss': 0.0, 'pchembl_loss': 0.23299510776996613, 'ranking_loss': 0.0, 'total_loss': 0.23138169944286346, 'epoch': 16.169811320754718}
{'loss': 0.2586, 'grad_norm': 1.9838024377822876, 'learning_rate': 6.769811320754718e-06, 'lm_loss': 0.0, 'pchembl_loss': 0.2430582493543625, 'ranking_loss': 0.0, 'total_loss': 0.24137376248836517, 'epoch': 16.18867924528302}
{'loss': 0.259, 'grad_norm': 2.782268762588501, 'learning_rate': 6.766037735849057e-06, 'lm_loss': 0.0, 'pchembl_loss': 0.24113599956035614, 'ranking_loss': 0.0, 'total_loss': 0.23946347832679749, 'epoch': 16.20754716981132}
{'loss': 0.2609, 'grad_norm': 1.8303929567337036, 'learning_rate': 6.7622641509433976e-06, 'lm_loss': 0.0, 'pchembl_loss': 0.2574867308139801, 'ranking_loss': 0.0, 'total_loss': 0.25569942593574524, 'epoch': 16.22641509433962}
{'loss': 0.254, 'grad_norm': 0.5072588920593262, 'learning_rate': 6.758490566037737e-06, 'lm_loss': 0.0, 'pchembl_loss': 0.2263684868812561, 'ranking_loss': 0.0, 'total_loss': 0.22479599714279175, 'epoch': 16.245283018867923}
{'loss': 0.2601, 'grad_norm': 3.1341049671173096, 'learning_rate': 6.754716981132076e-06, 'lm_loss': 0.0, 'pchembl_loss': 0.33945852518081665, 'ranking_loss': 0.0, 'total_loss': 0.33709853887557983, 'epoch': 16.264150943396228}
{'loss': 0.2567, 'grad_norm': 2.8984150886535645, 'learning_rate': 6.750943396226416e-06, 'lm_loss': 0.0, 'pchembl_loss': 0.27923813462257385, 'ranking_loss': 0.0, 'total_loss': 0.2772953510284424, 'epoch': 16.28301886792453}
{'loss': 0.2569, 'grad_norm': 1.638713002204895, 'learning_rate': 6.747169811320755e-06, 'lm_loss': 0.0, 'pchembl_loss': 0.2474198043346405, 'ranking_loss': 0.0, 'total_loss': 0.24569717049598694, 'epoch': 16.30188679245283}
{'loss': 0.2562, 'grad_norm': 0.9733909964561462, 'learning_rate': 6.7433962264150954e-06, 'lm_loss': 0.0, 'pchembl_loss': 0.2261730581521988, 'ranking_loss': 0.0, 'total_loss': 0.22459721565246582, 'epoch': 16.32075471698113}
{'loss': 0.2599, 'grad_norm': 2.532153367996216, 'learning_rate': 6.7396226415094345e-06, 'lm_loss': 0.0, 'pchembl_loss': 0.269865483045578, 'ranking_loss': 0.0, 'total_loss': 0.2679837942123413, 'epoch': 16.339622641509433}
{'loss': 0.2587, 'grad_norm': 1.4219350814819336, 'learning_rate': 6.735849056603774e-06, 'lm_loss': 0.0, 'pchembl_loss': 0.31613361835479736, 'ranking_loss': 0.0, 'total_loss': 0.31392768025398254, 'epoch': 16.358490566037737}
{'loss': 0.2551, 'grad_norm': 1.27067232131958, 'learning_rate': 6.732075471698114e-06, 'lm_loss': 0.0, 'pchembl_loss': 0.2208205759525299, 'ranking_loss': 0.0, 'total_loss': 0.21927857398986816, 'epoch': 16.37735849056604}
{'loss': 0.2552, 'grad_norm': 1.2972205877304077, 'learning_rate': 6.728301886792453e-06, 'lm_loss': 0.0, 'pchembl_loss': 0.28665104508399963, 'ranking_loss': 0.0, 'total_loss': 0.2846478223800659, 'epoch': 16.39622641509434}
{'loss': 0.2577, 'grad_norm': 0.48560523986816406, 'learning_rate': 6.724528301886793e-06, 'lm_loss': 0.0, 'pchembl_loss': 0.19000095129013062, 'ranking_loss': 0.0, 'total_loss': 0.18867214024066925, 'epoch': 16.41509433962264}
{'loss': 0.2578, 'grad_norm': 1.0024181604385376, 'learning_rate': 6.720754716981132e-06, 'lm_loss': 0.0, 'pchembl_loss': 0.28634241223335266, 'ranking_loss': 0.0, 'total_loss': 0.28433820605278015, 'epoch': 16.433962264150942}
{'loss': 0.2566, 'grad_norm': 0.989193320274353, 'learning_rate': 6.7169811320754715e-06, 'lm_loss': 0.0, 'pchembl_loss': 0.2176842838525772, 'ranking_loss': 0.0, 'total_loss': 0.21615934371948242, 'epoch': 16.452830188679247}
{'loss': 0.2575, 'grad_norm': 1.2123759984970093, 'learning_rate': 6.713207547169812e-06, 'lm_loss': 0.0, 'pchembl_loss': 0.19307851791381836, 'ranking_loss': 0.0, 'total_loss': 0.1917247623205185, 'epoch': 16.471698113207548}
{'loss': 0.256, 'grad_norm': 1.1103225946426392, 'learning_rate': 6.709433962264151e-06, 'lm_loss': 0.0, 'pchembl_loss': 0.26898425817489624, 'ranking_loss': 0.0, 'total_loss': 0.2670966386795044, 'epoch': 16.49056603773585}
{'loss': 0.2611, 'grad_norm': 0.608108401298523, 'learning_rate': 6.705660377358491e-06, 'lm_loss': 0.0, 'pchembl_loss': 0.34668058156967163, 'ranking_loss': 0.0, 'total_loss': 0.3442455530166626, 'epoch': 16.50943396226415}
{'loss': 0.2578, 'grad_norm': 2.3578386306762695, 'learning_rate': 6.701886792452831e-06, 'lm_loss': 0.0, 'pchembl_loss': 0.34553077816963196, 'ranking_loss': 0.0, 'total_loss': 0.3431015610694885, 'epoch': 16.528301886792452}
{'loss': 0.261, 'grad_norm': 2.444991111755371, 'learning_rate': 6.69811320754717e-06, 'lm_loss': 0.0, 'pchembl_loss': 0.22178329527378082, 'ranking_loss': 0.0, 'total_loss': 0.22022269666194916, 'epoch': 16.547169811320753}
{'loss': 0.2532, 'grad_norm': 0.5851539969444275, 'learning_rate': 6.69433962264151e-06, 'lm_loss': 0.0, 'pchembl_loss': 0.2297281175851822, 'ranking_loss': 0.0, 'total_loss': 0.22811026871204376, 'epoch': 16.566037735849058}
{'loss': 0.26, 'grad_norm': 1.2158952951431274, 'learning_rate': 6.690566037735849e-06, 'lm_loss': 0.0, 'pchembl_loss': 0.23891238868236542, 'ranking_loss': 0.0, 'total_loss': 0.2372284084558487, 'epoch': 16.58490566037736}
{'loss': 0.2555, 'grad_norm': 1.5155024528503418, 'learning_rate': 6.68679245283019e-06, 'lm_loss': 0.0, 'pchembl_loss': 0.28437539935112, 'ranking_loss': 0.0, 'total_loss': 0.2823692262172699, 'epoch': 16.60377358490566}
{'loss': 0.253, 'grad_norm': 0.5070240497589111, 'learning_rate': 6.683018867924529e-06, 'lm_loss': 0.0, 'pchembl_loss': 0.26387819647789, 'ranking_loss': 0.0, 'total_loss': 0.2620150148868561, 'epoch': 16.62264150943396}
{'loss': 0.2548, 'grad_norm': 0.7485998272895813, 'learning_rate': 6.679245283018868e-06, 'lm_loss': 0.0, 'pchembl_loss': 0.22207261621952057, 'ranking_loss': 0.0, 'total_loss': 0.22050322592258453, 'epoch': 16.641509433962263}
{'loss': 0.2562, 'grad_norm': 0.745567798614502, 'learning_rate': 6.675471698113208e-06, 'lm_loss': 0.0, 'pchembl_loss': 0.2529834806919098, 'ranking_loss': 0.0, 'total_loss': 0.2511940002441406, 'epoch': 16.660377358490567}
{'loss': 0.2624, 'grad_norm': 0.7837468385696411, 'learning_rate': 6.671698113207548e-06, 'lm_loss': 0.0, 'pchembl_loss': 0.2980579733848572, 'ranking_loss': 0.0, 'total_loss': 0.29594773054122925, 'epoch': 16.67924528301887}
{'loss': 0.2571, 'grad_norm': 0.7754122614860535, 'learning_rate': 6.667924528301888e-06, 'lm_loss': 0.0, 'pchembl_loss': 0.2771091163158417, 'ranking_loss': 0.0, 'total_loss': 0.2751453220844269, 'epoch': 16.69811320754717}
{'loss': 0.2532, 'grad_norm': 0.5946145057678223, 'learning_rate': 6.664150943396227e-06, 'lm_loss': 0.0, 'pchembl_loss': 0.316311776638031, 'ranking_loss': 0.0, 'total_loss': 0.3140679895877838, 'epoch': 16.71698113207547}
{'loss': 0.2508, 'grad_norm': 0.8345901370048523, 'learning_rate': 6.660377358490566e-06, 'lm_loss': 0.0, 'pchembl_loss': 0.2833314538002014, 'ranking_loss': 0.0, 'total_loss': 0.28131964802742004, 'epoch': 16.735849056603772}
{'loss': 0.2576, 'grad_norm': 0.9230819940567017, 'learning_rate': 6.656603773584907e-06, 'lm_loss': 0.0, 'pchembl_loss': 0.30012577772140503, 'ranking_loss': 0.0, 'total_loss': 0.2979925870895386, 'epoch': 16.754716981132077}
{'loss': 0.258, 'grad_norm': 0.5001255869865417, 'learning_rate': 6.652830188679246e-06, 'lm_loss': 0.0, 'pchembl_loss': 0.234064519405365, 'ranking_loss': 0.0, 'total_loss': 0.23239921033382416, 'epoch': 16.77358490566038}
{'loss': 0.2594, 'grad_norm': 1.8541829586029053, 'learning_rate': 6.649056603773586e-06, 'lm_loss': 0.0, 'pchembl_loss': 0.20694108307361603, 'ranking_loss': 0.0, 'total_loss': 0.20546725392341614, 'epoch': 16.79245283018868}
{'loss': 0.257, 'grad_norm': 1.098086953163147, 'learning_rate': 6.645283018867925e-06, 'lm_loss': 0.0, 'pchembl_loss': 0.3000890612602234, 'ranking_loss': 0.0, 'total_loss': 0.29794976115226746, 'epoch': 16.81132075471698}
{'loss': 0.2595, 'grad_norm': 1.9510509967803955, 'learning_rate': 6.641509433962265e-06, 'lm_loss': 0.0, 'pchembl_loss': 0.3049139380455017, 'ranking_loss': 0.0, 'total_loss': 0.30273810029029846, 'epoch': 16.830188679245282}
{'loss': 0.2591, 'grad_norm': 2.6124396324157715, 'learning_rate': 6.637735849056605e-06, 'lm_loss': 0.0, 'pchembl_loss': 0.2917124927043915, 'ranking_loss': 0.0, 'total_loss': 0.28962892293930054, 'epoch': 16.849056603773583}
{'loss': 0.2556, 'grad_norm': 1.4171180725097656, 'learning_rate': 6.633962264150944e-06, 'lm_loss': 0.0, 'pchembl_loss': 0.2569240629673004, 'ranking_loss': 0.0, 'total_loss': 0.25508734583854675, 'epoch': 16.867924528301888}
{'loss': 0.2536, 'grad_norm': 1.2715715169906616, 'learning_rate': 6.630188679245284e-06, 'lm_loss': 0.0, 'pchembl_loss': 0.3032028079032898, 'ranking_loss': 0.0, 'total_loss': 0.3010333478450775, 'epoch': 16.88679245283019}
{'loss': 0.253, 'grad_norm': 2.556447982788086, 'learning_rate': 6.6264150943396235e-06, 'lm_loss': 0.0, 'pchembl_loss': 0.28460174798965454, 'ranking_loss': 0.0, 'total_loss': 0.28256359696388245, 'epoch': 16.90566037735849}
{'loss': 0.2584, 'grad_norm': 1.1820162534713745, 'learning_rate': 6.6226415094339625e-06, 'lm_loss': 0.0, 'pchembl_loss': 0.27102410793304443, 'ranking_loss': 0.0, 'total_loss': 0.26908159255981445, 'epoch': 16.92452830188679}
{'loss': 0.2561, 'grad_norm': 1.7470463514328003, 'learning_rate': 6.6188679245283025e-06, 'lm_loss': 0.0, 'pchembl_loss': 0.2510703206062317, 'ranking_loss': 0.0, 'total_loss': 0.2492693066596985, 'epoch': 16.943396226415093}
{'loss': 0.2518, 'grad_norm': 1.5256789922714233, 'learning_rate': 6.6150943396226415e-06, 'lm_loss': 0.0, 'pchembl_loss': 0.26538604497909546, 'ranking_loss': 0.0, 'total_loss': 0.2634807825088501, 'epoch': 16.962264150943398}
{'loss': 0.254, 'grad_norm': 0.8438519239425659, 'learning_rate': 6.611320754716982e-06, 'lm_loss': 0.0, 'pchembl_loss': 0.20594823360443115, 'ranking_loss': 0.0, 'total_loss': 0.2044684737920761, 'epoch': 16.9811320754717}
{'loss': 0.2567, 'grad_norm': 2.4387624263763428, 'learning_rate': 6.607547169811321e-06, 'lm_loss': 0.0, 'pchembl_loss': 0.3128935992717743, 'ranking_loss': 0.0, 'total_loss': 0.3106435537338257, 'epoch': 17.0}
{'eval_loss': 0.25053271651268005, 'eval_pchembl_norm_mse': 0.45357945561408997, 'eval_pchembl_norm_mae': 0.49394842982292175, 'eval_pchembl_norm_rmse': 0.6734830737113953, 'eval_pchembl_r2': 0.5381474494934082, 'eval_pchembl_count': 20000, 'eval_pchembl_norm_mean_pred': 0.023947639390826225, 'eval_pchembl_norm_std_pred': 0.8018459677696228, 'eval_pchembl_norm_mean_true': -0.02121046371757984, 'eval_pchembl_norm_std_true': 0.9910030961036682, 'eval_pchembl_raw_mse': 0.8417309522628784, 'eval_pchembl_raw_mae': 0.6728861331939697, 'eval_pchembl_raw_rmse': 0.9174589514732361, 'eval_pchembl_raw_pearson': 0.738394724141788, 'eval_pchembl_raw_spearman': 0.7446720077232079, 'eval_runtime': 8.9841, 'eval_samples_per_second': 1172.188, 'eval_steps_per_second': 0.111, 'epoch': 17.0}
{'eval_lm_loss': 0.0, 'eval_pchembl_loss': 0.2518899914622307, 'eval_ranking_loss': 0.0, 'eval_total_loss': 0.2500771783292294, 'epoch': 17.0}
{'eval_evaluation_time_sec': 9.026415440952405, 'epoch': 17.0}
{'loss': 0.2548, 'grad_norm': 2.1146249771118164, 'learning_rate': 6.60377358490566e-06, 'lm_loss': 0.0, 'pchembl_loss': 0.25966355204582214, 'ranking_loss': 0.0, 'total_loss': 0.2577947974205017, 'epoch': 17.0188679245283}
{'loss': 0.2543, 'grad_norm': 1.0645015239715576, 'learning_rate': 6.600000000000001e-06, 'lm_loss': 0.0, 'pchembl_loss': 0.21450591087341309, 'ranking_loss': 0.0, 'total_loss': 0.21296095848083496, 'epoch': 17.037735849056602}
{'loss': 0.2554, 'grad_norm': 1.5587656497955322, 'learning_rate': 6.59622641509434e-06, 'lm_loss': 0.0, 'pchembl_loss': 0.2037350833415985, 'ranking_loss': 0.0, 'total_loss': 0.20226654410362244, 'epoch': 17.056603773584907}
{'loss': 0.2578, 'grad_norm': 2.842750072479248, 'learning_rate': 6.59245283018868e-06, 'lm_loss': 0.0, 'pchembl_loss': 0.3147048056125641, 'ranking_loss': 0.0, 'total_loss': 0.312434583902359, 'epoch': 17.07547169811321}
{'loss': 0.2544, 'grad_norm': 2.7929983139038086, 'learning_rate': 6.588679245283019e-06, 'lm_loss': 0.0, 'pchembl_loss': 0.31648963689804077, 'ranking_loss': 0.0, 'total_loss': 0.3142048418521881, 'epoch': 17.09433962264151}
{'loss': 0.2474, 'grad_norm': 0.4095555245876312, 'learning_rate': 6.584905660377358e-06, 'lm_loss': 0.0, 'pchembl_loss': 0.21091926097869873, 'ranking_loss': 0.0, 'total_loss': 0.20939552783966064, 'epoch': 17.11320754716981}
{'loss': 0.2565, 'grad_norm': 2.2515063285827637, 'learning_rate': 6.581132075471699e-06, 'lm_loss': 0.0, 'pchembl_loss': 0.23971931636333466, 'ranking_loss': 0.0, 'total_loss': 0.2379862368106842, 'epoch': 17.132075471698112}
{'loss': 0.2586, 'grad_norm': 2.290240526199341, 'learning_rate': 6.577358490566038e-06, 'lm_loss': 0.0, 'pchembl_loss': 0.19013740122318268, 'ranking_loss': 0.0, 'total_loss': 0.18876178562641144, 'epoch': 17.150943396226417}
{'loss': 0.2512, 'grad_norm': 0.5921664237976074, 'learning_rate': 6.573584905660378e-06, 'lm_loss': 0.0, 'pchembl_loss': 0.23428885638713837, 'ranking_loss': 0.0, 'total_loss': 0.2325926274061203, 'epoch': 17.169811320754718}
{'loss': 0.2537, 'grad_norm': 1.5322389602661133, 'learning_rate': 6.569811320754718e-06, 'lm_loss': 0.0, 'pchembl_loss': 0.306951642036438, 'ranking_loss': 0.0, 'total_loss': 0.3047277331352234, 'epoch': 17.18867924528302}
{'loss': 0.256, 'grad_norm': 0.9511709213256836, 'learning_rate': 6.566037735849057e-06, 'lm_loss': 0.0, 'pchembl_loss': 0.26628756523132324, 'ranking_loss': 0.0, 'total_loss': 0.2643568515777588, 'epoch': 17.20754716981132}
{'loss': 0.2534, 'grad_norm': 0.49430209398269653, 'learning_rate': 6.562264150943397e-06, 'lm_loss': 0.0, 'pchembl_loss': 0.15307556092739105, 'ranking_loss': 0.0, 'total_loss': 0.15196484327316284, 'epoch': 17.22641509433962}
{'loss': 0.2567, 'grad_norm': 1.3677576780319214, 'learning_rate': 6.558490566037736e-06, 'lm_loss': 0.0, 'pchembl_loss': 0.21192720532417297, 'ranking_loss': 0.0, 'total_loss': 0.21038822829723358, 'epoch': 17.245283018867923}
{'loss': 0.2588, 'grad_norm': 1.2788876295089722, 'learning_rate': 6.554716981132077e-06, 'lm_loss': 0.0, 'pchembl_loss': 0.3078669607639313, 'ranking_loss': 0.0, 'total_loss': 0.30562952160835266, 'epoch': 17.264150943396228}
{'loss': 0.2563, 'grad_norm': 0.4739104211330414, 'learning_rate': 6.550943396226416e-06, 'lm_loss': 0.0, 'pchembl_loss': 0.2528591752052307, 'ranking_loss': 0.0, 'total_loss': 0.25102001428604126, 'epoch': 17.28301886792453}
{'loss': 0.2559, 'grad_norm': 0.884013295173645, 'learning_rate': 6.547169811320755e-06, 'lm_loss': 0.0, 'pchembl_loss': 0.23896649479866028, 'ranking_loss': 0.0, 'total_loss': 0.2372269481420517, 'epoch': 17.30188679245283}
{'loss': 0.2527, 'grad_norm': 1.2396519184112549, 'learning_rate': 6.543396226415095e-06, 'lm_loss': 0.0, 'pchembl_loss': 0.22869540750980377, 'ranking_loss': 0.0, 'total_loss': 0.2270292043685913, 'epoch': 17.32075471698113}
{'loss': 0.2535, 'grad_norm': 0.45436516404151917, 'learning_rate': 6.539622641509435e-06, 'lm_loss': 0.0, 'pchembl_loss': 0.23820224404335022, 'ranking_loss': 0.0, 'total_loss': 0.23646530508995056, 'epoch': 17.339622641509433}
{'loss': 0.2553, 'grad_norm': 1.2045761346817017, 'learning_rate': 6.535849056603775e-06, 'lm_loss': 0.0, 'pchembl_loss': 0.23841258883476257, 'ranking_loss': 0.0, 'total_loss': 0.23667259514331818, 'epoch': 17.358490566037737}
{'loss': 0.2519, 'grad_norm': 0.9880679249763489, 'learning_rate': 6.532075471698114e-06, 'lm_loss': 0.0, 'pchembl_loss': 0.19978219270706177, 'ranking_loss': 0.0, 'total_loss': 0.1983228623867035, 'epoch': 17.37735849056604}
{'loss': 0.2595, 'grad_norm': 1.626197338104248, 'learning_rate': 6.528301886792453e-06, 'lm_loss': 0.0, 'pchembl_loss': 0.25776582956314087, 'ranking_loss': 0.0, 'total_loss': 0.25588127970695496, 'epoch': 17.39622641509434}
{'loss': 0.2551, 'grad_norm': 1.8551366329193115, 'learning_rate': 6.5245283018867935e-06, 'lm_loss': 0.0, 'pchembl_loss': 0.25990307331085205, 'ranking_loss': 0.0, 'total_loss': 0.2580012381076813, 'epoch': 17.41509433962264}
{'loss': 0.2531, 'grad_norm': 0.4399411976337433, 'learning_rate': 6.520754716981133e-06, 'lm_loss': 0.0, 'pchembl_loss': 0.3195779621601105, 'ranking_loss': 0.0, 'total_loss': 0.3172374963760376, 'epoch': 17.433962264150942}
{'loss': 0.256, 'grad_norm': 1.7782436609268188, 'learning_rate': 6.5169811320754725e-06, 'lm_loss': 0.0, 'pchembl_loss': 0.28222209215164185, 'ranking_loss': 0.0, 'total_loss': 0.28015342354774475, 'epoch': 17.452830188679247}
{'loss': 0.2594, 'grad_norm': 0.9460893273353577, 'learning_rate': 6.513207547169812e-06, 'lm_loss': 0.0, 'pchembl_loss': 0.24338191747665405, 'ranking_loss': 0.0, 'total_loss': 0.24159644544124603, 'epoch': 17.471698113207548}
{'loss': 0.258, 'grad_norm': 1.4704126119613647, 'learning_rate': 6.5094339622641515e-06, 'lm_loss': 0.0, 'pchembl_loss': 0.222100630402565, 'ranking_loss': 0.0, 'total_loss': 0.2204698771238327, 'epoch': 17.49056603773585}
{'loss': 0.2573, 'grad_norm': 1.5115941762924194, 'learning_rate': 6.505660377358491e-06, 'lm_loss': 0.0, 'pchembl_loss': 0.2242533266544342, 'ranking_loss': 0.0, 'total_loss': 0.2226053774356842, 'epoch': 17.50943396226415}
{'loss': 0.2507, 'grad_norm': 0.42422211170196533, 'learning_rate': 6.5018867924528305e-06, 'lm_loss': 0.0, 'pchembl_loss': 0.19617795944213867, 'ranking_loss': 0.0, 'total_loss': 0.19473512470722198, 'epoch': 17.528301886792452}
{'loss': 0.2496, 'grad_norm': 1.543083906173706, 'learning_rate': 6.4981132075471696e-06, 'lm_loss': 0.0, 'pchembl_loss': 0.24689555168151855, 'ranking_loss': 0.0, 'total_loss': 0.2450781613588333, 'epoch': 17.547169811320753}
{'loss': 0.2528, 'grad_norm': 1.0087164640426636, 'learning_rate': 6.49433962264151e-06, 'lm_loss': 0.0, 'pchembl_loss': 0.26876556873321533, 'ranking_loss': 0.0, 'total_loss': 0.26678553223609924, 'epoch': 17.566037735849058}
{'loss': 0.2567, 'grad_norm': 0.7768198251724243, 'learning_rate': 6.490566037735849e-06, 'lm_loss': 0.0, 'pchembl_loss': 0.23212863504886627, 'ranking_loss': 0.0, 'total_loss': 0.23041705787181854, 'epoch': 17.58490566037736}
{'loss': 0.2533, 'grad_norm': 1.542810320854187, 'learning_rate': 6.486792452830189e-06, 'lm_loss': 0.0, 'pchembl_loss': 0.29723066091537476, 'ranking_loss': 0.0, 'total_loss': 0.2950371503829956, 'epoch': 17.60377358490566}
{'loss': 0.2545, 'grad_norm': 0.4348975121974945, 'learning_rate': 6.483018867924528e-06, 'lm_loss': 0.0, 'pchembl_loss': 0.23591341078281403, 'ranking_loss': 0.0, 'total_loss': 0.23417091369628906, 'epoch': 17.62264150943396}
{'loss': 0.2517, 'grad_norm': 0.7840172648429871, 'learning_rate': 6.479245283018868e-06, 'lm_loss': 0.0, 'pchembl_loss': 0.28241240978240967, 'ranking_loss': 0.0, 'total_loss': 0.28032463788986206, 'epoch': 17.641509433962263}
{'loss': 0.2571, 'grad_norm': 0.9445371627807617, 'learning_rate': 6.475471698113208e-06, 'lm_loss': 0.0, 'pchembl_loss': 0.30616146326065063, 'ranking_loss': 0.0, 'total_loss': 0.30389612913131714, 'epoch': 17.660377358490567}
{'loss': 0.2542, 'grad_norm': 0.8898007869720459, 'learning_rate': 6.471698113207547e-06, 'lm_loss': 0.0, 'pchembl_loss': 0.20841258764266968, 'ranking_loss': 0.0, 'total_loss': 0.20686912536621094, 'epoch': 17.67924528301887}
{'loss': 0.2527, 'grad_norm': 1.6137332916259766, 'learning_rate': 6.467924528301888e-06, 'lm_loss': 0.0, 'pchembl_loss': 0.23823733627796173, 'ranking_loss': 0.0, 'total_loss': 0.23647136986255646, 'epoch': 17.69811320754717}
{'loss': 0.2519, 'grad_norm': 1.180459976196289, 'learning_rate': 6.464150943396227e-06, 'lm_loss': 0.0, 'pchembl_loss': 0.3173072040081024, 'ranking_loss': 0.0, 'total_loss': 0.3149530291557312, 'epoch': 17.71698113207547}
{'loss': 0.2565, 'grad_norm': 0.5653508305549622, 'learning_rate': 6.460377358490566e-06, 'lm_loss': 0.0, 'pchembl_loss': 0.3141591250896454, 'ranking_loss': 0.0, 'total_loss': 0.31182625889778137, 'epoch': 17.735849056603772}
{'loss': 0.2541, 'grad_norm': 0.5885642766952515, 'learning_rate': 6.456603773584906e-06, 'lm_loss': 0.0, 'pchembl_loss': 0.26094454526901245, 'ranking_loss': 0.0, 'total_loss': 0.2590050995349884, 'epoch': 17.754716981132077}
{'loss': 0.2483, 'grad_norm': 0.8493453860282898, 'learning_rate': 6.452830188679245e-06, 'lm_loss': 0.0, 'pchembl_loss': 0.2513808310031891, 'ranking_loss': 0.0, 'total_loss': 0.2495107501745224, 'epoch': 17.77358490566038}
{'loss': 0.2561, 'grad_norm': 1.5851428508758545, 'learning_rate': 6.449056603773586e-06, 'lm_loss': 0.0, 'pchembl_loss': 0.2694646418094635, 'ranking_loss': 0.0, 'total_loss': 0.2674581706523895, 'epoch': 17.79245283018868}
{'loss': 0.2474, 'grad_norm': 1.0259079933166504, 'learning_rate': 6.445283018867925e-06, 'lm_loss': 0.0, 'pchembl_loss': 0.20350268483161926, 'ranking_loss': 0.0, 'total_loss': 0.20198602974414825, 'epoch': 17.81132075471698}
{'loss': 0.2544, 'grad_norm': 1.4921897649765015, 'learning_rate': 6.441509433962264e-06, 'lm_loss': 0.0, 'pchembl_loss': 0.2840884029865265, 'ranking_loss': 0.0, 'total_loss': 0.28196924924850464, 'epoch': 17.830188679245282}
{'loss': 0.2521, 'grad_norm': 1.2782305479049683, 'learning_rate': 6.437735849056605e-06, 'lm_loss': 0.0, 'pchembl_loss': 0.26199570298194885, 'ranking_loss': 0.0, 'total_loss': 0.26003962755203247, 'epoch': 17.849056603773583}
{'loss': 0.2552, 'grad_norm': 0.5208844542503357, 'learning_rate': 6.433962264150944e-06, 'lm_loss': 0.0, 'pchembl_loss': 0.18922530114650726, 'ranking_loss': 0.0, 'total_loss': 0.18781130015850067, 'epoch': 17.867924528301888}
{'loss': 0.2544, 'grad_norm': 1.1368191242218018, 'learning_rate': 6.430188679245284e-06, 'lm_loss': 0.0, 'pchembl_loss': 0.2428809106349945, 'ranking_loss': 0.0, 'total_loss': 0.24106435477733612, 'epoch': 17.88679245283019}
{'loss': 0.2532, 'grad_norm': 1.8236351013183594, 'learning_rate': 6.426415094339623e-06, 'lm_loss': 0.0, 'pchembl_loss': 0.2670271694660187, 'ranking_loss': 0.0, 'total_loss': 0.2650282680988312, 'epoch': 17.90566037735849}
{'loss': 0.2549, 'grad_norm': 0.7067031264305115, 'learning_rate': 6.422641509433962e-06, 'lm_loss': 0.0, 'pchembl_loss': 0.2625085711479187, 'ranking_loss': 0.0, 'total_loss': 0.26054179668426514, 'epoch': 17.92452830188679}
{'loss': 0.2531, 'grad_norm': 1.7587859630584717, 'learning_rate': 6.418867924528303e-06, 'lm_loss': 0.0, 'pchembl_loss': 0.30037903785705566, 'ranking_loss': 0.0, 'total_loss': 0.29812657833099365, 'epoch': 17.943396226415093}
{'loss': 0.2581, 'grad_norm': 1.6773031949996948, 'learning_rate': 6.415094339622642e-06, 'lm_loss': 0.0, 'pchembl_loss': 0.328247606754303, 'ranking_loss': 0.0, 'total_loss': 0.3257840871810913, 'epoch': 17.962264150943398}
{'loss': 0.2552, 'grad_norm': 1.0292093753814697, 'learning_rate': 6.411320754716982e-06, 'lm_loss': 0.0, 'pchembl_loss': 0.168314591050148, 'ranking_loss': 0.0, 'total_loss': 0.1670503467321396, 'epoch': 17.9811320754717}
{'loss': 0.2542, 'grad_norm': 1.852774977684021, 'learning_rate': 6.4075471698113216e-06, 'lm_loss': 0.0, 'pchembl_loss': 0.21677300333976746, 'ranking_loss': 0.0, 'total_loss': 0.21514342725276947, 'epoch': 18.0}
{'eval_loss': 0.24586938321590424, 'eval_pchembl_norm_mse': 0.447863906621933, 'eval_pchembl_norm_mae': 0.48425477743148804, 'eval_pchembl_norm_rmse': 0.669226348400116, 'eval_pchembl_r2': 0.5439672470092773, 'eval_pchembl_count': 20000, 'eval_pchembl_norm_mean_pred': -0.08996927738189697, 'eval_pchembl_norm_std_pred': 0.7258405089378357, 'eval_pchembl_norm_mean_true': -0.02121046371757984, 'eval_pchembl_norm_std_true': 0.9910030961036682, 'eval_pchembl_raw_mse': 0.8311243057250977, 'eval_pchembl_raw_mae': 0.6596807837486267, 'eval_pchembl_raw_rmse': 0.9116601943969727, 'eval_pchembl_raw_pearson': 0.7408455164744234, 'eval_pchembl_raw_spearman': 0.7468895805951999, 'eval_runtime': 8.8665, 'eval_samples_per_second': 1187.723, 'eval_steps_per_second': 0.113, 'epoch': 18.0}
{'eval_lm_loss': 0.0, 'eval_pchembl_loss': 0.24720226265490056, 'eval_ranking_loss': 0.0, 'eval_total_loss': 0.24534242682158947, 'epoch': 18.0}
{'eval_evaluation_time_sec': 8.907299985177815, 'epoch': 18.0}
{'loss': 0.2513, 'grad_norm': 2.7907702922821045, 'learning_rate': 6.403773584905661e-06, 'lm_loss': 0.0, 'pchembl_loss': 0.3135415315628052, 'ranking_loss': 0.0, 'total_loss': 0.31118258833885193, 'epoch': 18.0188679245283}
{'loss': 0.2584, 'grad_norm': 1.559389352798462, 'learning_rate': 6.4000000000000006e-06, 'lm_loss': 0.0, 'pchembl_loss': 0.2701384723186493, 'ranking_loss': 0.0, 'total_loss': 0.26810452342033386, 'epoch': 18.037735849056602}
{'loss': 0.2487, 'grad_norm': 0.43719661235809326, 'learning_rate': 6.39622641509434e-06, 'lm_loss': 0.0, 'pchembl_loss': 0.3160735070705414, 'ranking_loss': 0.0, 'total_loss': 0.3136919140815735, 'epoch': 18.056603773584907}
{'loss': 0.2569, 'grad_norm': 2.466994285583496, 'learning_rate': 6.39245283018868e-06, 'lm_loss': 0.0, 'pchembl_loss': 0.31074488162994385, 'ranking_loss': 0.0, 'total_loss': 0.30840161442756653, 'epoch': 18.07547169811321}
{'loss': 0.254, 'grad_norm': 2.7578883171081543, 'learning_rate': 6.3886792452830195e-06, 'lm_loss': 0.0, 'pchembl_loss': 0.22266626358032227, 'ranking_loss': 0.0, 'total_loss': 0.22098594903945923, 'epoch': 18.09433962264151}
{'loss': 0.2536, 'grad_norm': 0.9774401187896729, 'learning_rate': 6.3849056603773585e-06, 'lm_loss': 0.0, 'pchembl_loss': 0.27533164620399475, 'ranking_loss': 0.0, 'total_loss': 0.2732524275779724, 'epoch': 18.11320754716981}
{'loss': 0.2538, 'grad_norm': 1.3760448694229126, 'learning_rate': 6.3811320754716984e-06, 'lm_loss': 0.0, 'pchembl_loss': 0.27721166610717773, 'ranking_loss': 0.0, 'total_loss': 0.2751167118549347, 'epoch': 18.132075471698112}
{'loss': 0.2498, 'grad_norm': 2.3527159690856934, 'learning_rate': 6.377358490566038e-06, 'lm_loss': 0.0, 'pchembl_loss': 0.279401957988739, 'ranking_loss': 0.0, 'total_loss': 0.27728891372680664, 'epoch': 18.150943396226417}
{'loss': 0.2503, 'grad_norm': 1.1690523624420166, 'learning_rate': 6.373584905660378e-06, 'lm_loss': 0.0, 'pchembl_loss': 0.2959492802619934, 'ranking_loss': 0.0, 'total_loss': 0.29370951652526855, 'epoch': 18.169811320754718}
{'loss': 0.2536, 'grad_norm': 0.9207154512405396, 'learning_rate': 6.369811320754717e-06, 'lm_loss': 0.0, 'pchembl_loss': 0.20744913816452026, 'ranking_loss': 0.0, 'total_loss': 0.20587801933288574, 'epoch': 18.18867924528302}
{'loss': 0.2527, 'grad_norm': 1.2829021215438843, 'learning_rate': 6.366037735849056e-06, 'lm_loss': 0.0, 'pchembl_loss': 0.20834170281887054, 'ranking_loss': 0.0, 'total_loss': 0.2067626565694809, 'epoch': 18.20754716981132}
{'loss': 0.2526, 'grad_norm': 0.6053434014320374, 'learning_rate': 6.362264150943397e-06, 'lm_loss': 0.0, 'pchembl_loss': 0.261495441198349, 'ranking_loss': 0.0, 'total_loss': 0.2595120370388031, 'epoch': 18.22641509433962}
{'loss': 0.2487, 'grad_norm': 0.5689151287078857, 'learning_rate': 6.358490566037736e-06, 'lm_loss': 0.0, 'pchembl_loss': 0.23718731105327606, 'ranking_loss': 0.0, 'total_loss': 0.2353869080543518, 'epoch': 18.245283018867923}
{'loss': 0.2505, 'grad_norm': 0.6929805278778076, 'learning_rate': 6.354716981132076e-06, 'lm_loss': 0.0, 'pchembl_loss': 0.28521472215652466, 'ranking_loss': 0.0, 'total_loss': 0.28304803371429443, 'epoch': 18.264150943396228}
{'loss': 0.2514, 'grad_norm': 0.6355940103530884, 'learning_rate': 6.350943396226415e-06, 'lm_loss': 0.0, 'pchembl_loss': 0.30865997076034546, 'ranking_loss': 0.0, 'total_loss': 0.30631327629089355, 'epoch': 18.28301886792453}
{'loss': 0.2569, 'grad_norm': 0.5664154887199402, 'learning_rate': 6.347169811320755e-06, 'lm_loss': 0.0, 'pchembl_loss': 0.23054055869579315, 'ranking_loss': 0.0, 'total_loss': 0.22878634929656982, 'epoch': 18.30188679245283}
{'loss': 0.2501, 'grad_norm': 0.6575519442558289, 'learning_rate': 6.343396226415095e-06, 'lm_loss': 0.0, 'pchembl_loss': 0.30602455139160156, 'ranking_loss': 0.0, 'total_loss': 0.3036940097808838, 'epoch': 18.32075471698113}
{'loss': 0.2517, 'grad_norm': 0.6813196539878845, 'learning_rate': 6.339622641509434e-06, 'lm_loss': 0.0, 'pchembl_loss': 0.2297925502061844, 'ranking_loss': 0.0, 'total_loss': 0.22804103791713715, 'epoch': 18.339622641509433}
{'loss': 0.2542, 'grad_norm': 0.7361753582954407, 'learning_rate': 6.335849056603775e-06, 'lm_loss': 0.0, 'pchembl_loss': 0.2709239721298218, 'ranking_loss': 0.0, 'total_loss': 0.2688571512699127, 'epoch': 18.358490566037737}
{'loss': 0.2545, 'grad_norm': 1.0220777988433838, 'learning_rate': 6.332075471698114e-06, 'lm_loss': 0.0, 'pchembl_loss': 0.27826935052871704, 'ranking_loss': 0.0, 'total_loss': 0.2761446237564087, 'epoch': 18.37735849056604}
{'loss': 0.2509, 'grad_norm': 1.0799760818481445, 'learning_rate': 6.328301886792453e-06, 'lm_loss': 0.0, 'pchembl_loss': 0.23376284539699554, 'ranking_loss': 0.0, 'total_loss': 0.23197636008262634, 'epoch': 18.39622641509434}
{'loss': 0.2528, 'grad_norm': 1.0558664798736572, 'learning_rate': 6.324528301886793e-06, 'lm_loss': 0.0, 'pchembl_loss': 0.2663562595844269, 'ranking_loss': 0.0, 'total_loss': 0.26431888341903687, 'epoch': 18.41509433962264}
{'loss': 0.2542, 'grad_norm': 1.056503176689148, 'learning_rate': 6.320754716981132e-06, 'lm_loss': 0.0, 'pchembl_loss': 0.2751404941082001, 'ranking_loss': 0.0, 'total_loss': 0.27303406596183777, 'epoch': 18.433962264150942}
{'loss': 0.2435, 'grad_norm': 0.9346572756767273, 'learning_rate': 6.316981132075473e-06, 'lm_loss': 0.0, 'pchembl_loss': 0.3232363164424896, 'ranking_loss': 0.0, 'total_loss': 0.32075944542884827, 'epoch': 18.452830188679247}
{'loss': 0.2519, 'grad_norm': 0.5944746732711792, 'learning_rate': 6.313207547169812e-06, 'lm_loss': 0.0, 'pchembl_loss': 0.2108212113380432, 'ranking_loss': 0.0, 'total_loss': 0.2092042863368988, 'epoch': 18.471698113207548}
{'loss': 0.2513, 'grad_norm': 1.4417804479599, 'learning_rate': 6.309433962264151e-06, 'lm_loss': 0.0, 'pchembl_loss': 0.2613488733768463, 'ranking_loss': 0.0, 'total_loss': 0.25934261083602905, 'epoch': 18.49056603773585}
{'loss': 0.2555, 'grad_norm': 0.47665855288505554, 'learning_rate': 6.305660377358492e-06, 'lm_loss': 0.0, 'pchembl_loss': 0.2631229758262634, 'ranking_loss': 0.0, 'total_loss': 0.26110130548477173, 'epoch': 18.50943396226415}
{'loss': 0.2567, 'grad_norm': 0.8226111531257629, 'learning_rate': 6.301886792452831e-06, 'lm_loss': 0.0, 'pchembl_loss': 0.2918630838394165, 'ranking_loss': 0.0, 'total_loss': 0.2896186113357544, 'epoch': 18.528301886792452}
{'loss': 0.2486, 'grad_norm': 1.0805613994598389, 'learning_rate': 6.298113207547171e-06, 'lm_loss': 0.0, 'pchembl_loss': 0.2562350332736969, 'ranking_loss': 0.0, 'total_loss': 0.254262775182724, 'epoch': 18.547169811320753}
{'loss': 0.254, 'grad_norm': 0.6688528656959534, 'learning_rate': 6.29433962264151e-06, 'lm_loss': 0.0, 'pchembl_loss': 0.26591435074806213, 'ranking_loss': 0.0, 'total_loss': 0.26386573910713196, 'epoch': 18.566037735849058}
{'loss': 0.248, 'grad_norm': 1.0300008058547974, 'learning_rate': 6.290566037735849e-06, 'lm_loss': 0.0, 'pchembl_loss': 0.27803972363471985, 'ranking_loss': 0.0, 'total_loss': 0.27589577436447144, 'epoch': 18.58490566037736}
{'loss': 0.253, 'grad_norm': 1.0414421558380127, 'learning_rate': 6.2867924528301895e-06, 'lm_loss': 0.0, 'pchembl_loss': 0.1833639144897461, 'ranking_loss': 0.0, 'total_loss': 0.181948721408844, 'epoch': 18.60377358490566}
{'loss': 0.2535, 'grad_norm': 0.8852559328079224, 'learning_rate': 6.283018867924529e-06, 'lm_loss': 0.0, 'pchembl_loss': 0.2860707938671112, 'ranking_loss': 0.0, 'total_loss': 0.2838609218597412, 'epoch': 18.62264150943396}
{'loss': 0.2496, 'grad_norm': 1.1528618335723877, 'learning_rate': 6.2792452830188685e-06, 'lm_loss': 0.0, 'pchembl_loss': 0.2290026992559433, 'ranking_loss': 0.0, 'total_loss': 0.22723205387592316, 'epoch': 18.641509433962263}
{'loss': 0.252, 'grad_norm': 0.5003198981285095, 'learning_rate': 6.275471698113208e-06, 'lm_loss': 0.0, 'pchembl_loss': 0.3111816644668579, 'ranking_loss': 0.0, 'total_loss': 0.3087734580039978, 'epoch': 18.660377358490567}
{'loss': 0.2525, 'grad_norm': 1.1999881267547607, 'learning_rate': 6.2716981132075475e-06, 'lm_loss': 0.0, 'pchembl_loss': 0.2554415762424469, 'ranking_loss': 0.0, 'total_loss': 0.25346294045448303, 'epoch': 18.67924528301887}
{'loss': 0.2526, 'grad_norm': 0.9024618268013, 'learning_rate': 6.267924528301887e-06, 'lm_loss': 0.0, 'pchembl_loss': 0.2570558488368988, 'ranking_loss': 0.0, 'total_loss': 0.25506290793418884, 'epoch': 18.69811320754717}
{'loss': 0.2507, 'grad_norm': 1.5855790376663208, 'learning_rate': 6.2641509433962265e-06, 'lm_loss': 0.0, 'pchembl_loss': 0.26881614327430725, 'ranking_loss': 0.0, 'total_loss': 0.2667301595211029, 'epoch': 18.71698113207547}
{'loss': 0.2533, 'grad_norm': 2.3077797889709473, 'learning_rate': 6.260377358490567e-06, 'lm_loss': 0.0, 'pchembl_loss': 0.18090231716632843, 'ranking_loss': 0.0, 'total_loss': 0.17949731647968292, 'epoch': 18.735849056603772}
{'loss': 0.2525, 'grad_norm': 0.47623226046562195, 'learning_rate': 6.256603773584906e-06, 'lm_loss': 0.0, 'pchembl_loss': 0.1892213374376297, 'ranking_loss': 0.0, 'total_loss': 0.18775051832199097, 'epoch': 18.754716981132077}
{'loss': 0.2528, 'grad_norm': 1.8753681182861328, 'learning_rate': 6.252830188679245e-06, 'lm_loss': 0.0, 'pchembl_loss': 0.20114818215370178, 'ranking_loss': 0.0, 'total_loss': 0.19958335161209106, 'epoch': 18.77358490566038}
{'loss': 0.2487, 'grad_norm': 1.689415454864502, 'learning_rate': 6.249056603773585e-06, 'lm_loss': 0.0, 'pchembl_loss': 0.3527611494064331, 'ranking_loss': 0.0, 'total_loss': 0.35001465678215027, 'epoch': 18.79245283018868}
{'loss': 0.2503, 'grad_norm': 0.9235455393791199, 'learning_rate': 6.245283018867924e-06, 'lm_loss': 0.0, 'pchembl_loss': 0.25649186968803406, 'ranking_loss': 0.0, 'total_loss': 0.2544933259487152, 'epoch': 18.81132075471698}
{'loss': 0.2576, 'grad_norm': 2.1461567878723145, 'learning_rate': 6.241509433962265e-06, 'lm_loss': 0.0, 'pchembl_loss': 0.302051842212677, 'ranking_loss': 0.0, 'total_loss': 0.2996964454650879, 'epoch': 18.830188679245282}
{'loss': 0.2533, 'grad_norm': 2.994414806365967, 'learning_rate': 6.237735849056604e-06, 'lm_loss': 0.0, 'pchembl_loss': 0.2527146637439728, 'ranking_loss': 0.0, 'total_loss': 0.25074249505996704, 'epoch': 18.849056603773583}
{'loss': 0.2526, 'grad_norm': 1.570515513420105, 'learning_rate': 6.233962264150943e-06, 'lm_loss': 0.0, 'pchembl_loss': 0.3381817936897278, 'ranking_loss': 0.0, 'total_loss': 0.3355407416820526, 'epoch': 18.867924528301888}
{'loss': 0.2586, 'grad_norm': 0.5464375019073486, 'learning_rate': 6.230188679245284e-06, 'lm_loss': 0.0, 'pchembl_loss': 0.2517571747303009, 'ranking_loss': 0.0, 'total_loss': 0.24978968501091003, 'epoch': 18.88679245283019}
{'loss': 0.2546, 'grad_norm': 2.141287326812744, 'learning_rate': 6.226415094339623e-06, 'lm_loss': 0.0, 'pchembl_loss': 0.2736712098121643, 'ranking_loss': 0.0, 'total_loss': 0.2715308964252472, 'epoch': 18.90566037735849}
{'loss': 0.2519, 'grad_norm': 2.3156895637512207, 'learning_rate': 6.222641509433963e-06, 'lm_loss': 0.0, 'pchembl_loss': 0.29582053422927856, 'ranking_loss': 0.0, 'total_loss': 0.29350537061691284, 'epoch': 18.92452830188679}
{'loss': 0.2498, 'grad_norm': 1.2187540531158447, 'learning_rate': 6.218867924528302e-06, 'lm_loss': 0.0, 'pchembl_loss': 0.21277476847171783, 'ranking_loss': 0.0, 'total_loss': 0.21110843122005463, 'epoch': 18.943396226415093}
{'loss': 0.2535, 'grad_norm': 1.8012880086898804, 'learning_rate': 6.215094339622641e-06, 'lm_loss': 0.0, 'pchembl_loss': 0.25471052527427673, 'ranking_loss': 0.0, 'total_loss': 0.2527144253253937, 'epoch': 18.962264150943398}
{'loss': 0.252, 'grad_norm': 2.383669137954712, 'learning_rate': 6.211320754716982e-06, 'lm_loss': 0.0, 'pchembl_loss': 0.22831720113754272, 'ranking_loss': 0.0, 'total_loss': 0.22652675211429596, 'epoch': 18.9811320754717}
{'loss': 0.2495, 'grad_norm': 1.7537205219268799, 'learning_rate': 6.207547169811321e-06, 'lm_loss': 0.0, 'pchembl_loss': 0.31046074628829956, 'ranking_loss': 0.0, 'total_loss': 0.3080245852470398, 'epoch': 19.0}
{'eval_loss': 0.24312764406204224, 'eval_pchembl_norm_mse': 0.43753477931022644, 'eval_pchembl_norm_mae': 0.48489877581596375, 'eval_pchembl_norm_rmse': 0.6614640951156616, 'eval_pchembl_r2': 0.5544848442077637, 'eval_pchembl_count': 20000, 'eval_pchembl_norm_mean_pred': -0.008354971185326576, 'eval_pchembl_norm_std_pred': 0.7651252150535583, 'eval_pchembl_norm_mean_true': -0.02121046371757984, 'eval_pchembl_norm_std_true': 0.9910030961036682, 'eval_pchembl_raw_mse': 0.8119559288024902, 'eval_pchembl_raw_mae': 0.6605582237243652, 'eval_pchembl_raw_rmse': 0.9010859727859497, 'eval_pchembl_raw_pearson': 0.7452337782618575, 'eval_pchembl_raw_spearman': 0.7503944637778294, 'eval_runtime': 8.8766, 'eval_samples_per_second': 1186.376, 'eval_steps_per_second': 0.113, 'epoch': 19.0}
{'eval_lm_loss': 0.0, 'eval_pchembl_loss': 0.24458201818168163, 'eval_ranking_loss': 0.0, 'eval_total_loss': 0.24266158536076546, 'epoch': 19.0}
{'eval_evaluation_time_sec': 8.935336878988892, 'epoch': 19.0}
{'loss': 0.2487, 'grad_norm': 0.6124910712242126, 'learning_rate': 6.203773584905661e-06, 'lm_loss': 0.0, 'pchembl_loss': 0.25360140204429626, 'ranking_loss': 0.0, 'total_loss': 0.2516101598739624, 'epoch': 19.0188679245283}
{'loss': 0.2515, 'grad_norm': 1.9657015800476074, 'learning_rate': 6.200000000000001e-06, 'lm_loss': 0.0, 'pchembl_loss': 0.27038097381591797, 'ranking_loss': 0.0, 'total_loss': 0.2682565748691559, 'epoch': 19.037735849056602}
{'loss': 0.2493, 'grad_norm': 2.134003162384033, 'learning_rate': 6.19622641509434e-06, 'lm_loss': 0.0, 'pchembl_loss': 0.22077514231204987, 'ranking_loss': 0.0, 'total_loss': 0.21903939545154572, 'epoch': 19.056603773584907}
{'loss': 0.2474, 'grad_norm': 0.6386137008666992, 'learning_rate': 6.19245283018868e-06, 'lm_loss': 0.0, 'pchembl_loss': 0.268157958984375, 'ranking_loss': 0.0, 'total_loss': 0.2660483717918396, 'epoch': 19.07547169811321}
{'loss': 0.2489, 'grad_norm': 1.0555378198623657, 'learning_rate': 6.188679245283019e-06, 'lm_loss': 0.0, 'pchembl_loss': 0.2744637131690979, 'ranking_loss': 0.0, 'total_loss': 0.27230310440063477, 'epoch': 19.09433962264151}
{'loss': 0.2539, 'grad_norm': 3.023922920227051, 'learning_rate': 6.18490566037736e-06, 'lm_loss': 0.0, 'pchembl_loss': 0.24767157435417175, 'ranking_loss': 0.0, 'total_loss': 0.24572058022022247, 'epoch': 19.11320754716981}
{'loss': 0.2471, 'grad_norm': 2.4596166610717773, 'learning_rate': 6.181132075471699e-06, 'lm_loss': 0.0, 'pchembl_loss': 0.19622817635536194, 'ranking_loss': 0.0, 'total_loss': 0.19468143582344055, 'epoch': 19.132075471698112}
{'loss': 0.2525, 'grad_norm': 1.124578833580017, 'learning_rate': 6.177358490566038e-06, 'lm_loss': 0.0, 'pchembl_loss': 0.2802281975746155, 'ranking_loss': 0.0, 'total_loss': 0.2780179977416992, 'epoch': 19.150943396226417}
{'loss': 0.2476, 'grad_norm': 1.224665880203247, 'learning_rate': 6.173584905660378e-06, 'lm_loss': 0.0, 'pchembl_loss': 0.22425960004329681, 'ranking_loss': 0.0, 'total_loss': 0.22248972952365875, 'epoch': 19.169811320754718}
{'loss': 0.2473, 'grad_norm': 1.07284414768219, 'learning_rate': 6.1698113207547176e-06, 'lm_loss': 0.0, 'pchembl_loss': 0.309581458568573, 'ranking_loss': 0.0, 'total_loss': 0.3071366548538208, 'epoch': 19.18867924528302}
{'loss': 0.2463, 'grad_norm': 1.78678560256958, 'learning_rate': 6.1660377358490575e-06, 'lm_loss': 0.0, 'pchembl_loss': 0.18769897520542145, 'ranking_loss': 0.0, 'total_loss': 0.18621569871902466, 'epoch': 19.20754716981132}
{'loss': 0.2511, 'grad_norm': 1.860893964767456, 'learning_rate': 6.1622641509433965e-06, 'lm_loss': 0.0, 'pchembl_loss': 0.17114856839179993, 'ranking_loss': 0.0, 'total_loss': 0.1697952151298523, 'epoch': 19.22641509433962}
{'loss': 0.2551, 'grad_norm': 1.0789399147033691, 'learning_rate': 6.158490566037736e-06, 'lm_loss': 0.0, 'pchembl_loss': 0.24097613990306854, 'ranking_loss': 0.0, 'total_loss': 0.23906941711902618, 'epoch': 19.245283018867923}
{'loss': 0.2517, 'grad_norm': 1.8760297298431396, 'learning_rate': 6.154716981132076e-06, 'lm_loss': 0.0, 'pchembl_loss': 0.2441805601119995, 'ranking_loss': 0.0, 'total_loss': 0.24224720895290375, 'epoch': 19.264150943396228}
{'loss': 0.2495, 'grad_norm': 2.063066244125366, 'learning_rate': 6.1509433962264154e-06, 'lm_loss': 0.0, 'pchembl_loss': 0.28206947445869446, 'ranking_loss': 0.0, 'total_loss': 0.27983471751213074, 'epoch': 19.28301886792453}
{'loss': 0.2471, 'grad_norm': 2.0307366847991943, 'learning_rate': 6.147169811320755e-06, 'lm_loss': 0.0, 'pchembl_loss': 0.2582935392856598, 'ranking_loss': 0.0, 'total_loss': 0.256245881319046, 'epoch': 19.30188679245283}
{'loss': 0.2501, 'grad_norm': 1.08209228515625, 'learning_rate': 6.143396226415094e-06, 'lm_loss': 0.0, 'pchembl_loss': 0.23234084248542786, 'ranking_loss': 0.0, 'total_loss': 0.2304978221654892, 'epoch': 19.32075471698113}
{'loss': 0.2561, 'grad_norm': 1.4308922290802002, 'learning_rate': 6.139622641509434e-06, 'lm_loss': 0.0, 'pchembl_loss': 0.2669431269168854, 'ranking_loss': 0.0, 'total_loss': 0.2648243010044098, 'epoch': 19.339622641509433}
{'loss': 0.2512, 'grad_norm': 0.9599034786224365, 'learning_rate': 6.135849056603774e-06, 'lm_loss': 0.0, 'pchembl_loss': 0.24789007008075714, 'ranking_loss': 0.0, 'total_loss': 0.24592123925685883, 'epoch': 19.358490566037737}
{'loss': 0.2474, 'grad_norm': 2.1583800315856934, 'learning_rate': 6.132075471698113e-06, 'lm_loss': 0.0, 'pchembl_loss': 0.21940499544143677, 'ranking_loss': 0.0, 'total_loss': 0.21766124665737152, 'epoch': 19.37735849056604}
{'loss': 0.2511, 'grad_norm': 1.549064040184021, 'learning_rate': 6.128301886792454e-06, 'lm_loss': 0.0, 'pchembl_loss': 0.28570786118507385, 'ranking_loss': 0.0, 'total_loss': 0.28343573212623596, 'epoch': 19.39622641509434}
{'loss': 0.253, 'grad_norm': 0.7305468916893005, 'learning_rate': 6.124528301886793e-06, 'lm_loss': 0.0, 'pchembl_loss': 0.30967530608177185, 'ranking_loss': 0.0, 'total_loss': 0.3072110116481781, 'epoch': 19.41509433962264}
{'loss': 0.2501, 'grad_norm': 2.086228132247925, 'learning_rate': 6.120754716981132e-06, 'lm_loss': 0.0, 'pchembl_loss': 0.26438918709754944, 'ranking_loss': 0.0, 'total_loss': 0.26228389143943787, 'epoch': 19.433962264150942}
{'loss': 0.2549, 'grad_norm': 1.978492021560669, 'learning_rate': 6.116981132075472e-06, 'lm_loss': 0.0, 'pchembl_loss': 0.2720920741558075, 'ranking_loss': 0.0, 'total_loss': 0.2699240446090698, 'epoch': 19.452830188679247}
{'loss': 0.2516, 'grad_norm': 0.9283932447433472, 'learning_rate': 6.113207547169811e-06, 'lm_loss': 0.0, 'pchembl_loss': 0.22555263340473175, 'ranking_loss': 0.0, 'total_loss': 0.22375433146953583, 'epoch': 19.471698113207548}
{'loss': 0.2504, 'grad_norm': 1.554962396621704, 'learning_rate': 6.109433962264152e-06, 'lm_loss': 0.0, 'pchembl_loss': 0.30812034010887146, 'ranking_loss': 0.0, 'total_loss': 0.3056621253490448, 'epoch': 19.49056603773585}
{'loss': 0.2558, 'grad_norm': 1.973433494567871, 'learning_rate': 6.105660377358491e-06, 'lm_loss': 0.0, 'pchembl_loss': 0.2145499438047409, 'ranking_loss': 0.0, 'total_loss': 0.21283714473247528, 'epoch': 19.50943396226415}
{'loss': 0.2501, 'grad_norm': 1.2181951999664307, 'learning_rate': 6.10188679245283e-06, 'lm_loss': 0.0, 'pchembl_loss': 0.2966400980949402, 'ranking_loss': 0.0, 'total_loss': 0.29427048563957214, 'epoch': 19.528301886792452}
{'loss': 0.2456, 'grad_norm': 0.6321070194244385, 'learning_rate': 6.098113207547171e-06, 'lm_loss': 0.0, 'pchembl_loss': 0.2842465043067932, 'ranking_loss': 0.0, 'total_loss': 0.2819744348526001, 'epoch': 19.547169811320753}
{'loss': 0.2508, 'grad_norm': 2.320758819580078, 'learning_rate': 6.09433962264151e-06, 'lm_loss': 0.0, 'pchembl_loss': 0.28947216272354126, 'ranking_loss': 0.0, 'total_loss': 0.2871567904949188, 'epoch': 19.566037735849058}
{'loss': 0.2487, 'grad_norm': 2.299835681915283, 'learning_rate': 6.09056603773585e-06, 'lm_loss': 0.0, 'pchembl_loss': 0.21498166024684906, 'ranking_loss': 0.0, 'total_loss': 0.21326102316379547, 'epoch': 19.58490566037736}
{'loss': 0.2473, 'grad_norm': 0.6560574173927307, 'learning_rate': 6.086792452830189e-06, 'lm_loss': 0.0, 'pchembl_loss': 0.2745959460735321, 'ranking_loss': 0.0, 'total_loss': 0.27239683270454407, 'epoch': 19.60377358490566}
{'loss': 0.253, 'grad_norm': 1.772808313369751, 'learning_rate': 6.083018867924528e-06, 'lm_loss': 0.0, 'pchembl_loss': 0.23332644999027252, 'ranking_loss': 0.0, 'total_loss': 0.23145665228366852, 'epoch': 19.62264150943396}
{'loss': 0.2519, 'grad_norm': 2.579901933670044, 'learning_rate': 6.079245283018869e-06, 'lm_loss': 0.0, 'pchembl_loss': 0.28261587023735046, 'ranking_loss': 0.0, 'total_loss': 0.2803496718406677, 'epoch': 19.641509433962263}
{'loss': 0.2478, 'grad_norm': 1.6424071788787842, 'learning_rate': 6.075471698113208e-06, 'lm_loss': 0.0, 'pchembl_loss': 0.26504504680633545, 'ranking_loss': 0.0, 'total_loss': 0.26291847229003906, 'epoch': 19.660377358490567}
{'loss': 0.2577, 'grad_norm': 0.5207827091217041, 'learning_rate': 6.071698113207548e-06, 'lm_loss': 0.0, 'pchembl_loss': 0.32081934809684753, 'ranking_loss': 0.0, 'total_loss': 0.31824374198913574, 'epoch': 19.67924528301887}
{'loss': 0.2507, 'grad_norm': 2.3966784477233887, 'learning_rate': 6.067924528301888e-06, 'lm_loss': 0.0, 'pchembl_loss': 0.31709423661231995, 'ranking_loss': 0.0, 'total_loss': 0.31454694271087646, 'epoch': 19.69811320754717}
{'loss': 0.2569, 'grad_norm': 3.6274077892303467, 'learning_rate': 6.064150943396227e-06, 'lm_loss': 0.0, 'pchembl_loss': 0.29502421617507935, 'ranking_loss': 0.0, 'total_loss': 0.29265278577804565, 'epoch': 19.71698113207547}
{'loss': 0.2543, 'grad_norm': 2.8341097831726074, 'learning_rate': 6.060377358490567e-06, 'lm_loss': 0.0, 'pchembl_loss': 0.26618239283561707, 'ranking_loss': 0.0, 'total_loss': 0.26404160261154175, 'epoch': 19.735849056603772}
{'loss': 0.2481, 'grad_norm': 0.472115159034729, 'learning_rate': 6.056603773584906e-06, 'lm_loss': 0.0, 'pchembl_loss': 0.20171581208705902, 'ranking_loss': 0.0, 'total_loss': 0.200092613697052, 'epoch': 19.754716981132077}
{'loss': 0.2541, 'grad_norm': 1.349182367324829, 'learning_rate': 6.0528301886792464e-06, 'lm_loss': 0.0, 'pchembl_loss': 0.22804930806159973, 'ranking_loss': 0.0, 'total_loss': 0.22621315717697144, 'epoch': 19.77358490566038}
{'loss': 0.2471, 'grad_norm': 1.4677151441574097, 'learning_rate': 6.0490566037735855e-06, 'lm_loss': 0.0, 'pchembl_loss': 0.2141745686531067, 'ranking_loss': 0.0, 'total_loss': 0.2124491184949875, 'epoch': 19.79245283018868}
{'loss': 0.2508, 'grad_norm': 0.4412539303302765, 'learning_rate': 6.0452830188679246e-06, 'lm_loss': 0.0, 'pchembl_loss': 0.19201675057411194, 'ranking_loss': 0.0, 'total_loss': 0.1904689073562622, 'epoch': 19.81132075471698}
{'loss': 0.2475, 'grad_norm': 1.2760720252990723, 'learning_rate': 6.0415094339622645e-06, 'lm_loss': 0.0, 'pchembl_loss': 0.196878120303154, 'ranking_loss': 0.0, 'total_loss': 0.19529011845588684, 'epoch': 19.830188679245282}
{'loss': 0.2486, 'grad_norm': 0.510689377784729, 'learning_rate': 6.037735849056604e-06, 'lm_loss': 0.0, 'pchembl_loss': 0.22982396185398102, 'ranking_loss': 0.0, 'total_loss': 0.22796905040740967, 'epoch': 19.849056603773583}
{'loss': 0.2474, 'grad_norm': 0.42377138137817383, 'learning_rate': 6.033962264150944e-06, 'lm_loss': 0.0, 'pchembl_loss': 0.26552608609199524, 'ranking_loss': 0.0, 'total_loss': 0.26338163018226624, 'epoch': 19.867924528301888}
{'loss': 0.2485, 'grad_norm': 1.237606167793274, 'learning_rate': 6.030188679245283e-06, 'lm_loss': 0.0, 'pchembl_loss': 0.24539649486541748, 'ranking_loss': 0.0, 'total_loss': 0.2434132844209671, 'epoch': 19.88679245283019}
{'loss': 0.2492, 'grad_norm': 0.6120949983596802, 'learning_rate': 6.0264150943396224e-06, 'lm_loss': 0.0, 'pchembl_loss': 0.20098170638084412, 'ranking_loss': 0.0, 'total_loss': 0.1993563324213028, 'epoch': 19.90566037735849}
{'loss': 0.2518, 'grad_norm': 0.6787672638893127, 'learning_rate': 6.022641509433963e-06, 'lm_loss': 0.0, 'pchembl_loss': 0.22516845166683197, 'ranking_loss': 0.0, 'total_loss': 0.22334621846675873, 'epoch': 19.92452830188679}
{'loss': 0.2479, 'grad_norm': 1.135833740234375, 'learning_rate': 6.018867924528302e-06, 'lm_loss': 0.0, 'pchembl_loss': 0.20919044315814972, 'ranking_loss': 0.0, 'total_loss': 0.2074963003396988, 'epoch': 19.943396226415093}
{'loss': 0.2498, 'grad_norm': 0.5441599488258362, 'learning_rate': 6.015094339622642e-06, 'lm_loss': 0.0, 'pchembl_loss': 0.23270824551582336, 'ranking_loss': 0.0, 'total_loss': 0.23082229495048523, 'epoch': 19.962264150943398}
{'loss': 0.2495, 'grad_norm': 1.2338426113128662, 'learning_rate': 6.011320754716981e-06, 'lm_loss': 0.0, 'pchembl_loss': 0.26724177598953247, 'ranking_loss': 0.0, 'total_loss': 0.26507434248924255, 'epoch': 19.9811320754717}
{'loss': 0.2479, 'grad_norm': 0.800086498260498, 'learning_rate': 6.007547169811321e-06, 'lm_loss': 0.0, 'pchembl_loss': 0.3060256838798523, 'ranking_loss': 0.0, 'total_loss': 0.303541898727417, 'epoch': 20.0}
{'eval_loss': 0.2401685118675232, 'eval_pchembl_norm_mse': 0.4337780773639679, 'eval_pchembl_norm_mae': 0.478272944688797, 'eval_pchembl_norm_rmse': 0.6586183309555054, 'eval_pchembl_r2': 0.5583100318908691, 'eval_pchembl_count': 20000, 'eval_pchembl_norm_mean_pred': -0.0440107062458992, 'eval_pchembl_norm_std_pred': 0.765204906463623, 'eval_pchembl_norm_mean_true': -0.02121046371757984, 'eval_pchembl_norm_std_true': 0.9910030961036682, 'eval_pchembl_raw_mse': 0.8049845099449158, 'eval_pchembl_raw_mae': 0.6515320539474487, 'eval_pchembl_raw_rmse': 0.8972092866897583, 'eval_pchembl_raw_pearson': 0.7479473372365298, 'eval_pchembl_raw_spearman': 0.7522610283454311, 'eval_runtime': 8.9355, 'eval_samples_per_second': 1178.56, 'eval_steps_per_second': 0.112, 'epoch': 20.0}
{'eval_lm_loss': 0.0, 'eval_pchembl_loss': 0.24159044578671454, 'eval_ranking_loss': 0.0, 'eval_total_loss': 0.23962816916406154, 'epoch': 20.0}
{'eval_evaluation_time_sec': 8.98557403194718, 'epoch': 20.0}
{'loss': 0.2518, 'grad_norm': 1.148675560951233, 'learning_rate': 6.003773584905661e-06, 'lm_loss': 0.0, 'pchembl_loss': 0.272641658782959, 'ranking_loss': 0.0, 'total_loss': 0.2704271674156189, 'epoch': 20.0188679245283}
{'loss': 0.2429, 'grad_norm': 0.709327757358551, 'learning_rate': 6e-06, 'lm_loss': 0.0, 'pchembl_loss': 0.22409765422344208, 'ranking_loss': 0.0, 'total_loss': 0.22227609157562256, 'epoch': 20.037735849056602}
{'loss': 0.2479, 'grad_norm': 0.44300949573516846, 'learning_rate': 5.996226415094341e-06, 'lm_loss': 0.0, 'pchembl_loss': 0.2509887218475342, 'ranking_loss': 0.0, 'total_loss': 0.24894703924655914, 'epoch': 20.056603773584907}
{'loss': 0.2492, 'grad_norm': 1.664219856262207, 'learning_rate': 5.99245283018868e-06, 'lm_loss': 0.0, 'pchembl_loss': 0.24187520146369934, 'ranking_loss': 0.0, 'total_loss': 0.23990614712238312, 'epoch': 20.07547169811321}
{'loss': 0.2474, 'grad_norm': 0.4937976002693176, 'learning_rate': 5.988679245283019e-06, 'lm_loss': 0.0, 'pchembl_loss': 0.2446131855249405, 'ranking_loss': 0.0, 'total_loss': 0.24262036383152008, 'epoch': 20.09433962264151}
{'loss': 0.2493, 'grad_norm': 0.6301863789558411, 'learning_rate': 5.984905660377359e-06, 'lm_loss': 0.0, 'pchembl_loss': 0.3074565529823303, 'ranking_loss': 0.0, 'total_loss': 0.30494987964630127, 'epoch': 20.11320754716981}
{'loss': 0.2476, 'grad_norm': 0.863487720489502, 'learning_rate': 5.981132075471698e-06, 'lm_loss': 0.0, 'pchembl_loss': 0.26592832803726196, 'ranking_loss': 0.0, 'total_loss': 0.2637585699558258, 'epoch': 20.132075471698112}
{'loss': 0.2482, 'grad_norm': 0.7913467884063721, 'learning_rate': 5.977358490566039e-06, 'lm_loss': 0.0, 'pchembl_loss': 0.20594339072704315, 'ranking_loss': 0.0, 'total_loss': 0.20426174998283386, 'epoch': 20.150943396226417}
{'loss': 0.2489, 'grad_norm': 1.0522814989089966, 'learning_rate': 5.973584905660378e-06, 'lm_loss': 0.0, 'pchembl_loss': 0.22423923015594482, 'ranking_loss': 0.0, 'total_loss': 0.2224067598581314, 'epoch': 20.169811320754718}
{'loss': 0.2503, 'grad_norm': 0.5154778957366943, 'learning_rate': 5.969811320754717e-06, 'lm_loss': 0.0, 'pchembl_loss': 0.2168252170085907, 'ranking_loss': 0.0, 'total_loss': 0.21505194902420044, 'epoch': 20.18867924528302}
{'loss': 0.2472, 'grad_norm': 0.5432443618774414, 'learning_rate': 5.966037735849058e-06, 'lm_loss': 0.0, 'pchembl_loss': 0.25832992792129517, 'ranking_loss': 0.0, 'total_loss': 0.25621554255485535, 'epoch': 20.20754716981132}
{'loss': 0.2502, 'grad_norm': 1.2279802560806274, 'learning_rate': 5.962264150943397e-06, 'lm_loss': 0.0, 'pchembl_loss': 0.26753753423690796, 'ranking_loss': 0.0, 'total_loss': 0.26534605026245117, 'epoch': 20.22641509433962}
{'loss': 0.2515, 'grad_norm': 0.4792916178703308, 'learning_rate': 5.958490566037737e-06, 'lm_loss': 0.0, 'pchembl_loss': 0.234587624669075, 'ranking_loss': 0.0, 'total_loss': 0.23266452550888062, 'epoch': 20.245283018867923}
{'loss': 0.2503, 'grad_norm': 1.6414101123809814, 'learning_rate': 5.954716981132076e-06, 'lm_loss': 0.0, 'pchembl_loss': 0.23666171729564667, 'ranking_loss': 0.0, 'total_loss': 0.23472008109092712, 'epoch': 20.264150943396228}
{'loss': 0.2449, 'grad_norm': 0.9895120859146118, 'learning_rate': 5.950943396226415e-06, 'lm_loss': 0.0, 'pchembl_loss': 0.24190925061702728, 'ranking_loss': 0.0, 'total_loss': 0.23992303013801575, 'epoch': 20.28301886792453}
{'loss': 0.2489, 'grad_norm': 0.898786187171936, 'learning_rate': 5.9471698113207556e-06, 'lm_loss': 0.0, 'pchembl_loss': 0.2599055767059326, 'ranking_loss': 0.0, 'total_loss': 0.25776994228363037, 'epoch': 20.30188679245283}
{'loss': 0.2457, 'grad_norm': 0.9135099053382874, 'learning_rate': 5.943396226415095e-06, 'lm_loss': 0.0, 'pchembl_loss': 0.23315398395061493, 'ranking_loss': 0.0, 'total_loss': 0.23123666644096375, 'epoch': 20.32075471698113}
{'loss': 0.2468, 'grad_norm': 0.43957167863845825, 'learning_rate': 5.9396226415094345e-06, 'lm_loss': 0.0, 'pchembl_loss': 0.25342023372650146, 'ranking_loss': 0.0, 'total_loss': 0.25133463740348816, 'epoch': 20.339622641509433}
{'loss': 0.2522, 'grad_norm': 0.8613170385360718, 'learning_rate': 5.9358490566037745e-06, 'lm_loss': 0.0, 'pchembl_loss': 0.2355094850063324, 'ranking_loss': 0.0, 'total_loss': 0.23356974124908447, 'epoch': 20.358490566037737}
{'loss': 0.2468, 'grad_norm': 1.0355050563812256, 'learning_rate': 5.9320754716981135e-06, 'lm_loss': 0.0, 'pchembl_loss': 0.2971908450126648, 'ranking_loss': 0.0, 'total_loss': 0.29474112391471863, 'epoch': 20.37735849056604}
{'loss': 0.2473, 'grad_norm': 1.144976258277893, 'learning_rate': 5.9283018867924534e-06, 'lm_loss': 0.0, 'pchembl_loss': 0.21915091574192047, 'ranking_loss': 0.0, 'total_loss': 0.2173430323600769, 'epoch': 20.39622641509434}
{'loss': 0.2482, 'grad_norm': 1.1670953035354614, 'learning_rate': 5.9245283018867925e-06, 'lm_loss': 0.0, 'pchembl_loss': 0.2757565379142761, 'ranking_loss': 0.0, 'total_loss': 0.2734799087047577, 'epoch': 20.41509433962264}
{'loss': 0.2458, 'grad_norm': 0.9018104672431946, 'learning_rate': 5.920754716981133e-06, 'lm_loss': 0.0, 'pchembl_loss': 0.23077932000160217, 'ranking_loss': 0.0, 'total_loss': 0.22887252271175385, 'epoch': 20.433962264150942}
{'loss': 0.2485, 'grad_norm': 0.4588843584060669, 'learning_rate': 5.916981132075472e-06, 'lm_loss': 0.0, 'pchembl_loss': 0.28736117482185364, 'ranking_loss': 0.0, 'total_loss': 0.2849850058555603, 'epoch': 20.452830188679247}
{'loss': 0.2472, 'grad_norm': 0.4606277346611023, 'learning_rate': 5.913207547169811e-06, 'lm_loss': 0.0, 'pchembl_loss': 0.22953695058822632, 'ranking_loss': 0.0, 'total_loss': 0.2276374250650406, 'epoch': 20.471698113207548}
{'loss': 0.2497, 'grad_norm': 0.5813705921173096, 'learning_rate': 5.909433962264151e-06, 'lm_loss': 0.0, 'pchembl_loss': 0.23170478641986847, 'ranking_loss': 0.0, 'total_loss': 0.22978579998016357, 'epoch': 20.49056603773585}
{'loss': 0.2469, 'grad_norm': 0.41590017080307007, 'learning_rate': 5.905660377358491e-06, 'lm_loss': 0.0, 'pchembl_loss': 0.2594932019710541, 'ranking_loss': 0.0, 'total_loss': 0.2573423683643341, 'epoch': 20.50943396226415}
{'loss': 0.2444, 'grad_norm': 0.5482924580574036, 'learning_rate': 5.901886792452831e-06, 'lm_loss': 0.0, 'pchembl_loss': 0.21364635229110718, 'ranking_loss': 0.0, 'total_loss': 0.2118740975856781, 'epoch': 20.528301886792452}
{'loss': 0.2481, 'grad_norm': 0.7775741815567017, 'learning_rate': 5.89811320754717e-06, 'lm_loss': 0.0, 'pchembl_loss': 0.21360087394714355, 'ranking_loss': 0.0, 'total_loss': 0.2118275761604309, 'epoch': 20.547169811320753}
{'loss': 0.2435, 'grad_norm': 0.5003871917724609, 'learning_rate': 5.894339622641509e-06, 'lm_loss': 0.0, 'pchembl_loss': 0.19788993895053864, 'ranking_loss': 0.0, 'total_loss': 0.19624575972557068, 'epoch': 20.566037735849058}
{'loss': 0.244, 'grad_norm': 0.9859679341316223, 'learning_rate': 5.89056603773585e-06, 'lm_loss': 0.0, 'pchembl_loss': 0.2694817781448364, 'ranking_loss': 0.0, 'total_loss': 0.267240971326828, 'epoch': 20.58490566037736}
{'loss': 0.2458, 'grad_norm': 0.6786113977432251, 'learning_rate': 5.886792452830189e-06, 'lm_loss': 0.0, 'pchembl_loss': 0.20528960227966309, 'ranking_loss': 0.0, 'total_loss': 0.20358119904994965, 'epoch': 20.60377358490566}
{'loss': 0.2513, 'grad_norm': 0.450555682182312, 'learning_rate': 5.883018867924529e-06, 'lm_loss': 0.0, 'pchembl_loss': 0.24322225153446198, 'ranking_loss': 0.0, 'total_loss': 0.24119654297828674, 'epoch': 20.62264150943396}
{'loss': 0.2471, 'grad_norm': 0.6948927640914917, 'learning_rate': 5.879245283018868e-06, 'lm_loss': 0.0, 'pchembl_loss': 0.28976425528526306, 'ranking_loss': 0.0, 'total_loss': 0.2873489558696747, 'epoch': 20.641509433962263}
{'loss': 0.2499, 'grad_norm': 0.5712553262710571, 'learning_rate': 5.875471698113208e-06, 'lm_loss': 0.0, 'pchembl_loss': 0.27884235978126526, 'ranking_loss': 0.0, 'total_loss': 0.27651622891426086, 'epoch': 20.660377358490567}
{'loss': 0.2507, 'grad_norm': 0.6205388903617859, 'learning_rate': 5.871698113207548e-06, 'lm_loss': 0.0, 'pchembl_loss': 0.23700988292694092, 'ranking_loss': 0.0, 'total_loss': 0.2350311279296875, 'epoch': 20.67924528301887}
{'loss': 0.2421, 'grad_norm': 0.6061899065971375, 'learning_rate': 5.867924528301887e-06, 'lm_loss': 0.0, 'pchembl_loss': 0.28199324011802673, 'ranking_loss': 0.0, 'total_loss': 0.27963700890541077, 'epoch': 20.69811320754717}
{'loss': 0.2499, 'grad_norm': 1.2139972448349, 'learning_rate': 5.864150943396228e-06, 'lm_loss': 0.0, 'pchembl_loss': 0.30620867013931274, 'ranking_loss': 0.0, 'total_loss': 0.30364805459976196, 'epoch': 20.71698113207547}
{'loss': 0.2502, 'grad_norm': 1.1803133487701416, 'learning_rate': 5.860377358490567e-06, 'lm_loss': 0.0, 'pchembl_loss': 0.25833770632743835, 'ranking_loss': 0.0, 'total_loss': 0.2561756670475006, 'epoch': 20.735849056603772}
{'loss': 0.2461, 'grad_norm': 0.8021388053894043, 'learning_rate': 5.856603773584906e-06, 'lm_loss': 0.0, 'pchembl_loss': 0.26936596632003784, 'ranking_loss': 0.0, 'total_loss': 0.26710987091064453, 'epoch': 20.754716981132077}
{'loss': 0.2477, 'grad_norm': 0.9258378148078918, 'learning_rate': 5.852830188679246e-06, 'lm_loss': 0.0, 'pchembl_loss': 0.243896022439003, 'ranking_loss': 0.0, 'total_loss': 0.24185164272785187, 'epoch': 20.77358490566038}
{'loss': 0.2503, 'grad_norm': 0.8838135600090027, 'learning_rate': 5.849056603773585e-06, 'lm_loss': 0.0, 'pchembl_loss': 0.22513437271118164, 'ranking_loss': 0.0, 'total_loss': 0.2232457548379898, 'epoch': 20.79245283018868}
{'loss': 0.2506, 'grad_norm': 0.6044137477874756, 'learning_rate': 5.845283018867926e-06, 'lm_loss': 0.0, 'pchembl_loss': 0.22978827357292175, 'ranking_loss': 0.0, 'total_loss': 0.22785909473896027, 'epoch': 20.81132075471698}
{'loss': 0.2461, 'grad_norm': 1.2537665367126465, 'learning_rate': 5.841509433962265e-06, 'lm_loss': 0.0, 'pchembl_loss': 0.21186517179012299, 'ranking_loss': 0.0, 'total_loss': 0.21008506417274475, 'epoch': 20.830188679245282}
{'loss': 0.2474, 'grad_norm': 0.6117718815803528, 'learning_rate': 5.837735849056604e-06, 'lm_loss': 0.0, 'pchembl_loss': 0.2152102291584015, 'ranking_loss': 0.0, 'total_loss': 0.21340060234069824, 'epoch': 20.849056603773583}
{'loss': 0.2485, 'grad_norm': 1.5771758556365967, 'learning_rate': 5.8339622641509445e-06, 'lm_loss': 0.0, 'pchembl_loss': 0.26290392875671387, 'ranking_loss': 0.0, 'total_loss': 0.2606915235519409, 'epoch': 20.867924528301888}
{'loss': 0.2476, 'grad_norm': 1.7781093120574951, 'learning_rate': 5.830188679245284e-06, 'lm_loss': 0.0, 'pchembl_loss': 0.21367709338665009, 'ranking_loss': 0.0, 'total_loss': 0.21187759935855865, 'epoch': 20.88679245283019}
{'loss': 0.2494, 'grad_norm': 0.6274100542068481, 'learning_rate': 5.8264150943396235e-06, 'lm_loss': 0.0, 'pchembl_loss': 0.3066622018814087, 'ranking_loss': 0.0, 'total_loss': 0.30407777428627014, 'epoch': 20.90566037735849}
{'loss': 0.2506, 'grad_norm': 1.6349499225616455, 'learning_rate': 5.822641509433963e-06, 'lm_loss': 0.0, 'pchembl_loss': 0.32463333010673523, 'ranking_loss': 0.0, 'total_loss': 0.32189545035362244, 'epoch': 20.92452830188679}
{'loss': 0.2444, 'grad_norm': 1.8406827449798584, 'learning_rate': 5.818867924528302e-06, 'lm_loss': 0.0, 'pchembl_loss': 0.21609941124916077, 'ranking_loss': 0.0, 'total_loss': 0.21427559852600098, 'epoch': 20.943396226415093}
{'loss': 0.2473, 'grad_norm': 0.5269034504890442, 'learning_rate': 5.815094339622642e-06, 'lm_loss': 0.0, 'pchembl_loss': 0.19823184609413147, 'ranking_loss': 0.0, 'total_loss': 0.1965576857328415, 'epoch': 20.962264150943398}
{'loss': 0.2445, 'grad_norm': 1.5053911209106445, 'learning_rate': 5.8113207547169815e-06, 'lm_loss': 0.0, 'pchembl_loss': 0.24160237610340118, 'ranking_loss': 0.0, 'total_loss': 0.23956052958965302, 'epoch': 20.9811320754717}
{'loss': 0.2511, 'grad_norm': 1.5941458940505981, 'learning_rate': 5.807547169811321e-06, 'lm_loss': 0.0, 'pchembl_loss': 0.22070105373859406, 'ranking_loss': 0.0, 'total_loss': 0.21883457899093628, 'epoch': 21.0}
{'eval_loss': 0.239109069108963, 'eval_pchembl_norm_mse': 0.4302089810371399, 'eval_pchembl_norm_mae': 0.4790765643119812, 'eval_pchembl_norm_rmse': 0.655903160572052, 'eval_pchembl_r2': 0.5619442462921143, 'eval_pchembl_count': 20000, 'eval_pchembl_norm_mean_pred': -0.014398324303328991, 'eval_pchembl_norm_std_pred': 0.7739622592926025, 'eval_pchembl_norm_mean_true': -0.02121046371757984, 'eval_pchembl_norm_std_true': 0.9910030961036682, 'eval_pchembl_raw_mse': 0.7983611822128296, 'eval_pchembl_raw_mae': 0.6526268124580383, 'eval_pchembl_raw_rmse': 0.8935105800628662, 'eval_pchembl_raw_pearson': 0.750289210469286, 'eval_pchembl_raw_spearman': 0.7538974057159519, 'eval_runtime': 9.1965, 'eval_samples_per_second': 1145.104, 'eval_steps_per_second': 0.109, 'epoch': 21.0}
{'eval_lm_loss': 0.0, 'eval_pchembl_loss': 0.2405771928280592, 'eval_ranking_loss': 0.0, 'eval_total_loss': 0.238541297391057, 'epoch': 21.0}
{'eval_evaluation_time_sec': 9.237609426025301, 'epoch': 21.0}
{'loss': 0.2464, 'grad_norm': 0.9022513628005981, 'learning_rate': 5.803773584905661e-06, 'lm_loss': 0.0, 'pchembl_loss': 0.3123400807380676, 'ranking_loss': 0.0, 'total_loss': 0.30969688296318054, 'epoch': 21.0188679245283}
{'loss': 0.2467, 'grad_norm': 1.744154691696167, 'learning_rate': 5.8e-06, 'lm_loss': 0.0, 'pchembl_loss': 0.30475950241088867, 'ranking_loss': 0.0, 'total_loss': 0.3021787405014038, 'epoch': 21.037735849056602}
{'loss': 0.2508, 'grad_norm': 2.6918606758117676, 'learning_rate': 5.79622641509434e-06, 'lm_loss': 0.0, 'pchembl_loss': 0.14674054086208344, 'ranking_loss': 0.0, 'total_loss': 0.14549711346626282, 'epoch': 21.056603773584907}
{'loss': 0.2434, 'grad_norm': 1.1005932092666626, 'learning_rate': 5.792452830188679e-06, 'lm_loss': 0.0, 'pchembl_loss': 0.2648335099220276, 'ranking_loss': 0.0, 'total_loss': 0.2625880241394043, 'epoch': 21.07547169811321}
{'loss': 0.2456, 'grad_norm': 1.089091181755066, 'learning_rate': 5.78867924528302e-06, 'lm_loss': 0.0, 'pchembl_loss': 0.2512138783931732, 'ranking_loss': 0.0, 'total_loss': 0.2490825355052948, 'epoch': 21.09433962264151}
{'loss': 0.2451, 'grad_norm': 1.9020708799362183, 'learning_rate': 5.784905660377359e-06, 'lm_loss': 0.0, 'pchembl_loss': 0.36532577872276306, 'ranking_loss': 0.0, 'total_loss': 0.3622243404388428, 'epoch': 21.11320754716981}
{'loss': 0.2449, 'grad_norm': 0.6832383275032043, 'learning_rate': 5.781132075471698e-06, 'lm_loss': 0.0, 'pchembl_loss': 0.23181790113449097, 'ranking_loss': 0.0, 'total_loss': 0.22984866797924042, 'epoch': 21.132075471698112}
{'loss': 0.2457, 'grad_norm': 1.1838383674621582, 'learning_rate': 5.777358490566038e-06, 'lm_loss': 0.0, 'pchembl_loss': 0.26151058077812195, 'ranking_loss': 0.0, 'total_loss': 0.2592877149581909, 'epoch': 21.150943396226417}
{'loss': 0.2442, 'grad_norm': 1.0583571195602417, 'learning_rate': 5.773584905660378e-06, 'lm_loss': 0.0, 'pchembl_loss': 0.28710052371025085, 'ranking_loss': 0.0, 'total_loss': 0.28465861082077026, 'epoch': 21.169811320754718}
{'loss': 0.2435, 'grad_norm': 0.5408558249473572, 'learning_rate': 5.769811320754718e-06, 'lm_loss': 0.0, 'pchembl_loss': 0.2197449505329132, 'ranking_loss': 0.0, 'total_loss': 0.2178747057914734, 'epoch': 21.18867924528302}
{'loss': 0.2493, 'grad_norm': 0.8080891370773315, 'learning_rate': 5.766037735849057e-06, 'lm_loss': 0.0, 'pchembl_loss': 0.2285490185022354, 'ranking_loss': 0.0, 'total_loss': 0.22660256922245026, 'epoch': 21.20754716981132}
{'loss': 0.2412, 'grad_norm': 1.0418530702590942, 'learning_rate': 5.762264150943396e-06, 'lm_loss': 0.0, 'pchembl_loss': 0.17765285074710846, 'ranking_loss': 0.0, 'total_loss': 0.17613884806632996, 'epoch': 21.22641509433962}
{'loss': 0.2418, 'grad_norm': 0.7738633155822754, 'learning_rate': 5.758490566037737e-06, 'lm_loss': 0.0, 'pchembl_loss': 0.22466441988945007, 'ranking_loss': 0.0, 'total_loss': 0.22274847328662872, 'epoch': 21.245283018867923}
{'loss': 0.2461, 'grad_norm': 0.9393069744110107, 'learning_rate': 5.754716981132076e-06, 'lm_loss': 0.0, 'pchembl_loss': 0.26250970363616943, 'ranking_loss': 0.0, 'total_loss': 0.2602694630622864, 'epoch': 21.264150943396228}
{'loss': 0.2459, 'grad_norm': 0.7059151530265808, 'learning_rate': 5.750943396226416e-06, 'lm_loss': 0.0, 'pchembl_loss': 0.27228203415870667, 'ranking_loss': 0.0, 'total_loss': 0.2699567973613739, 'epoch': 21.28301886792453}
{'loss': 0.247, 'grad_norm': 0.7619764804840088, 'learning_rate': 5.747169811320755e-06, 'lm_loss': 0.0, 'pchembl_loss': 0.31420034170150757, 'ranking_loss': 0.0, 'total_loss': 0.3115152418613434, 'epoch': 21.30188679245283}
{'loss': 0.2462, 'grad_norm': 1.3529542684555054, 'learning_rate': 5.743396226415094e-06, 'lm_loss': 0.0, 'pchembl_loss': 0.3098829686641693, 'ranking_loss': 0.0, 'total_loss': 0.30723288655281067, 'epoch': 21.32075471698113}
{'loss': 0.2485, 'grad_norm': 0.547406017780304, 'learning_rate': 5.739622641509435e-06, 'lm_loss': 0.0, 'pchembl_loss': 0.2702223062515259, 'ranking_loss': 0.0, 'total_loss': 0.26790979504585266, 'epoch': 21.339622641509433}
{'loss': 0.247, 'grad_norm': 1.4140211343765259, 'learning_rate': 5.735849056603774e-06, 'lm_loss': 0.0, 'pchembl_loss': 0.28761348128318787, 'ranking_loss': 0.0, 'total_loss': 0.285150408744812, 'epoch': 21.358490566037737}
{'loss': 0.249, 'grad_norm': 1.5607874393463135, 'learning_rate': 5.732075471698115e-06, 'lm_loss': 0.0, 'pchembl_loss': 0.27687087655067444, 'ranking_loss': 0.0, 'total_loss': 0.2744981646537781, 'epoch': 21.37735849056604}
{'loss': 0.2489, 'grad_norm': 0.9769346714019775, 'learning_rate': 5.728301886792454e-06, 'lm_loss': 0.0, 'pchembl_loss': 0.22250597178936005, 'ranking_loss': 0.0, 'total_loss': 0.22059787809848785, 'epoch': 21.39622641509434}
{'loss': 0.2432, 'grad_norm': 1.1984953880310059, 'learning_rate': 5.724528301886793e-06, 'lm_loss': 0.0, 'pchembl_loss': 0.22358740866184235, 'ranking_loss': 0.0, 'total_loss': 0.22166873514652252, 'epoch': 21.41509433962264}
{'loss': 0.249, 'grad_norm': 0.5659255385398865, 'learning_rate': 5.720754716981133e-06, 'lm_loss': 0.0, 'pchembl_loss': 0.25527045130729675, 'ranking_loss': 0.0, 'total_loss': 0.2530784010887146, 'epoch': 21.433962264150942}
{'loss': 0.25, 'grad_norm': 0.9948857426643372, 'learning_rate': 5.716981132075472e-06, 'lm_loss': 0.0, 'pchembl_loss': 0.2641618251800537, 'ranking_loss': 0.0, 'total_loss': 0.2618918716907501, 'epoch': 21.452830188679247}
{'loss': 0.2461, 'grad_norm': 0.5344232320785522, 'learning_rate': 5.7132075471698125e-06, 'lm_loss': 0.0, 'pchembl_loss': 0.1602911502122879, 'ranking_loss': 0.0, 'total_loss': 0.1589128077030182, 'epoch': 21.471698113207548}
{'loss': 0.2493, 'grad_norm': 0.4276154935359955, 'learning_rate': 5.7094339622641515e-06, 'lm_loss': 0.0, 'pchembl_loss': 0.2790857255458832, 'ranking_loss': 0.0, 'total_loss': 0.2766841948032379, 'epoch': 21.49056603773585}
{'loss': 0.2465, 'grad_norm': 0.7990052700042725, 'learning_rate': 5.705660377358491e-06, 'lm_loss': 0.0, 'pchembl_loss': 0.2229386866092682, 'ranking_loss': 0.0, 'total_loss': 0.2210189402103424, 'epoch': 21.50943396226415}
{'loss': 0.2465, 'grad_norm': 0.5307226777076721, 'learning_rate': 5.7018867924528305e-06, 'lm_loss': 0.0, 'pchembl_loss': 0.2761904001235962, 'ranking_loss': 0.0, 'total_loss': 0.27381041646003723, 'epoch': 21.528301886792452}
{'loss': 0.2456, 'grad_norm': 0.7380850911140442, 'learning_rate': 5.6981132075471704e-06, 'lm_loss': 0.0, 'pchembl_loss': 0.21732251346111298, 'ranking_loss': 0.0, 'total_loss': 0.21544845402240753, 'epoch': 21.547169811320753}
{'loss': 0.2463, 'grad_norm': 0.8681855797767639, 'learning_rate': 5.69433962264151e-06, 'lm_loss': 0.0, 'pchembl_loss': 0.2328711897134781, 'ranking_loss': 0.0, 'total_loss': 0.2308615893125534, 'epoch': 21.566037735849058}
{'loss': 0.2491, 'grad_norm': 1.3017139434814453, 'learning_rate': 5.690566037735849e-06, 'lm_loss': 0.0, 'pchembl_loss': 0.27106577157974243, 'ranking_loss': 0.0, 'total_loss': 0.26872485876083374, 'epoch': 21.58490566037736}
{'loss': 0.2472, 'grad_norm': 1.2268785238265991, 'learning_rate': 5.6867924528301885e-06, 'lm_loss': 0.0, 'pchembl_loss': 0.30667227506637573, 'ranking_loss': 0.0, 'total_loss': 0.3040219843387604, 'epoch': 21.60377358490566}
{'loss': 0.2439, 'grad_norm': 0.5011915564537048, 'learning_rate': 5.683018867924529e-06, 'lm_loss': 0.0, 'pchembl_loss': 0.17174232006072998, 'ranking_loss': 0.0, 'total_loss': 0.1702570617198944, 'epoch': 21.62264150943396}
{'loss': 0.2466, 'grad_norm': 1.700129508972168, 'learning_rate': 5.679245283018868e-06, 'lm_loss': 0.0, 'pchembl_loss': 0.26826709508895874, 'ranking_loss': 0.0, 'total_loss': 0.2659454345703125, 'epoch': 21.641509433962263}
{'loss': 0.2456, 'grad_norm': 1.4547786712646484, 'learning_rate': 5.675471698113208e-06, 'lm_loss': 0.0, 'pchembl_loss': 0.23034150898456573, 'ranking_loss': 0.0, 'total_loss': 0.22834670543670654, 'epoch': 21.660377358490567}
{'loss': 0.2454, 'grad_norm': 0.5128832459449768, 'learning_rate': 5.671698113207547e-06, 'lm_loss': 0.0, 'pchembl_loss': 0.2738175392150879, 'ranking_loss': 0.0, 'total_loss': 0.2714446485042572, 'epoch': 21.67924528301887}
{'loss': 0.2454, 'grad_norm': 0.946162223815918, 'learning_rate': 5.667924528301887e-06, 'lm_loss': 0.0, 'pchembl_loss': 0.35698431730270386, 'ranking_loss': 0.0, 'total_loss': 0.353888601064682, 'epoch': 21.69811320754717}
{'loss': 0.2448, 'grad_norm': 0.8621537685394287, 'learning_rate': 5.664150943396227e-06, 'lm_loss': 0.0, 'pchembl_loss': 0.26320192217826843, 'ranking_loss': 0.0, 'total_loss': 0.26091793179512024, 'epoch': 21.71698113207547}
{'loss': 0.244, 'grad_norm': 0.4965701103210449, 'learning_rate': 5.660377358490566e-06, 'lm_loss': 0.0, 'pchembl_loss': 0.28456398844718933, 'ranking_loss': 0.0, 'total_loss': 0.2820929288864136, 'epoch': 21.735849056603772}
{'loss': 0.2498, 'grad_norm': 1.874205470085144, 'learning_rate': 5.656603773584907e-06, 'lm_loss': 0.0, 'pchembl_loss': 0.2976541519165039, 'ranking_loss': 0.0, 'total_loss': 0.2950676381587982, 'epoch': 21.754716981132077}
{'loss': 0.2422, 'grad_norm': 0.6398946642875671, 'learning_rate': 5.652830188679246e-06, 'lm_loss': 0.0, 'pchembl_loss': 0.2117026299238205, 'ranking_loss': 0.0, 'total_loss': 0.20986177027225494, 'epoch': 21.77358490566038}
{'loss': 0.2462, 'grad_norm': 0.5366787910461426, 'learning_rate': 5.649056603773585e-06, 'lm_loss': 0.0, 'pchembl_loss': 0.2706853151321411, 'ranking_loss': 0.0, 'total_loss': 0.26833000779151917, 'epoch': 21.79245283018868}
{'loss': 0.2462, 'grad_norm': 1.2992222309112549, 'learning_rate': 5.645283018867925e-06, 'lm_loss': 0.0, 'pchembl_loss': 0.21859565377235413, 'ranking_loss': 0.0, 'total_loss': 0.21669229865074158, 'epoch': 21.81132075471698}
{'loss': 0.2466, 'grad_norm': 0.46136045455932617, 'learning_rate': 5.641509433962264e-06, 'lm_loss': 0.0, 'pchembl_loss': 0.2757262587547302, 'ranking_loss': 0.0, 'total_loss': 0.27332383394241333, 'epoch': 21.830188679245282}
{'loss': 0.2451, 'grad_norm': 0.5994996428489685, 'learning_rate': 5.637735849056605e-06, 'lm_loss': 0.0, 'pchembl_loss': 0.2596791684627533, 'ranking_loss': 0.0, 'total_loss': 0.2574150264263153, 'epoch': 21.849056603773583}
{'loss': 0.2417, 'grad_norm': 0.7685525417327881, 'learning_rate': 5.633962264150944e-06, 'lm_loss': 0.0, 'pchembl_loss': 0.2810039222240448, 'ranking_loss': 0.0, 'total_loss': 0.27855217456817627, 'epoch': 21.867924528301888}
{'loss': 0.2462, 'grad_norm': 0.6106367111206055, 'learning_rate': 5.630188679245283e-06, 'lm_loss': 0.0, 'pchembl_loss': 0.28063884377479553, 'ranking_loss': 0.0, 'total_loss': 0.2781885862350464, 'epoch': 21.88679245283019}
{'loss': 0.2437, 'grad_norm': 0.7165738344192505, 'learning_rate': 5.626415094339624e-06, 'lm_loss': 0.0, 'pchembl_loss': 0.22010159492492676, 'ranking_loss': 0.0, 'total_loss': 0.21817857027053833, 'epoch': 21.90566037735849}
{'loss': 0.2449, 'grad_norm': 0.7251718640327454, 'learning_rate': 5.622641509433963e-06, 'lm_loss': 0.0, 'pchembl_loss': 0.2696239948272705, 'ranking_loss': 0.0, 'total_loss': 0.2672666609287262, 'epoch': 21.92452830188679}
{'loss': 0.2419, 'grad_norm': 1.014595627784729, 'learning_rate': 5.618867924528303e-06, 'lm_loss': 0.0, 'pchembl_loss': 0.25252729654312134, 'ranking_loss': 0.0, 'total_loss': 0.25031790137290955, 'epoch': 21.943396226415093}
{'loss': 0.2456, 'grad_norm': 0.4774755835533142, 'learning_rate': 5.615094339622642e-06, 'lm_loss': 0.0, 'pchembl_loss': 0.20614135265350342, 'ranking_loss': 0.0, 'total_loss': 0.2043365240097046, 'epoch': 21.962264150943398}
{'loss': 0.2462, 'grad_norm': 0.481706440448761, 'learning_rate': 5.611320754716981e-06, 'lm_loss': 0.0, 'pchembl_loss': 0.25085556507110596, 'ranking_loss': 0.0, 'total_loss': 0.2486577033996582, 'epoch': 21.9811320754717}
{'loss': 0.2429, 'grad_norm': 0.5371681451797485, 'learning_rate': 5.607547169811322e-06, 'lm_loss': 0.0, 'pchembl_loss': 0.2887173295021057, 'ranking_loss': 0.0, 'total_loss': 0.28618595004081726, 'epoch': 22.0}
{'eval_loss': 0.23747949302196503, 'eval_pchembl_norm_mse': 0.42799878120422363, 'eval_pchembl_norm_mae': 0.476150780916214, 'eval_pchembl_norm_rmse': 0.6542161703109741, 'eval_pchembl_r2': 0.5641947388648987, 'eval_pchembl_count': 20000, 'eval_pchembl_norm_mean_pred': -0.016452673822641373, 'eval_pchembl_norm_std_pred': 0.7889860272407532, 'eval_pchembl_norm_mean_true': -0.02121046371757984, 'eval_pchembl_norm_std_true': 0.9910030961036682, 'eval_pchembl_raw_mse': 0.7942595481872559, 'eval_pchembl_raw_mae': 0.6486412286758423, 'eval_pchembl_raw_rmse': 0.8912124037742615, 'eval_pchembl_raw_pearson': 0.7524163196058382, 'eval_pchembl_raw_spearman': 0.7556936483899727, 'eval_runtime': 8.8588, 'eval_samples_per_second': 1188.762, 'eval_steps_per_second': 0.113, 'epoch': 22.0}
{'eval_lm_loss': 0.0, 'eval_pchembl_loss': 0.23909396566450597, 'eval_ranking_loss': 0.0, 'eval_total_loss': 0.23699618846178055, 'epoch': 22.0}
{'eval_evaluation_time_sec': 8.93068351293914, 'epoch': 22.0}
{'loss': 0.2417, 'grad_norm': 0.45018118619918823, 'learning_rate': 5.603773584905661e-06, 'lm_loss': 0.0, 'pchembl_loss': 0.23131923377513885, 'ranking_loss': 0.0, 'total_loss': 0.22928966581821442, 'epoch': 22.0188679245283}
{'loss': 0.2452, 'grad_norm': 0.4355761706829071, 'learning_rate': 5.600000000000001e-06, 'lm_loss': 0.0, 'pchembl_loss': 0.22698836028575897, 'ranking_loss': 0.0, 'total_loss': 0.22499538958072662, 'epoch': 22.037735849056602}
{'loss': 0.2471, 'grad_norm': 0.6757369637489319, 'learning_rate': 5.5962264150943405e-06, 'lm_loss': 0.0, 'pchembl_loss': 0.25640520453453064, 'ranking_loss': 0.0, 'total_loss': 0.2541523575782776, 'epoch': 22.056603773584907}
{'loss': 0.2453, 'grad_norm': 0.46815580129623413, 'learning_rate': 5.5924528301886796e-06, 'lm_loss': 0.0, 'pchembl_loss': 0.24839459359645844, 'ranking_loss': 0.0, 'total_loss': 0.24621056020259857, 'epoch': 22.07547169811321}
{'loss': 0.2459, 'grad_norm': 0.48190584778785706, 'learning_rate': 5.5886792452830195e-06, 'lm_loss': 0.0, 'pchembl_loss': 0.27685120701789856, 'ranking_loss': 0.0, 'total_loss': 0.2744152247905731, 'epoch': 22.09433962264151}
{'loss': 0.2421, 'grad_norm': 1.1472972631454468, 'learning_rate': 5.5849056603773586e-06, 'lm_loss': 0.0, 'pchembl_loss': 0.2564701735973358, 'ranking_loss': 0.0, 'total_loss': 0.2542119026184082, 'epoch': 22.11320754716981}
{'loss': 0.2471, 'grad_norm': 1.0232793092727661, 'learning_rate': 5.581132075471699e-06, 'lm_loss': 0.0, 'pchembl_loss': 0.30521833896636963, 'ranking_loss': 0.0, 'total_loss': 0.3025289475917816, 'epoch': 22.132075471698112}
{'loss': 0.2456, 'grad_norm': 2.0739810466766357, 'learning_rate': 5.577358490566038e-06, 'lm_loss': 0.0, 'pchembl_loss': 0.25723007321357727, 'ranking_loss': 0.0, 'total_loss': 0.25496190786361694, 'epoch': 22.150943396226417}
{'loss': 0.2434, 'grad_norm': 2.4602560997009277, 'learning_rate': 5.5735849056603775e-06, 'lm_loss': 0.0, 'pchembl_loss': 0.2511054575443268, 'ranking_loss': 0.0, 'total_loss': 0.24888981878757477, 'epoch': 22.169811320754718}
{'loss': 0.2484, 'grad_norm': 1.7446118593215942, 'learning_rate': 5.569811320754717e-06, 'lm_loss': 0.0, 'pchembl_loss': 0.2866347134113312, 'ranking_loss': 0.0, 'total_loss': 0.28410398960113525, 'epoch': 22.18867924528302}
{'loss': 0.2486, 'grad_norm': 0.7862511873245239, 'learning_rate': 5.566037735849057e-06, 'lm_loss': 0.0, 'pchembl_loss': 0.32229533791542053, 'ranking_loss': 0.0, 'total_loss': 0.31944799423217773, 'epoch': 22.20754716981132}
{'loss': 0.2455, 'grad_norm': 1.604866862297058, 'learning_rate': 5.562264150943397e-06, 'lm_loss': 0.0, 'pchembl_loss': 0.26343074440956116, 'ranking_loss': 0.0, 'total_loss': 0.26110199093818665, 'epoch': 22.22641509433962}
{'loss': 0.2424, 'grad_norm': 1.444154143333435, 'learning_rate': 5.558490566037736e-06, 'lm_loss': 0.0, 'pchembl_loss': 0.3047640323638916, 'ranking_loss': 0.0, 'total_loss': 0.3020682632923126, 'epoch': 22.245283018867923}
{'loss': 0.2448, 'grad_norm': 0.5141977071762085, 'learning_rate': 5.554716981132075e-06, 'lm_loss': 0.0, 'pchembl_loss': 0.2612256705760956, 'ranking_loss': 0.0, 'total_loss': 0.25891363620758057, 'epoch': 22.264150943396228}
{'loss': 0.2425, 'grad_norm': 2.425800323486328, 'learning_rate': 5.550943396226416e-06, 'lm_loss': 0.0, 'pchembl_loss': 0.24024690687656403, 'ranking_loss': 0.0, 'total_loss': 0.23811925947666168, 'epoch': 22.28301886792453}
{'loss': 0.2453, 'grad_norm': 2.270627498626709, 'learning_rate': 5.547169811320755e-06, 'lm_loss': 0.0, 'pchembl_loss': 0.24457086622714996, 'ranking_loss': 0.0, 'total_loss': 0.24240368604660034, 'epoch': 22.30188679245283}
{'loss': 0.245, 'grad_norm': 1.5052348375320435, 'learning_rate': 5.543396226415095e-06, 'lm_loss': 0.0, 'pchembl_loss': 0.25587543845176697, 'ranking_loss': 0.0, 'total_loss': 0.2536068260669708, 'epoch': 22.32075471698113}
{'loss': 0.2423, 'grad_norm': 1.107399344444275, 'learning_rate': 5.539622641509434e-06, 'lm_loss': 0.0, 'pchembl_loss': 0.24454207718372345, 'ranking_loss': 0.0, 'total_loss': 0.2423727661371231, 'epoch': 22.339622641509433}
{'loss': 0.2461, 'grad_norm': 1.983458399772644, 'learning_rate': 5.535849056603774e-06, 'lm_loss': 0.0, 'pchembl_loss': 0.2699841856956482, 'ranking_loss': 0.0, 'total_loss': 0.2675878703594208, 'epoch': 22.358490566037737}
{'loss': 0.2395, 'grad_norm': 0.5542782545089722, 'learning_rate': 5.532075471698114e-06, 'lm_loss': 0.0, 'pchembl_loss': 0.22470462322235107, 'ranking_loss': 0.0, 'total_loss': 0.22270911931991577, 'epoch': 22.37735849056604}
{'loss': 0.2458, 'grad_norm': 0.510174572467804, 'learning_rate': 5.528301886792453e-06, 'lm_loss': 0.0, 'pchembl_loss': 0.25890254974365234, 'ranking_loss': 0.0, 'total_loss': 0.25660207867622375, 'epoch': 22.39622641509434}
{'loss': 0.2446, 'grad_norm': 1.2570195198059082, 'learning_rate': 5.524528301886794e-06, 'lm_loss': 0.0, 'pchembl_loss': 0.22109359502792358, 'ranking_loss': 0.0, 'total_loss': 0.21912795305252075, 'epoch': 22.41509433962264}
{'loss': 0.2433, 'grad_norm': 0.5385262966156006, 'learning_rate': 5.520754716981133e-06, 'lm_loss': 0.0, 'pchembl_loss': 0.31212836503982544, 'ranking_loss': 0.0, 'total_loss': 0.3093518018722534, 'epoch': 22.433962264150942}
{'loss': 0.2424, 'grad_norm': 0.7370395064353943, 'learning_rate': 5.516981132075472e-06, 'lm_loss': 0.0, 'pchembl_loss': 0.23784218728542328, 'ranking_loss': 0.0, 'total_loss': 0.23572520911693573, 'epoch': 22.452830188679247}
{'loss': 0.2453, 'grad_norm': 0.4296981394290924, 'learning_rate': 5.513207547169812e-06, 'lm_loss': 0.0, 'pchembl_loss': 0.18626005947589874, 'ranking_loss': 0.0, 'total_loss': 0.18460121750831604, 'epoch': 22.471698113207548}
{'loss': 0.2448, 'grad_norm': 1.1432149410247803, 'learning_rate': 5.509433962264151e-06, 'lm_loss': 0.0, 'pchembl_loss': 0.21277792751789093, 'ranking_loss': 0.0, 'total_loss': 0.210881769657135, 'epoch': 22.49056603773585}
{'loss': 0.2418, 'grad_norm': 0.7078130841255188, 'learning_rate': 5.505660377358492e-06, 'lm_loss': 0.0, 'pchembl_loss': 0.2448381781578064, 'ranking_loss': 0.0, 'total_loss': 0.24265499413013458, 'epoch': 22.50943396226415}
{'loss': 0.246, 'grad_norm': 0.6716785430908203, 'learning_rate': 5.501886792452831e-06, 'lm_loss': 0.0, 'pchembl_loss': 0.28094983100891113, 'ranking_loss': 0.0, 'total_loss': 0.2784430980682373, 'epoch': 22.528301886792452}
{'loss': 0.2426, 'grad_norm': 0.5942434072494507, 'learning_rate': 5.49811320754717e-06, 'lm_loss': 0.0, 'pchembl_loss': 0.22984671592712402, 'ranking_loss': 0.0, 'total_loss': 0.22779466211795807, 'epoch': 22.547169811320753}
{'loss': 0.2488, 'grad_norm': 0.7778307795524597, 'learning_rate': 5.4943396226415106e-06, 'lm_loss': 0.0, 'pchembl_loss': 0.23492202162742615, 'ranking_loss': 0.0, 'total_loss': 0.23282332718372345, 'epoch': 22.566037735849058}
{'loss': 0.2424, 'grad_norm': 0.5048204660415649, 'learning_rate': 5.49056603773585e-06, 'lm_loss': 0.0, 'pchembl_loss': 0.32937461137771606, 'ranking_loss': 0.0, 'total_loss': 0.32643023133277893, 'epoch': 22.58490566037736}
{'loss': 0.2409, 'grad_norm': 1.0457110404968262, 'learning_rate': 5.486792452830189e-06, 'lm_loss': 0.0, 'pchembl_loss': 0.28046008944511414, 'ranking_loss': 0.0, 'total_loss': 0.27795132994651794, 'epoch': 22.60377358490566}
{'loss': 0.2425, 'grad_norm': 0.43071380257606506, 'learning_rate': 5.483018867924529e-06, 'lm_loss': 0.0, 'pchembl_loss': 0.2291112095117569, 'ranking_loss': 0.0, 'total_loss': 0.227060467004776, 'epoch': 22.62264150943396}
{'loss': 0.2419, 'grad_norm': 1.3517611026763916, 'learning_rate': 5.479245283018868e-06, 'lm_loss': 0.0, 'pchembl_loss': 0.22252486646175385, 'ranking_loss': 0.0, 'total_loss': 0.22053177654743195, 'epoch': 22.641509433962263}
{'loss': 0.248, 'grad_norm': 1.1054794788360596, 'learning_rate': 5.4754716981132085e-06, 'lm_loss': 0.0, 'pchembl_loss': 0.2703748345375061, 'ranking_loss': 0.0, 'total_loss': 0.2679516077041626, 'epoch': 22.660377358490567}
{'loss': 0.2423, 'grad_norm': 0.9274292588233948, 'learning_rate': 5.4716981132075475e-06, 'lm_loss': 0.0, 'pchembl_loss': 0.18431644141674042, 'ranking_loss': 0.0, 'total_loss': 0.1826634556055069, 'epoch': 22.67924528301887}
{'loss': 0.2411, 'grad_norm': 0.8377931118011475, 'learning_rate': 5.467924528301887e-06, 'lm_loss': 0.0, 'pchembl_loss': 0.23805579543113708, 'ranking_loss': 0.0, 'total_loss': 0.23591949045658112, 'epoch': 22.69811320754717}
{'loss': 0.2385, 'grad_norm': 0.5235053896903992, 'learning_rate': 5.464150943396227e-06, 'lm_loss': 0.0, 'pchembl_loss': 0.22092854976654053, 'ranking_loss': 0.0, 'total_loss': 0.21894466876983643, 'epoch': 22.71698113207547}
{'loss': 0.242, 'grad_norm': 0.9081712365150452, 'learning_rate': 5.460377358490566e-06, 'lm_loss': 0.0, 'pchembl_loss': 0.17867790162563324, 'ranking_loss': 0.0, 'total_loss': 0.17707237601280212, 'epoch': 22.735849056603772}
{'loss': 0.2441, 'grad_norm': 0.6151010394096375, 'learning_rate': 5.456603773584906e-06, 'lm_loss': 0.0, 'pchembl_loss': 0.19859908521175385, 'ranking_loss': 0.0, 'total_loss': 0.1968134045600891, 'epoch': 22.754716981132077}
{'loss': 0.2423, 'grad_norm': 0.7017272710800171, 'learning_rate': 5.452830188679245e-06, 'lm_loss': 0.0, 'pchembl_loss': 0.18936191499233246, 'ranking_loss': 0.0, 'total_loss': 0.1876581609249115, 'epoch': 22.77358490566038}
{'loss': 0.2423, 'grad_norm': 0.6395440697669983, 'learning_rate': 5.4490566037735845e-06, 'lm_loss': 0.0, 'pchembl_loss': 0.27992916107177734, 'ranking_loss': 0.0, 'total_loss': 0.2774088680744171, 'epoch': 22.79245283018868}
{'loss': 0.2388, 'grad_norm': 0.6703774333000183, 'learning_rate': 5.445283018867925e-06, 'lm_loss': 0.0, 'pchembl_loss': 0.26938292384147644, 'ranking_loss': 0.0, 'total_loss': 0.26695600152015686, 'epoch': 22.81132075471698}
{'loss': 0.2455, 'grad_norm': 0.9022203683853149, 'learning_rate': 5.441509433962264e-06, 'lm_loss': 0.0, 'pchembl_loss': 0.2292042076587677, 'ranking_loss': 0.0, 'total_loss': 0.22713787853717804, 'epoch': 22.830188679245282}
{'loss': 0.2407, 'grad_norm': 0.8857609033584595, 'learning_rate': 5.437735849056604e-06, 'lm_loss': 0.0, 'pchembl_loss': 0.2934488356113434, 'ranking_loss': 0.0, 'total_loss': 0.2908015549182892, 'epoch': 22.849056603773583}
{'loss': 0.2441, 'grad_norm': 0.5199970006942749, 'learning_rate': 5.433962264150944e-06, 'lm_loss': 0.0, 'pchembl_loss': 0.2251989245414734, 'ranking_loss': 0.0, 'total_loss': 0.22316600382328033, 'epoch': 22.867924528301888}
{'loss': 0.2495, 'grad_norm': 0.6195437908172607, 'learning_rate': 5.430188679245283e-06, 'lm_loss': 0.0, 'pchembl_loss': 0.2948462665081024, 'ranking_loss': 0.0, 'total_loss': 0.2921828329563141, 'epoch': 22.88679245283019}
{'loss': 0.2486, 'grad_norm': 0.5920105576515198, 'learning_rate': 5.426415094339623e-06, 'lm_loss': 0.0, 'pchembl_loss': 0.18911172449588776, 'ranking_loss': 0.0, 'total_loss': 0.18740227818489075, 'epoch': 22.90566037735849}
{'loss': 0.2415, 'grad_norm': 0.9989162087440491, 'learning_rate': 5.422641509433962e-06, 'lm_loss': 0.0, 'pchembl_loss': 0.23650947213172913, 'ranking_loss': 0.0, 'total_loss': 0.2343701422214508, 'epoch': 22.92452830188679}
{'loss': 0.2423, 'grad_norm': 0.43707066774368286, 'learning_rate': 5.418867924528303e-06, 'lm_loss': 0.0, 'pchembl_loss': 0.2118535339832306, 'ranking_loss': 0.0, 'total_loss': 0.20993594825267792, 'epoch': 22.943396226415093}
{'loss': 0.2436, 'grad_norm': 1.439927101135254, 'learning_rate': 5.415094339622642e-06, 'lm_loss': 0.0, 'pchembl_loss': 0.2801259160041809, 'ranking_loss': 0.0, 'total_loss': 0.2775886654853821, 'epoch': 22.962264150943398}
{'loss': 0.2404, 'grad_norm': 0.5488000512123108, 'learning_rate': 5.411320754716981e-06, 'lm_loss': 0.0, 'pchembl_loss': 0.32393988966941833, 'ranking_loss': 0.0, 'total_loss': 0.32100385427474976, 'epoch': 22.9811320754717}
{'loss': 0.2409, 'grad_norm': 0.5031592845916748, 'learning_rate': 5.407547169811321e-06, 'lm_loss': 0.0, 'pchembl_loss': 0.32253366708755493, 'ranking_loss': 0.0, 'total_loss': 0.3196084797382355, 'epoch': 23.0}
{'eval_loss': 0.23499208688735962, 'eval_pchembl_norm_mse': 0.42358896136283875, 'eval_pchembl_norm_mae': 0.47200697660446167, 'eval_pchembl_norm_rmse': 0.6508371233940125, 'eval_pchembl_r2': 0.5686849355697632, 'eval_pchembl_count': 20000, 'eval_pchembl_norm_mean_pred': -0.03333313390612602, 'eval_pchembl_norm_std_pred': 0.783393144607544, 'eval_pchembl_norm_mean_true': -0.02121046371757984, 'eval_pchembl_norm_std_true': 0.9910030961036682, 'eval_pchembl_raw_mse': 0.786076009273529, 'eval_pchembl_raw_mae': 0.6429961323738098, 'eval_pchembl_raw_rmse': 0.8866092562675476, 'eval_pchembl_raw_pearson': 0.7550444411371031, 'eval_pchembl_raw_spearman': 0.7577894461130984, 'eval_runtime': 8.9232, 'eval_samples_per_second': 1180.186, 'eval_steps_per_second': 0.112, 'epoch': 23.0}
{'eval_lm_loss': 0.0, 'eval_pchembl_loss': 0.2365696358680725, 'eval_ranking_loss': 0.0, 'eval_total_loss': 0.23442268468439578, 'epoch': 23.0}
{'eval_evaluation_time_sec': 8.969381198985502, 'epoch': 23.0}
{'loss': 0.2423, 'grad_norm': 0.5127279758453369, 'learning_rate': 5.403773584905661e-06, 'lm_loss': 0.0, 'pchembl_loss': 0.20752856135368347, 'ranking_loss': 0.0, 'total_loss': 0.20564517378807068, 'epoch': 23.0188679245283}
{'loss': 0.2414, 'grad_norm': 0.4954632520675659, 'learning_rate': 5.400000000000001e-06, 'lm_loss': 0.0, 'pchembl_loss': 0.203190878033638, 'ranking_loss': 0.0, 'total_loss': 0.20134563744068146, 'epoch': 23.037735849056602}
{'loss': 0.2473, 'grad_norm': 0.5478140115737915, 'learning_rate': 5.39622641509434e-06, 'lm_loss': 0.0, 'pchembl_loss': 0.24342302978038788, 'ranking_loss': 0.0, 'total_loss': 0.24121098220348358, 'epoch': 23.056603773584907}
{'loss': 0.2462, 'grad_norm': 0.5079647898674011, 'learning_rate': 5.392452830188679e-06, 'lm_loss': 0.0, 'pchembl_loss': 0.25072169303894043, 'ranking_loss': 0.0, 'total_loss': 0.24844181537628174, 'epoch': 23.07547169811321}
{'loss': 0.2412, 'grad_norm': 1.1493916511535645, 'learning_rate': 5.38867924528302e-06, 'lm_loss': 0.0, 'pchembl_loss': 0.30636581778526306, 'ranking_loss': 0.0, 'total_loss': 0.30357810854911804, 'epoch': 23.09433962264151}
{'loss': 0.2454, 'grad_norm': 0.9960862398147583, 'learning_rate': 5.384905660377359e-06, 'lm_loss': 0.0, 'pchembl_loss': 0.22755582630634308, 'ranking_loss': 0.0, 'total_loss': 0.22548386454582214, 'epoch': 23.11320754716981}
{'loss': 0.2392, 'grad_norm': 0.7844613790512085, 'learning_rate': 5.381132075471699e-06, 'lm_loss': 0.0, 'pchembl_loss': 0.3380747139453888, 'ranking_loss': 0.0, 'total_loss': 0.33499443531036377, 'epoch': 23.132075471698112}
{'loss': 0.245, 'grad_norm': 1.2395038604736328, 'learning_rate': 5.377358490566038e-06, 'lm_loss': 0.0, 'pchembl_loss': 0.19450518488883972, 'ranking_loss': 0.0, 'total_loss': 0.1927318423986435, 'epoch': 23.150943396226417}
{'loss': 0.2436, 'grad_norm': 1.1352694034576416, 'learning_rate': 5.373584905660378e-06, 'lm_loss': 0.0, 'pchembl_loss': 0.20250560343265533, 'ranking_loss': 0.0, 'total_loss': 0.20065812766551971, 'epoch': 23.169811320754718}
{'loss': 0.2447, 'grad_norm': 1.2677417993545532, 'learning_rate': 5.369811320754718e-06, 'lm_loss': 0.0, 'pchembl_loss': 0.22432588040828705, 'ranking_loss': 0.0, 'total_loss': 0.22227802872657776, 'epoch': 23.18867924528302}
{'loss': 0.2429, 'grad_norm': 1.159733533859253, 'learning_rate': 5.366037735849057e-06, 'lm_loss': 0.0, 'pchembl_loss': 0.3005325198173523, 'ranking_loss': 0.0, 'total_loss': 0.29778724908828735, 'epoch': 23.20754716981132}
{'loss': 0.2463, 'grad_norm': 1.1187539100646973, 'learning_rate': 5.362264150943397e-06, 'lm_loss': 0.0, 'pchembl_loss': 0.24149200320243835, 'ranking_loss': 0.0, 'total_loss': 0.2392846941947937, 'epoch': 23.22641509433962}
{'loss': 0.2431, 'grad_norm': 0.5046185255050659, 'learning_rate': 5.3584905660377365e-06, 'lm_loss': 0.0, 'pchembl_loss': 0.2796238362789154, 'ranking_loss': 0.0, 'total_loss': 0.2770664095878601, 'epoch': 23.245283018867923}
{'loss': 0.2394, 'grad_norm': 0.5141900181770325, 'learning_rate': 5.3547169811320756e-06, 'lm_loss': 0.0, 'pchembl_loss': 0.2637629210948944, 'ranking_loss': 0.0, 'total_loss': 0.26134905219078064, 'epoch': 23.264150943396228}
{'loss': 0.245, 'grad_norm': 0.6651762127876282, 'learning_rate': 5.3509433962264155e-06, 'lm_loss': 0.0, 'pchembl_loss': 0.2839896082878113, 'ranking_loss': 0.0, 'total_loss': 0.2813889980316162, 'epoch': 23.28301886792453}
{'loss': 0.2445, 'grad_norm': 1.6789449453353882, 'learning_rate': 5.3471698113207545e-06, 'lm_loss': 0.0, 'pchembl_loss': 0.26575401425361633, 'ranking_loss': 0.0, 'total_loss': 0.26331886649131775, 'epoch': 23.30188679245283}
{'loss': 0.2446, 'grad_norm': 0.46724241971969604, 'learning_rate': 5.343396226415095e-06, 'lm_loss': 0.0, 'pchembl_loss': 0.27927008271217346, 'ranking_loss': 0.0, 'total_loss': 0.27670952677726746, 'epoch': 23.32075471698113}
{'loss': 0.2405, 'grad_norm': 1.772637128829956, 'learning_rate': 5.339622641509434e-06, 'lm_loss': 0.0, 'pchembl_loss': 0.2710340917110443, 'ranking_loss': 0.0, 'total_loss': 0.26854753494262695, 'epoch': 23.339622641509433}
{'loss': 0.2421, 'grad_norm': 0.6039952635765076, 'learning_rate': 5.3358490566037734e-06, 'lm_loss': 0.0, 'pchembl_loss': 0.20162230730056763, 'ranking_loss': 0.0, 'total_loss': 0.1997714638710022, 'epoch': 23.358490566037737}
{'loss': 0.2398, 'grad_norm': 0.48232078552246094, 'learning_rate': 5.332075471698114e-06, 'lm_loss': 0.0, 'pchembl_loss': 0.23958060145378113, 'ranking_loss': 0.0, 'total_loss': 0.2373799979686737, 'epoch': 23.37735849056604}
{'loss': 0.2376, 'grad_norm': 1.0087416172027588, 'learning_rate': 5.328301886792453e-06, 'lm_loss': 0.0, 'pchembl_loss': 0.19923506677150726, 'ranking_loss': 0.0, 'total_loss': 0.1974039524793625, 'epoch': 23.39622641509434}
{'loss': 0.2388, 'grad_norm': 0.4561205506324768, 'learning_rate': 5.324528301886793e-06, 'lm_loss': 0.0, 'pchembl_loss': 0.2911025881767273, 'ranking_loss': 0.0, 'total_loss': 0.2884255349636078, 'epoch': 23.41509433962264}
{'loss': 0.241, 'grad_norm': 0.6637548208236694, 'learning_rate': 5.320754716981132e-06, 'lm_loss': 0.0, 'pchembl_loss': 0.2538820505142212, 'ranking_loss': 0.0, 'total_loss': 0.25154584646224976, 'epoch': 23.433962264150942}
{'loss': 0.2449, 'grad_norm': 0.6339429616928101, 'learning_rate': 5.316981132075471e-06, 'lm_loss': 0.0, 'pchembl_loss': 0.2170858532190323, 'ranking_loss': 0.0, 'total_loss': 0.21508704125881195, 'epoch': 23.452830188679247}
{'loss': 0.2449, 'grad_norm': 0.4384309649467468, 'learning_rate': 5.313207547169812e-06, 'lm_loss': 0.0, 'pchembl_loss': 0.18489199876785278, 'ranking_loss': 0.0, 'total_loss': 0.1831885576248169, 'epoch': 23.471698113207548}
{'loss': 0.2392, 'grad_norm': 0.8994767665863037, 'learning_rate': 5.309433962264151e-06, 'lm_loss': 0.0, 'pchembl_loss': 0.22859343886375427, 'ranking_loss': 0.0, 'total_loss': 0.22648607194423676, 'epoch': 23.49056603773585}
{'loss': 0.2411, 'grad_norm': 0.7546681761741638, 'learning_rate': 5.305660377358491e-06, 'lm_loss': 0.0, 'pchembl_loss': 0.2235070765018463, 'ranking_loss': 0.0, 'total_loss': 0.22144530713558197, 'epoch': 23.50943396226415}
{'loss': 0.2394, 'grad_norm': 0.7088844180107117, 'learning_rate': 5.301886792452831e-06, 'lm_loss': 0.0, 'pchembl_loss': 0.19390003383159637, 'ranking_loss': 0.0, 'total_loss': 0.19211027026176453, 'epoch': 23.528301886792452}
{'loss': 0.2452, 'grad_norm': 1.8646234273910522, 'learning_rate': 5.29811320754717e-06, 'lm_loss': 0.0, 'pchembl_loss': 0.23448112607002258, 'ranking_loss': 0.0, 'total_loss': 0.23231542110443115, 'epoch': 23.547169811320753}
{'loss': 0.2432, 'grad_norm': 0.8843785524368286, 'learning_rate': 5.29433962264151e-06, 'lm_loss': 0.0, 'pchembl_loss': 0.23956534266471863, 'ranking_loss': 0.0, 'total_loss': 0.23735135793685913, 'epoch': 23.566037735849058}
{'loss': 0.2403, 'grad_norm': 1.7256311178207397, 'learning_rate': 5.290566037735849e-06, 'lm_loss': 0.0, 'pchembl_loss': 0.23150843381881714, 'ranking_loss': 0.0, 'total_loss': 0.22936761379241943, 'epoch': 23.58490566037736}
{'loss': 0.2402, 'grad_norm': 1.4872334003448486, 'learning_rate': 5.28679245283019e-06, 'lm_loss': 0.0, 'pchembl_loss': 0.29202133417129517, 'ranking_loss': 0.0, 'total_loss': 0.28931936621665955, 'epoch': 23.60377358490566}
{'loss': 0.2493, 'grad_norm': 0.7498412132263184, 'learning_rate': 5.283018867924529e-06, 'lm_loss': 0.0, 'pchembl_loss': 0.24426378309726715, 'ranking_loss': 0.0, 'total_loss': 0.2420024275779724, 'epoch': 23.62264150943396}
{'loss': 0.2391, 'grad_norm': 1.695723533630371, 'learning_rate': 5.279245283018868e-06, 'lm_loss': 0.0, 'pchembl_loss': 0.21775801479816437, 'ranking_loss': 0.0, 'total_loss': 0.2157408893108368, 'epoch': 23.641509433962263}
{'loss': 0.242, 'grad_norm': 1.6647876501083374, 'learning_rate': 5.275471698113208e-06, 'lm_loss': 0.0, 'pchembl_loss': 0.2000458836555481, 'ranking_loss': 0.0, 'total_loss': 0.1981918066740036, 'epoch': 23.660377358490567}
{'loss': 0.243, 'grad_norm': 0.6973614692687988, 'learning_rate': 5.271698113207547e-06, 'lm_loss': 0.0, 'pchembl_loss': 0.21807265281677246, 'ranking_loss': 0.0, 'total_loss': 0.2160504013299942, 'epoch': 23.67924528301887}
{'loss': 0.2453, 'grad_norm': 1.3893311023712158, 'learning_rate': 5.267924528301888e-06, 'lm_loss': 0.0, 'pchembl_loss': 0.2575799226760864, 'ranking_loss': 0.0, 'total_loss': 0.25519001483917236, 'epoch': 23.69811320754717}
{'loss': 0.2445, 'grad_norm': 1.7977982759475708, 'learning_rate': 5.264150943396227e-06, 'lm_loss': 0.0, 'pchembl_loss': 0.25168177485466003, 'ranking_loss': 0.0, 'total_loss': 0.2493453174829483, 'epoch': 23.71698113207547}
{'loss': 0.244, 'grad_norm': 0.7885988354682922, 'learning_rate': 5.260377358490566e-06, 'lm_loss': 0.0, 'pchembl_loss': 0.22562316060066223, 'ranking_loss': 0.0, 'total_loss': 0.22352753579616547, 'epoch': 23.735849056603772}
{'loss': 0.2364, 'grad_norm': 1.0662447214126587, 'learning_rate': 5.2566037735849066e-06, 'lm_loss': 0.0, 'pchembl_loss': 0.22185315191745758, 'ranking_loss': 0.0, 'total_loss': 0.219791442155838, 'epoch': 23.754716981132077}
{'loss': 0.2434, 'grad_norm': 0.9810423254966736, 'learning_rate': 5.252830188679246e-06, 'lm_loss': 0.0, 'pchembl_loss': 0.24838308990001678, 'ranking_loss': 0.0, 'total_loss': 0.24607358872890472, 'epoch': 23.77358490566038}
{'loss': 0.2384, 'grad_norm': 0.9828619956970215, 'learning_rate': 5.2490566037735855e-06, 'lm_loss': 0.0, 'pchembl_loss': 0.23450008034706116, 'ranking_loss': 0.0, 'total_loss': 0.2323184609413147, 'epoch': 23.79245283018868}
{'loss': 0.2334, 'grad_norm': 1.4629226922988892, 'learning_rate': 5.245283018867925e-06, 'lm_loss': 0.0, 'pchembl_loss': 0.23067907989025116, 'ranking_loss': 0.0, 'total_loss': 0.22853180766105652, 'epoch': 23.81132075471698}
{'loss': 0.2403, 'grad_norm': 1.6000310182571411, 'learning_rate': 5.241509433962264e-06, 'lm_loss': 0.0, 'pchembl_loss': 0.28453919291496277, 'ranking_loss': 0.0, 'total_loss': 0.2818891406059265, 'epoch': 23.830188679245282}
{'loss': 0.2446, 'grad_norm': 1.0974175930023193, 'learning_rate': 5.2377358490566044e-06, 'lm_loss': 0.0, 'pchembl_loss': 0.17041465640068054, 'ranking_loss': 0.0, 'total_loss': 0.1688266545534134, 'epoch': 23.849056603773583}
{'loss': 0.2443, 'grad_norm': 1.6254676580429077, 'learning_rate': 5.2339622641509435e-06, 'lm_loss': 0.0, 'pchembl_loss': 0.26809272170066833, 'ranking_loss': 0.0, 'total_loss': 0.26559317111968994, 'epoch': 23.867924528301888}
{'loss': 0.2385, 'grad_norm': 2.3599212169647217, 'learning_rate': 5.230188679245284e-06, 'lm_loss': 0.0, 'pchembl_loss': 0.24669717252254486, 'ranking_loss': 0.0, 'total_loss': 0.2443959265947342, 'epoch': 23.88679245283019}
{'loss': 0.2445, 'grad_norm': 1.7239444255828857, 'learning_rate': 5.226415094339623e-06, 'lm_loss': 0.0, 'pchembl_loss': 0.19940677285194397, 'ranking_loss': 0.0, 'total_loss': 0.19754573702812195, 'epoch': 23.90566037735849}
{'loss': 0.2448, 'grad_norm': 0.9621620178222656, 'learning_rate': 5.222641509433962e-06, 'lm_loss': 0.0, 'pchembl_loss': 0.2380128800868988, 'ranking_loss': 0.0, 'total_loss': 0.2357904613018036, 'epoch': 23.92452830188679}
{'loss': 0.2401, 'grad_norm': 1.386453628540039, 'learning_rate': 5.218867924528302e-06, 'lm_loss': 0.0, 'pchembl_loss': 0.2806020975112915, 'ranking_loss': 0.0, 'total_loss': 0.2779807150363922, 'epoch': 23.943396226415093}
{'loss': 0.2446, 'grad_norm': 1.4221017360687256, 'learning_rate': 5.215094339622641e-06, 'lm_loss': 0.0, 'pchembl_loss': 0.23619921505451202, 'ranking_loss': 0.0, 'total_loss': 0.23399154841899872, 'epoch': 23.962264150943398}
{'loss': 0.2414, 'grad_norm': 1.3512712717056274, 'learning_rate': 5.211320754716982e-06, 'lm_loss': 0.0, 'pchembl_loss': 0.2485906481742859, 'ranking_loss': 0.0, 'total_loss': 0.24626602232456207, 'epoch': 23.9811320754717}
{'loss': 0.2401, 'grad_norm': 1.8245043754577637, 'learning_rate': 5.207547169811321e-06, 'lm_loss': 0.0, 'pchembl_loss': 0.21682922542095184, 'ranking_loss': 0.0, 'total_loss': 0.214800626039505, 'epoch': 24.0}
{'eval_loss': 0.23385100066661835, 'eval_pchembl_norm_mse': 0.42055732011795044, 'eval_pchembl_norm_mae': 0.4712633788585663, 'eval_pchembl_norm_rmse': 0.6485038995742798, 'eval_pchembl_r2': 0.5717719197273254, 'eval_pchembl_count': 20000, 'eval_pchembl_norm_mean_pred': -0.01170144509524107, 'eval_pchembl_norm_std_pred': 0.7985461354255676, 'eval_pchembl_norm_mean_true': -0.02121046371757984, 'eval_pchembl_norm_std_true': 0.9910030961036682, 'eval_pchembl_raw_mse': 0.7804500460624695, 'eval_pchembl_raw_mae': 0.6419832110404968, 'eval_pchembl_raw_rmse': 0.8834308385848999, 'eval_pchembl_raw_pearson': 0.7577421305143184, 'eval_pchembl_raw_spearman': 0.7598317265312404, 'eval_runtime': 8.9314, 'eval_samples_per_second': 1179.102, 'eval_steps_per_second': 0.112, 'epoch': 24.0}
{'eval_lm_loss': 0.0, 'eval_pchembl_loss': 0.23550070099532605, 'eval_ranking_loss': 0.0, 'eval_total_loss': 0.23329638287425042, 'epoch': 24.0}
{'eval_evaluation_time_sec': 8.96971397800371, 'epoch': 24.0}
{'loss': 0.2434, 'grad_norm': 0.5238674879074097, 'learning_rate': 5.20377358490566e-06, 'lm_loss': 0.0, 'pchembl_loss': 0.27784091234207153, 'ranking_loss': 0.0, 'total_loss': 0.2752402722835541, 'epoch': 24.0188679245283}
{'loss': 0.2408, 'grad_norm': 0.690058708190918, 'learning_rate': 5.2e-06, 'lm_loss': 0.0, 'pchembl_loss': 0.218878835439682, 'ranking_loss': 0.0, 'total_loss': 0.2168290913105011, 'epoch': 24.037735849056602}
{'loss': 0.2401, 'grad_norm': 1.2965774536132812, 'learning_rate': 5.19622641509434e-06, 'lm_loss': 0.0, 'pchembl_loss': 0.2887331247329712, 'ranking_loss': 0.0, 'total_loss': 0.28602784872055054, 'epoch': 24.056603773584907}
{'loss': 0.2369, 'grad_norm': 0.6468835473060608, 'learning_rate': 5.19245283018868e-06, 'lm_loss': 0.0, 'pchembl_loss': 0.24164658784866333, 'ranking_loss': 0.0, 'total_loss': 0.2393813580274582, 'epoch': 24.07547169811321}
{'loss': 0.2456, 'grad_norm': 1.2761969566345215, 'learning_rate': 5.188679245283019e-06, 'lm_loss': 0.0, 'pchembl_loss': 0.315396785736084, 'ranking_loss': 0.0, 'total_loss': 0.3124386966228485, 'epoch': 24.09433962264151}
{'loss': 0.2345, 'grad_norm': 1.281191110610962, 'learning_rate': 5.184905660377358e-06, 'lm_loss': 0.0, 'pchembl_loss': 0.21180997788906097, 'ranking_loss': 0.0, 'total_loss': 0.209822416305542, 'epoch': 24.11320754716981}
{'loss': 0.2402, 'grad_norm': 0.46792927384376526, 'learning_rate': 5.181132075471699e-06, 'lm_loss': 0.0, 'pchembl_loss': 0.2036828249692917, 'ranking_loss': 0.0, 'total_loss': 0.20177055895328522, 'epoch': 24.132075471698112}
{'loss': 0.2369, 'grad_norm': 1.459684133529663, 'learning_rate': 5.177358490566038e-06, 'lm_loss': 0.0, 'pchembl_loss': 0.2586648762226105, 'ranking_loss': 0.0, 'total_loss': 0.25623515248298645, 'epoch': 24.150943396226417}
{'loss': 0.2438, 'grad_norm': 1.5573893785476685, 'learning_rate': 5.173584905660378e-06, 'lm_loss': 0.0, 'pchembl_loss': 0.2747259736061096, 'ranking_loss': 0.0, 'total_loss': 0.272144079208374, 'epoch': 24.169811320754718}
{'loss': 0.2424, 'grad_norm': 0.5213035941123962, 'learning_rate': 5.169811320754717e-06, 'lm_loss': 0.0, 'pchembl_loss': 0.24455542862415314, 'ranking_loss': 0.0, 'total_loss': 0.24225594103336334, 'epoch': 24.18867924528302}
{'loss': 0.2449, 'grad_norm': 1.600571632385254, 'learning_rate': 5.166037735849057e-06, 'lm_loss': 0.0, 'pchembl_loss': 0.27636560797691345, 'ranking_loss': 0.0, 'total_loss': 0.2737656831741333, 'epoch': 24.20754716981132}
{'loss': 0.2417, 'grad_norm': 1.1847856044769287, 'learning_rate': 5.162264150943397e-06, 'lm_loss': 0.0, 'pchembl_loss': 0.26112326979637146, 'ranking_loss': 0.0, 'total_loss': 0.258665531873703, 'epoch': 24.22641509433962}
{'loss': 0.2376, 'grad_norm': 0.49527865648269653, 'learning_rate': 5.158490566037736e-06, 'lm_loss': 0.0, 'pchembl_loss': 0.24613988399505615, 'ranking_loss': 0.0, 'total_loss': 0.24382199347019196, 'epoch': 24.245283018867923}
{'loss': 0.2395, 'grad_norm': 0.6892129778862, 'learning_rate': 5.154716981132077e-06, 'lm_loss': 0.0, 'pchembl_loss': 0.2338864803314209, 'ranking_loss': 0.0, 'total_loss': 0.23168285191059113, 'epoch': 24.264150943396228}
{'loss': 0.2382, 'grad_norm': 0.5214350819587708, 'learning_rate': 5.150943396226416e-06, 'lm_loss': 0.0, 'pchembl_loss': 0.2294372171163559, 'ranking_loss': 0.0, 'total_loss': 0.22727438807487488, 'epoch': 24.28301886792453}
{'loss': 0.2423, 'grad_norm': 0.7438363432884216, 'learning_rate': 5.147169811320755e-06, 'lm_loss': 0.0, 'pchembl_loss': 0.23631517589092255, 'ranking_loss': 0.0, 'total_loss': 0.23408633470535278, 'epoch': 24.30188679245283}
{'loss': 0.2405, 'grad_norm': 0.7813764214515686, 'learning_rate': 5.143396226415095e-06, 'lm_loss': 0.0, 'pchembl_loss': 0.25863516330718994, 'ranking_loss': 0.0, 'total_loss': 0.25619450211524963, 'epoch': 24.32075471698113}
{'loss': 0.24, 'grad_norm': 0.47300100326538086, 'learning_rate': 5.139622641509434e-06, 'lm_loss': 0.0, 'pchembl_loss': 0.2542952001094818, 'ranking_loss': 0.0, 'total_loss': 0.25189417600631714, 'epoch': 24.339622641509433}
{'loss': 0.2371, 'grad_norm': 0.7080687880516052, 'learning_rate': 5.1358490566037745e-06, 'lm_loss': 0.0, 'pchembl_loss': 0.18932972848415375, 'ranking_loss': 0.0, 'total_loss': 0.18754111230373383, 'epoch': 24.358490566037737}
{'loss': 0.2356, 'grad_norm': 0.897406816482544, 'learning_rate': 5.1320754716981136e-06, 'lm_loss': 0.0, 'pchembl_loss': 0.2608167231082916, 'ranking_loss': 0.0, 'total_loss': 0.2583513855934143, 'epoch': 24.37735849056604}
{'loss': 0.2405, 'grad_norm': 0.5869361162185669, 'learning_rate': 5.128301886792453e-06, 'lm_loss': 0.0, 'pchembl_loss': 0.2498074322938919, 'ranking_loss': 0.0, 'total_loss': 0.24744483828544617, 'epoch': 24.39622641509434}
{'loss': 0.2422, 'grad_norm': 0.7459259033203125, 'learning_rate': 5.124528301886793e-06, 'lm_loss': 0.0, 'pchembl_loss': 0.24134086072444916, 'ranking_loss': 0.0, 'total_loss': 0.2390570491552353, 'epoch': 24.41509433962264}
{'loss': 0.237, 'grad_norm': 0.9547905325889587, 'learning_rate': 5.1207547169811325e-06, 'lm_loss': 0.0, 'pchembl_loss': 0.25633102655410767, 'ranking_loss': 0.0, 'total_loss': 0.25390398502349854, 'epoch': 24.433962264150942}
{'loss': 0.2423, 'grad_norm': 0.6122651696205139, 'learning_rate': 5.116981132075472e-06, 'lm_loss': 0.0, 'pchembl_loss': 0.28635042905807495, 'ranking_loss': 0.0, 'total_loss': 0.2836375832557678, 'epoch': 24.452830188679247}
{'loss': 0.2438, 'grad_norm': 1.672745943069458, 'learning_rate': 5.1132075471698114e-06, 'lm_loss': 0.0, 'pchembl_loss': 0.2962402403354645, 'ranking_loss': 0.0, 'total_loss': 0.2934320867061615, 'epoch': 24.471698113207548}
{'loss': 0.2421, 'grad_norm': 1.5133509635925293, 'learning_rate': 5.1094339622641505e-06, 'lm_loss': 0.0, 'pchembl_loss': 0.21892540156841278, 'ranking_loss': 0.0, 'total_loss': 0.21684898436069489, 'epoch': 24.49056603773585}
{'loss': 0.243, 'grad_norm': 0.45252832770347595, 'learning_rate': 5.105660377358491e-06, 'lm_loss': 0.0, 'pchembl_loss': 0.2883879840373993, 'ranking_loss': 0.0, 'total_loss': 0.2856512665748596, 'epoch': 24.50943396226415}
{'loss': 0.2408, 'grad_norm': 1.101770043373108, 'learning_rate': 5.10188679245283e-06, 'lm_loss': 0.0, 'pchembl_loss': 0.21821536123752594, 'ranking_loss': 0.0, 'total_loss': 0.2161434292793274, 'epoch': 24.528301886792452}
{'loss': 0.2394, 'grad_norm': 0.9772314429283142, 'learning_rate': 5.09811320754717e-06, 'lm_loss': 0.0, 'pchembl_loss': 0.24004685878753662, 'ranking_loss': 0.0, 'total_loss': 0.23776639997959137, 'epoch': 24.547169811320753}
{'loss': 0.2385, 'grad_norm': 0.5058026313781738, 'learning_rate': 5.09433962264151e-06, 'lm_loss': 0.0, 'pchembl_loss': 0.24171921610832214, 'ranking_loss': 0.0, 'total_loss': 0.23942159116268158, 'epoch': 24.566037735849058}
{'loss': 0.2398, 'grad_norm': 0.8805139660835266, 'learning_rate': 5.090566037735849e-06, 'lm_loss': 0.0, 'pchembl_loss': 0.23095500469207764, 'ranking_loss': 0.0, 'total_loss': 0.22875846922397614, 'epoch': 24.58490566037736}
{'loss': 0.2426, 'grad_norm': 0.5202879309654236, 'learning_rate': 5.086792452830189e-06, 'lm_loss': 0.0, 'pchembl_loss': 0.23132042586803436, 'ranking_loss': 0.0, 'total_loss': 0.2291191965341568, 'epoch': 24.60377358490566}
{'loss': 0.2439, 'grad_norm': 0.6221029758453369, 'learning_rate': 5.083018867924528e-06, 'lm_loss': 0.0, 'pchembl_loss': 0.24367789924144745, 'ranking_loss': 0.0, 'total_loss': 0.24135777354240417, 'epoch': 24.62264150943396}
{'loss': 0.2407, 'grad_norm': 0.9337171912193298, 'learning_rate': 5.079245283018869e-06, 'lm_loss': 0.0, 'pchembl_loss': 0.2789181172847748, 'ranking_loss': 0.0, 'total_loss': 0.27626094222068787, 'epoch': 24.641509433962263}
{'loss': 0.2389, 'grad_norm': 0.46775129437446594, 'learning_rate': 5.075471698113208e-06, 'lm_loss': 0.0, 'pchembl_loss': 0.23455464839935303, 'ranking_loss': 0.0, 'total_loss': 0.23231883347034454, 'epoch': 24.660377358490567}
{'loss': 0.2395, 'grad_norm': 0.809962272644043, 'learning_rate': 5.071698113207547e-06, 'lm_loss': 0.0, 'pchembl_loss': 0.19931228458881378, 'ranking_loss': 0.0, 'total_loss': 0.19741131365299225, 'epoch': 24.67924528301887}
{'loss': 0.244, 'grad_norm': 0.6600876450538635, 'learning_rate': 5.067924528301887e-06, 'lm_loss': 0.0, 'pchembl_loss': 0.23842506110668182, 'ranking_loss': 0.0, 'total_loss': 0.23614974319934845, 'epoch': 24.69811320754717}
{'loss': 0.241, 'grad_norm': 0.7072142362594604, 'learning_rate': 5.064150943396227e-06, 'lm_loss': 0.0, 'pchembl_loss': 0.26406392455101013, 'ranking_loss': 0.0, 'total_loss': 0.2615424692630768, 'epoch': 24.71698113207547}
{'loss': 0.2438, 'grad_norm': 0.8116467595100403, 'learning_rate': 5.060377358490567e-06, 'lm_loss': 0.0, 'pchembl_loss': 0.26988425850868225, 'ranking_loss': 0.0, 'total_loss': 0.26730573177337646, 'epoch': 24.735849056603772}
{'loss': 0.2404, 'grad_norm': 0.493727445602417, 'learning_rate': 5.056603773584906e-06, 'lm_loss': 0.0, 'pchembl_loss': 0.21266257762908936, 'ranking_loss': 0.0, 'total_loss': 0.21062958240509033, 'epoch': 24.754716981132077}
{'loss': 0.242, 'grad_norm': 0.4568459689617157, 'learning_rate': 5.052830188679245e-06, 'lm_loss': 0.0, 'pchembl_loss': 0.18832309544086456, 'ranking_loss': 0.0, 'total_loss': 0.1865217238664627, 'epoch': 24.77358490566038}
{'loss': 0.2403, 'grad_norm': 0.45794007182121277, 'learning_rate': 5.049056603773586e-06, 'lm_loss': 0.0, 'pchembl_loss': 0.25935280323028564, 'ranking_loss': 0.0, 'total_loss': 0.2568705677986145, 'epoch': 24.79245283018868}
{'loss': 0.2383, 'grad_norm': 0.49021416902542114, 'learning_rate': 5.045283018867925e-06, 'lm_loss': 0.0, 'pchembl_loss': 0.2611565589904785, 'ranking_loss': 0.0, 'total_loss': 0.2586556077003479, 'epoch': 24.81132075471698}
{'loss': 0.2322, 'grad_norm': 0.4973336458206177, 'learning_rate': 5.041509433962265e-06, 'lm_loss': 0.0, 'pchembl_loss': 0.2532539367675781, 'ranking_loss': 0.0, 'total_loss': 0.25082722306251526, 'epoch': 24.830188679245282}
{'loss': 0.2408, 'grad_norm': 0.7072179317474365, 'learning_rate': 5.037735849056604e-06, 'lm_loss': 0.0, 'pchembl_loss': 0.2893204092979431, 'ranking_loss': 0.0, 'total_loss': 0.2865464985370636, 'epoch': 24.849056603773583}
{'loss': 0.2419, 'grad_norm': 0.5266543626785278, 'learning_rate': 5.033962264150944e-06, 'lm_loss': 0.0, 'pchembl_loss': 0.2667442858219147, 'ranking_loss': 0.0, 'total_loss': 0.2641853392124176, 'epoch': 24.867924528301888}
{'loss': 0.2412, 'grad_norm': 0.46889930963516235, 'learning_rate': 5.030188679245284e-06, 'lm_loss': 0.0, 'pchembl_loss': 0.2901291251182556, 'ranking_loss': 0.0, 'total_loss': 0.28734418749809265, 'epoch': 24.88679245283019}
{'loss': 0.2424, 'grad_norm': 1.5149815082550049, 'learning_rate': 5.026415094339623e-06, 'lm_loss': 0.0, 'pchembl_loss': 0.29094067215919495, 'ranking_loss': 0.0, 'total_loss': 0.28814631700515747, 'epoch': 24.90566037735849}
{'loss': 0.2386, 'grad_norm': 0.4697535037994385, 'learning_rate': 5.0226415094339635e-06, 'lm_loss': 0.0, 'pchembl_loss': 0.23425358533859253, 'ranking_loss': 0.0, 'total_loss': 0.23200242221355438, 'epoch': 24.92452830188679}
{'loss': 0.2416, 'grad_norm': 0.7385164499282837, 'learning_rate': 5.0188679245283025e-06, 'lm_loss': 0.0, 'pchembl_loss': 0.28266236186027527, 'ranking_loss': 0.0, 'total_loss': 0.27994444966316223, 'epoch': 24.943396226415093}
{'loss': 0.2426, 'grad_norm': 1.0693763494491577, 'learning_rate': 5.015094339622642e-06, 'lm_loss': 0.0, 'pchembl_loss': 0.2808026373386383, 'ranking_loss': 0.0, 'total_loss': 0.2781010866165161, 'epoch': 24.962264150943398}
{'loss': 0.2416, 'grad_norm': 0.8960350155830383, 'learning_rate': 5.0113207547169815e-06, 'lm_loss': 0.0, 'pchembl_loss': 0.20346514880657196, 'ranking_loss': 0.0, 'total_loss': 0.20150654017925262, 'epoch': 24.9811320754717}
{'loss': 0.2425, 'grad_norm': 0.5967342257499695, 'learning_rate': 5.007547169811321e-06, 'lm_loss': 0.0, 'pchembl_loss': 0.27455440163612366, 'ranking_loss': 0.0, 'total_loss': 0.2719099521636963, 'epoch': 25.0}
{'eval_loss': 0.23186786472797394, 'eval_pchembl_norm_mse': 0.4174319803714752, 'eval_pchembl_norm_mae': 0.46811923384666443, 'eval_pchembl_norm_rmse': 0.6460897326469421, 'eval_pchembl_r2': 0.5749542713165283, 'eval_pchembl_count': 20000, 'eval_pchembl_norm_mean_pred': -0.02404010109603405, 'eval_pchembl_norm_std_pred': 0.7960038781166077, 'eval_pchembl_norm_mean_true': -0.02121046371757984, 'eval_pchembl_norm_std_true': 0.9910030961036682, 'eval_pchembl_raw_mse': 0.7746502161026001, 'eval_pchembl_raw_mae': 0.6377000212669373, 'eval_pchembl_raw_rmse': 0.8801421523094177, 'eval_pchembl_raw_pearson': 0.7595214784417249, 'eval_pchembl_raw_spearman': 0.7613661638559099, 'eval_runtime': 8.9059, 'eval_samples_per_second': 1182.477, 'eval_steps_per_second': 0.112, 'epoch': 25.0}
{'eval_lm_loss': 0.0, 'eval_pchembl_loss': 0.23352474287152292, 'eval_ranking_loss': 0.0, 'eval_total_loss': 0.23127420969307422, 'epoch': 25.0}
{'eval_evaluation_time_sec': 8.951640993123874, 'epoch': 25.0}
{'loss': 0.2386, 'grad_norm': 0.530876874923706, 'learning_rate': 5.003773584905661e-06, 'lm_loss': 0.0, 'pchembl_loss': 0.16688530147075653, 'ranking_loss': 0.0, 'total_loss': 0.16527698934078217, 'epoch': 25.0188679245283}
{'loss': 0.2379, 'grad_norm': 1.334100365638733, 'learning_rate': 5e-06, 'lm_loss': 0.0, 'pchembl_loss': 0.2192622274160385, 'ranking_loss': 0.0, 'total_loss': 0.21714794635772705, 'epoch': 25.037735849056602}
{'loss': 0.2384, 'grad_norm': 0.8359289169311523, 'learning_rate': 4.99622641509434e-06, 'lm_loss': 0.0, 'pchembl_loss': 0.19802109897136688, 'ranking_loss': 0.0, 'total_loss': 0.1961105763912201, 'epoch': 25.056603773584907}
{'loss': 0.2356, 'grad_norm': 0.604485034942627, 'learning_rate': 4.99245283018868e-06, 'lm_loss': 0.0, 'pchembl_loss': 0.29512250423431396, 'ranking_loss': 0.0, 'total_loss': 0.29227355122566223, 'epoch': 25.07547169811321}
{'loss': 0.244, 'grad_norm': 1.3575661182403564, 'learning_rate': 4.988679245283019e-06, 'lm_loss': 0.0, 'pchembl_loss': 0.24190568923950195, 'ranking_loss': 0.0, 'total_loss': 0.23956917226314545, 'epoch': 25.09433962264151}
{'loss': 0.2368, 'grad_norm': 1.2439440488815308, 'learning_rate': 4.984905660377358e-06, 'lm_loss': 0.0, 'pchembl_loss': 0.2503824532032013, 'ranking_loss': 0.0, 'total_loss': 0.24796274304389954, 'epoch': 25.11320754716981}
{'loss': 0.241, 'grad_norm': 0.7090833187103271, 'learning_rate': 4.981132075471698e-06, 'lm_loss': 0.0, 'pchembl_loss': 0.19685910642147064, 'ranking_loss': 0.0, 'total_loss': 0.19495563209056854, 'epoch': 25.132075471698112}
{'loss': 0.2419, 'grad_norm': 1.5570865869522095, 'learning_rate': 4.977358490566038e-06, 'lm_loss': 0.0, 'pchembl_loss': 0.19797652959823608, 'ranking_loss': 0.0, 'total_loss': 0.19606120884418488, 'epoch': 25.150943396226417}
{'loss': 0.2386, 'grad_norm': 1.1334567070007324, 'learning_rate': 4.973584905660378e-06, 'lm_loss': 0.0, 'pchembl_loss': 0.27254149317741394, 'ranking_loss': 0.0, 'total_loss': 0.26990342140197754, 'epoch': 25.169811320754718}
{'loss': 0.244, 'grad_norm': 0.8888112306594849, 'learning_rate': 4.969811320754717e-06, 'lm_loss': 0.0, 'pchembl_loss': 0.2715740501880646, 'ranking_loss': 0.0, 'total_loss': 0.2689439654350281, 'epoch': 25.18867924528302}
{'loss': 0.2409, 'grad_norm': 1.3472423553466797, 'learning_rate': 4.966037735849057e-06, 'lm_loss': 0.0, 'pchembl_loss': 0.22143477201461792, 'ranking_loss': 0.0, 'total_loss': 0.2192891240119934, 'epoch': 25.20754716981132}
{'loss': 0.2418, 'grad_norm': 0.5300888419151306, 'learning_rate': 4.962264150943397e-06, 'lm_loss': 0.0, 'pchembl_loss': 0.24686889350414276, 'ranking_loss': 0.0, 'total_loss': 0.2444755584001541, 'epoch': 25.22641509433962}
{'loss': 0.2435, 'grad_norm': 0.5338146686553955, 'learning_rate': 4.958490566037736e-06, 'lm_loss': 0.0, 'pchembl_loss': 0.2687670886516571, 'ranking_loss': 0.0, 'total_loss': 0.26616010069847107, 'epoch': 25.245283018867923}
{'loss': 0.2347, 'grad_norm': 0.807831346988678, 'learning_rate': 4.954716981132076e-06, 'lm_loss': 0.0, 'pchembl_loss': 0.2528989613056183, 'ranking_loss': 0.0, 'total_loss': 0.25044459104537964, 'epoch': 25.264150943396228}
{'loss': 0.2403, 'grad_norm': 0.45395052433013916, 'learning_rate': 4.950943396226415e-06, 'lm_loss': 0.0, 'pchembl_loss': 0.26187604665756226, 'ranking_loss': 0.0, 'total_loss': 0.25933319330215454, 'epoch': 25.28301886792453}
{'loss': 0.2372, 'grad_norm': 0.5560452938079834, 'learning_rate': 4.947169811320755e-06, 'lm_loss': 0.0, 'pchembl_loss': 0.21672691404819489, 'ranking_loss': 0.0, 'total_loss': 0.21462135016918182, 'epoch': 25.30188679245283}
{'loss': 0.2406, 'grad_norm': 1.0480444431304932, 'learning_rate': 4.943396226415095e-06, 'lm_loss': 0.0, 'pchembl_loss': 0.2363847941160202, 'ranking_loss': 0.0, 'total_loss': 0.2340870052576065, 'epoch': 25.32075471698113}
{'loss': 0.2389, 'grad_norm': 0.49874335527420044, 'learning_rate': 4.939622641509435e-06, 'lm_loss': 0.0, 'pchembl_loss': 0.23401547968387604, 'ranking_loss': 0.0, 'total_loss': 0.23173949122428894, 'epoch': 25.339622641509433}
{'loss': 0.2389, 'grad_norm': 0.7608110308647156, 'learning_rate': 4.935849056603774e-06, 'lm_loss': 0.0, 'pchembl_loss': 0.2183794230222702, 'ranking_loss': 0.0, 'total_loss': 0.2162543684244156, 'epoch': 25.358490566037737}
{'loss': 0.2369, 'grad_norm': 0.9969684481620789, 'learning_rate': 4.932075471698114e-06, 'lm_loss': 0.0, 'pchembl_loss': 0.2725500762462616, 'ranking_loss': 0.0, 'total_loss': 0.26989641785621643, 'epoch': 25.37735849056604}
{'loss': 0.2378, 'grad_norm': 0.9009790420532227, 'learning_rate': 4.928301886792453e-06, 'lm_loss': 0.0, 'pchembl_loss': 0.285194456577301, 'ranking_loss': 0.0, 'total_loss': 0.2824161946773529, 'epoch': 25.39622641509434}
{'loss': 0.2371, 'grad_norm': 1.0547422170639038, 'learning_rate': 4.924528301886793e-06, 'lm_loss': 0.0, 'pchembl_loss': 0.2334502786397934, 'ranking_loss': 0.0, 'total_loss': 0.23117484152317047, 'epoch': 25.41509433962264}
{'loss': 0.2404, 'grad_norm': 0.7579073309898376, 'learning_rate': 4.920754716981133e-06, 'lm_loss': 0.0, 'pchembl_loss': 0.19808076322078705, 'ranking_loss': 0.0, 'total_loss': 0.19614902138710022, 'epoch': 25.433962264150942}
{'loss': 0.2401, 'grad_norm': 1.0814297199249268, 'learning_rate': 4.916981132075473e-06, 'lm_loss': 0.0, 'pchembl_loss': 0.1929134577512741, 'ranking_loss': 0.0, 'total_loss': 0.1910310834646225, 'epoch': 25.452830188679247}
{'loss': 0.2333, 'grad_norm': 0.6377979516983032, 'learning_rate': 4.913207547169812e-06, 'lm_loss': 0.0, 'pchembl_loss': 0.30848583579063416, 'ranking_loss': 0.0, 'total_loss': 0.3054741322994232, 'epoch': 25.471698113207548}
{'loss': 0.2394, 'grad_norm': 0.7081477642059326, 'learning_rate': 4.909433962264152e-06, 'lm_loss': 0.0, 'pchembl_loss': 0.20480464398860931, 'ranking_loss': 0.0, 'total_loss': 0.2028040736913681, 'epoch': 25.49056603773585}
{'loss': 0.2453, 'grad_norm': 0.5139981508255005, 'learning_rate': 4.905660377358491e-06, 'lm_loss': 0.0, 'pchembl_loss': 0.18962068855762482, 'ranking_loss': 0.0, 'total_loss': 0.18776743113994598, 'epoch': 25.50943396226415}
{'loss': 0.2398, 'grad_norm': 0.47375085949897766, 'learning_rate': 4.9018867924528306e-06, 'lm_loss': 0.0, 'pchembl_loss': 0.25063356757164, 'ranking_loss': 0.0, 'total_loss': 0.24818265438079834, 'epoch': 25.528301886792452}
{'loss': 0.236, 'grad_norm': 0.7916014790534973, 'learning_rate': 4.8981132075471705e-06, 'lm_loss': 0.0, 'pchembl_loss': 0.18507838249206543, 'ranking_loss': 0.0, 'total_loss': 0.1832675337791443, 'epoch': 25.547169811320753}
{'loss': 0.2376, 'grad_norm': 0.657900333404541, 'learning_rate': 4.8943396226415095e-06, 'lm_loss': 0.0, 'pchembl_loss': 0.27913281321525574, 'ranking_loss': 0.0, 'total_loss': 0.27640020847320557, 'epoch': 25.566037735849058}
{'loss': 0.2393, 'grad_norm': 0.5785623788833618, 'learning_rate': 4.8905660377358495e-06, 'lm_loss': 0.0, 'pchembl_loss': 0.20975638926029205, 'ranking_loss': 0.0, 'total_loss': 0.20770183205604553, 'epoch': 25.58490566037736}
{'loss': 0.2391, 'grad_norm': 0.7031152248382568, 'learning_rate': 4.886792452830189e-06, 'lm_loss': 0.0, 'pchembl_loss': 0.22218741476535797, 'ranking_loss': 0.0, 'total_loss': 0.220009908080101, 'epoch': 25.60377358490566}
{'loss': 0.2353, 'grad_norm': 0.56138014793396, 'learning_rate': 4.8830188679245284e-06, 'lm_loss': 0.0, 'pchembl_loss': 0.1898895651102066, 'ranking_loss': 0.0, 'total_loss': 0.18802757561206818, 'epoch': 25.62264150943396}
{'loss': 0.2369, 'grad_norm': 0.9765957593917847, 'learning_rate': 4.879245283018868e-06, 'lm_loss': 0.0, 'pchembl_loss': 0.28048717975616455, 'ranking_loss': 0.0, 'total_loss': 0.27773529291152954, 'epoch': 25.641509433962263}
{'loss': 0.2402, 'grad_norm': 0.5326560139656067, 'learning_rate': 4.875471698113207e-06, 'lm_loss': 0.0, 'pchembl_loss': 0.26752546429634094, 'ranking_loss': 0.0, 'total_loss': 0.2648993134498596, 'epoch': 25.660377358490567}
{'loss': 0.2373, 'grad_norm': 0.983879029750824, 'learning_rate': 4.871698113207547e-06, 'lm_loss': 0.0, 'pchembl_loss': 0.29920631647109985, 'ranking_loss': 0.0, 'total_loss': 0.296267569065094, 'epoch': 25.67924528301887}
{'loss': 0.2374, 'grad_norm': 0.49004992842674255, 'learning_rate': 4.867924528301887e-06, 'lm_loss': 0.0, 'pchembl_loss': 0.24594229459762573, 'ranking_loss': 0.0, 'total_loss': 0.24352538585662842, 'epoch': 25.69811320754717}
{'loss': 0.2386, 'grad_norm': 0.6379213929176331, 'learning_rate': 4.864150943396227e-06, 'lm_loss': 0.0, 'pchembl_loss': 0.20124536752700806, 'ranking_loss': 0.0, 'total_loss': 0.19926662743091583, 'epoch': 25.71698113207547}
{'loss': 0.2435, 'grad_norm': 0.5530048608779907, 'learning_rate': 4.860377358490567e-06, 'lm_loss': 0.0, 'pchembl_loss': 0.28164002299308777, 'ranking_loss': 0.0, 'total_loss': 0.27886930108070374, 'epoch': 25.735849056603772}
{'loss': 0.2383, 'grad_norm': 0.6368973255157471, 'learning_rate': 4.856603773584906e-06, 'lm_loss': 0.0, 'pchembl_loss': 0.2977367043495178, 'ranking_loss': 0.0, 'total_loss': 0.29480600357055664, 'epoch': 25.754716981132077}
{'loss': 0.2382, 'grad_norm': 0.6712198257446289, 'learning_rate': 4.852830188679245e-06, 'lm_loss': 0.0, 'pchembl_loss': 0.2436707466840744, 'ranking_loss': 0.0, 'total_loss': 0.24127092957496643, 'epoch': 25.77358490566038}
{'loss': 0.2388, 'grad_norm': 0.7428563237190247, 'learning_rate': 4.849056603773585e-06, 'lm_loss': 0.0, 'pchembl_loss': 0.23584216833114624, 'ranking_loss': 0.0, 'total_loss': 0.23351818323135376, 'epoch': 25.79245283018868}
{'loss': 0.2394, 'grad_norm': 0.8246400952339172, 'learning_rate': 4.845283018867925e-06, 'lm_loss': 0.0, 'pchembl_loss': 0.265512615442276, 'ranking_loss': 0.0, 'total_loss': 0.2628948390483856, 'epoch': 25.81132075471698}
{'loss': 0.2392, 'grad_norm': 0.5557135939598083, 'learning_rate': 4.841509433962265e-06, 'lm_loss': 0.0, 'pchembl_loss': 0.23637241125106812, 'ranking_loss': 0.0, 'total_loss': 0.23404067754745483, 'epoch': 25.830188679245282}
{'loss': 0.2352, 'grad_norm': 0.7458533048629761, 'learning_rate': 4.837735849056604e-06, 'lm_loss': 0.0, 'pchembl_loss': 0.16398422420024872, 'ranking_loss': 0.0, 'total_loss': 0.16236568987369537, 'epoch': 25.849056603773583}
{'loss': 0.2375, 'grad_norm': 0.5579553246498108, 'learning_rate': 4.833962264150944e-06, 'lm_loss': 0.0, 'pchembl_loss': 0.27649784088134766, 'ranking_loss': 0.0, 'total_loss': 0.2737673223018646, 'epoch': 25.867924528301888}
{'loss': 0.2423, 'grad_norm': 0.4898015260696411, 'learning_rate': 4.830188679245284e-06, 'lm_loss': 0.0, 'pchembl_loss': 0.21790753304958344, 'ranking_loss': 0.0, 'total_loss': 0.215754434466362, 'epoch': 25.88679245283019}
{'loss': 0.2365, 'grad_norm': 0.8587639331817627, 'learning_rate': 4.826415094339623e-06, 'lm_loss': 0.0, 'pchembl_loss': 0.2553185522556305, 'ranking_loss': 0.0, 'total_loss': 0.25279444456100464, 'epoch': 25.90566037735849}
{'loss': 0.2407, 'grad_norm': 0.566684365272522, 'learning_rate': 4.822641509433963e-06, 'lm_loss': 0.0, 'pchembl_loss': 0.2936895787715912, 'ranking_loss': 0.0, 'total_loss': 0.2907845377922058, 'epoch': 25.92452830188679}
{'loss': 0.2418, 'grad_norm': 1.0192084312438965, 'learning_rate': 4.818867924528302e-06, 'lm_loss': 0.0, 'pchembl_loss': 0.2233406901359558, 'ranking_loss': 0.0, 'total_loss': 0.22113031148910522, 'epoch': 25.943396226415093}
{'loss': 0.2376, 'grad_norm': 1.2241846323013306, 'learning_rate': 4.815094339622642e-06, 'lm_loss': 0.0, 'pchembl_loss': 0.29235729575157166, 'ranking_loss': 0.0, 'total_loss': 0.28946229815483093, 'epoch': 25.962264150943398}
{'loss': 0.239, 'grad_norm': 0.7068555355072021, 'learning_rate': 4.811320754716982e-06, 'lm_loss': 0.0, 'pchembl_loss': 0.3121245205402374, 'ranking_loss': 0.0, 'total_loss': 0.309032142162323, 'epoch': 25.9811320754717}
{'loss': 0.2377, 'grad_norm': 1.0262795686721802, 'learning_rate': 4.807547169811322e-06, 'lm_loss': 0.0, 'pchembl_loss': 0.23684059083461761, 'ranking_loss': 0.0, 'total_loss': 0.23449285328388214, 'epoch': 26.0}
{'eval_loss': 0.23100775480270386, 'eval_pchembl_norm_mse': 0.41464951634407043, 'eval_pchembl_norm_mae': 0.4682413637638092, 'eval_pchembl_norm_rmse': 0.6439328789710999, 'eval_pchembl_r2': 0.5777875185012817, 'eval_pchembl_count': 20000, 'eval_pchembl_norm_mean_pred': -0.009241295047104359, 'eval_pchembl_norm_std_pred': 0.7974852323532104, 'eval_pchembl_norm_mean_true': -0.02121046371757984, 'eval_pchembl_norm_std_true': 0.9910030961036682, 'eval_pchembl_raw_mse': 0.7694867253303528, 'eval_pchembl_raw_mae': 0.6378664374351501, 'eval_pchembl_raw_rmse': 0.8772039413452148, 'eval_pchembl_raw_pearson': 0.7614499835093662, 'eval_pchembl_raw_spearman': 0.762511610447064, 'eval_runtime': 8.9133, 'eval_samples_per_second': 1181.495, 'eval_steps_per_second': 0.112, 'epoch': 26.0}
{'eval_lm_loss': 0.0, 'eval_pchembl_loss': 0.23276295766234398, 'eval_ranking_loss': 0.0, 'eval_total_loss': 0.23045442044734954, 'epoch': 26.0}
{'eval_evaluation_time_sec': 8.973048854852095, 'epoch': 26.0}
{'loss': 0.2377, 'grad_norm': 0.4982285797595978, 'learning_rate': 4.803773584905661e-06, 'lm_loss': 0.0, 'pchembl_loss': 0.24124394357204437, 'ranking_loss': 0.0, 'total_loss': 0.23885129392147064, 'epoch': 26.0188679245283}
{'loss': 0.2392, 'grad_norm': 0.4859229028224945, 'learning_rate': 4.800000000000001e-06, 'lm_loss': 0.0, 'pchembl_loss': 0.2384263575077057, 'ranking_loss': 0.0, 'total_loss': 0.23606039583683014, 'epoch': 26.037735849056602}
{'loss': 0.2325, 'grad_norm': 0.7376656532287598, 'learning_rate': 4.79622641509434e-06, 'lm_loss': 0.0, 'pchembl_loss': 0.3156054615974426, 'ranking_loss': 0.0, 'total_loss': 0.31247198581695557, 'epoch': 26.056603773584907}
{'loss': 0.2425, 'grad_norm': 0.9577410221099854, 'learning_rate': 4.79245283018868e-06, 'lm_loss': 0.0, 'pchembl_loss': 0.2734575867652893, 'ranking_loss': 0.0, 'total_loss': 0.27074113488197327, 'epoch': 26.07547169811321}
{'loss': 0.2394, 'grad_norm': 0.6749863624572754, 'learning_rate': 4.7886792452830195e-06, 'lm_loss': 0.0, 'pchembl_loss': 0.28211820125579834, 'ranking_loss': 0.0, 'total_loss': 0.279314249753952, 'epoch': 26.09433962264151}
{'loss': 0.2396, 'grad_norm': 1.204095482826233, 'learning_rate': 4.7849056603773594e-06, 'lm_loss': 0.0, 'pchembl_loss': 0.22887542843818665, 'ranking_loss': 0.0, 'total_loss': 0.22659942507743835, 'epoch': 26.11320754716981}
{'loss': 0.2371, 'grad_norm': 0.6098341941833496, 'learning_rate': 4.7811320754716985e-06, 'lm_loss': 0.0, 'pchembl_loss': 0.22645556926727295, 'ranking_loss': 0.0, 'total_loss': 0.2242024689912796, 'epoch': 26.132075471698112}
{'loss': 0.2412, 'grad_norm': 0.8633022308349609, 'learning_rate': 4.777358490566038e-06, 'lm_loss': 0.0, 'pchembl_loss': 0.2963975965976715, 'ranking_loss': 0.0, 'total_loss': 0.2934470772743225, 'epoch': 26.150943396226417}
{'loss': 0.2378, 'grad_norm': 0.9731813073158264, 'learning_rate': 4.7735849056603775e-06, 'lm_loss': 0.0, 'pchembl_loss': 0.26743900775909424, 'ranking_loss': 0.0, 'total_loss': 0.2647753655910492, 'epoch': 26.169811320754718}
{'loss': 0.2404, 'grad_norm': 0.7054023742675781, 'learning_rate': 4.769811320754717e-06, 'lm_loss': 0.0, 'pchembl_loss': 0.2505829930305481, 'ranking_loss': 0.0, 'total_loss': 0.24808591604232788, 'epoch': 26.18867924528302}
{'loss': 0.2363, 'grad_norm': 0.6874512434005737, 'learning_rate': 4.766037735849057e-06, 'lm_loss': 0.0, 'pchembl_loss': 0.2376893013715744, 'ranking_loss': 0.0, 'total_loss': 0.23531946539878845, 'epoch': 26.20754716981132}
{'loss': 0.2384, 'grad_norm': 0.44053930044174194, 'learning_rate': 4.762264150943396e-06, 'lm_loss': 0.0, 'pchembl_loss': 0.24078039824962616, 'ranking_loss': 0.0, 'total_loss': 0.23837848007678986, 'epoch': 26.22641509433962}
{'loss': 0.2372, 'grad_norm': 0.5560656785964966, 'learning_rate': 4.758490566037736e-06, 'lm_loss': 0.0, 'pchembl_loss': 0.25977957248687744, 'ranking_loss': 0.0, 'total_loss': 0.25718677043914795, 'epoch': 26.245283018867923}
{'loss': 0.2295, 'grad_norm': 0.43721234798431396, 'learning_rate': 4.754716981132076e-06, 'lm_loss': 0.0, 'pchembl_loss': 0.2087012082338333, 'ranking_loss': 0.0, 'total_loss': 0.2066171020269394, 'epoch': 26.264150943396228}
{'loss': 0.2364, 'grad_norm': 0.46681681275367737, 'learning_rate': 4.750943396226415e-06, 'lm_loss': 0.0, 'pchembl_loss': 0.26898691058158875, 'ranking_loss': 0.0, 'total_loss': 0.26629939675331116, 'epoch': 26.28301886792453}
{'loss': 0.2319, 'grad_norm': 0.451787531375885, 'learning_rate': 4.747169811320755e-06, 'lm_loss': 0.0, 'pchembl_loss': 0.22096817195415497, 'ranking_loss': 0.0, 'total_loss': 0.21875928342342377, 'epoch': 26.30188679245283}
{'loss': 0.2386, 'grad_norm': 0.6608208417892456, 'learning_rate': 4.743396226415094e-06, 'lm_loss': 0.0, 'pchembl_loss': 0.27441978454589844, 'ranking_loss': 0.0, 'total_loss': 0.27167513966560364, 'epoch': 26.32075471698113}
{'loss': 0.2325, 'grad_norm': 1.2910159826278687, 'learning_rate': 4.739622641509434e-06, 'lm_loss': 0.0, 'pchembl_loss': 0.2907730042934418, 'ranking_loss': 0.0, 'total_loss': 0.2878633141517639, 'epoch': 26.339622641509433}
{'loss': 0.237, 'grad_norm': 1.3755496740341187, 'learning_rate': 4.735849056603774e-06, 'lm_loss': 0.0, 'pchembl_loss': 0.2328866571187973, 'ranking_loss': 0.0, 'total_loss': 0.23055502772331238, 'epoch': 26.358490566037737}
{'loss': 0.2377, 'grad_norm': 1.0360527038574219, 'learning_rate': 4.732075471698114e-06, 'lm_loss': 0.0, 'pchembl_loss': 0.2658543586730957, 'ranking_loss': 0.0, 'total_loss': 0.2631913423538208, 'epoch': 26.37735849056604}
{'loss': 0.237, 'grad_norm': 0.5263668298721313, 'learning_rate': 4.728301886792453e-06, 'lm_loss': 0.0, 'pchembl_loss': 0.22240492701530457, 'ranking_loss': 0.0, 'total_loss': 0.22017604112625122, 'epoch': 26.39622641509434}
{'loss': 0.2369, 'grad_norm': 0.770256757736206, 'learning_rate': 4.724528301886793e-06, 'lm_loss': 0.0, 'pchembl_loss': 0.22531665861606598, 'ranking_loss': 0.0, 'total_loss': 0.22305746376514435, 'epoch': 26.41509433962264}
{'loss': 0.2398, 'grad_norm': 0.7642956376075745, 'learning_rate': 4.720754716981132e-06, 'lm_loss': 0.0, 'pchembl_loss': 0.28240808844566345, 'ranking_loss': 0.0, 'total_loss': 0.27957504987716675, 'epoch': 26.433962264150942}
{'loss': 0.2398, 'grad_norm': 0.6487389206886292, 'learning_rate': 4.716981132075472e-06, 'lm_loss': 0.0, 'pchembl_loss': 0.22693175077438354, 'ranking_loss': 0.0, 'total_loss': 0.22465409338474274, 'epoch': 26.452830188679247}
{'loss': 0.2368, 'grad_norm': 1.695739507675171, 'learning_rate': 4.713207547169812e-06, 'lm_loss': 0.0, 'pchembl_loss': 0.2710544168949127, 'ranking_loss': 0.0, 'total_loss': 0.2683325409889221, 'epoch': 26.471698113207548}
{'loss': 0.2354, 'grad_norm': 0.834274411201477, 'learning_rate': 4.709433962264151e-06, 'lm_loss': 0.0, 'pchembl_loss': 0.23786909878253937, 'ranking_loss': 0.0, 'total_loss': 0.23547931015491486, 'epoch': 26.49056603773585}
{'loss': 0.2342, 'grad_norm': 0.6287779808044434, 'learning_rate': 4.705660377358491e-06, 'lm_loss': 0.0, 'pchembl_loss': 0.19545604288578033, 'ranking_loss': 0.0, 'total_loss': 0.19349141418933868, 'epoch': 26.50943396226415}
{'loss': 0.2371, 'grad_norm': 1.025712251663208, 'learning_rate': 4.701886792452831e-06, 'lm_loss': 0.0, 'pchembl_loss': 0.19555270671844482, 'ranking_loss': 0.0, 'total_loss': 0.19358614087104797, 'epoch': 26.528301886792452}
{'loss': 0.2348, 'grad_norm': 1.1873196363449097, 'learning_rate': 4.69811320754717e-06, 'lm_loss': 0.0, 'pchembl_loss': 0.27536287903785706, 'ranking_loss': 0.0, 'total_loss': 0.27259236574172974, 'epoch': 26.547169811320753}
{'loss': 0.2387, 'grad_norm': 0.6118330955505371, 'learning_rate': 4.69433962264151e-06, 'lm_loss': 0.0, 'pchembl_loss': 0.27255991101264954, 'ranking_loss': 0.0, 'total_loss': 0.2698162794113159, 'epoch': 26.566037735849058}
{'loss': 0.2387, 'grad_norm': 1.2273459434509277, 'learning_rate': 4.690566037735849e-06, 'lm_loss': 0.0, 'pchembl_loss': 0.2690454423427582, 'ranking_loss': 0.0, 'total_loss': 0.2663358747959137, 'epoch': 26.58490566037736}
{'loss': 0.2376, 'grad_norm': 2.110515594482422, 'learning_rate': 4.686792452830189e-06, 'lm_loss': 0.0, 'pchembl_loss': 0.24359847605228424, 'ranking_loss': 0.0, 'total_loss': 0.24114401638507843, 'epoch': 26.60377358490566}
{'loss': 0.2369, 'grad_norm': 0.599877119064331, 'learning_rate': 4.683018867924529e-06, 'lm_loss': 0.0, 'pchembl_loss': 0.21999259293079376, 'ranking_loss': 0.0, 'total_loss': 0.21777497231960297, 'epoch': 26.62264150943396}
{'loss': 0.2394, 'grad_norm': 0.8448982834815979, 'learning_rate': 4.6792452830188686e-06, 'lm_loss': 0.0, 'pchembl_loss': 0.22396104037761688, 'ranking_loss': 0.0, 'total_loss': 0.22170236706733704, 'epoch': 26.641509433962263}
{'loss': 0.2388, 'grad_norm': 1.7089303731918335, 'learning_rate': 4.6754716981132085e-06, 'lm_loss': 0.0, 'pchembl_loss': 0.275150328874588, 'ranking_loss': 0.0, 'total_loss': 0.27237412333488464, 'epoch': 26.660377358490567}
{'loss': 0.2371, 'grad_norm': 0.9576021432876587, 'learning_rate': 4.6716981132075476e-06, 'lm_loss': 0.0, 'pchembl_loss': 0.263296514749527, 'ranking_loss': 0.0, 'total_loss': 0.2606387138366699, 'epoch': 26.67924528301887}
{'loss': 0.2387, 'grad_norm': 1.3654725551605225, 'learning_rate': 4.667924528301887e-06, 'lm_loss': 0.0, 'pchembl_loss': 0.16235023736953735, 'ranking_loss': 0.0, 'total_loss': 0.1607106775045395, 'epoch': 26.69811320754717}
{'loss': 0.2365, 'grad_norm': 1.2540433406829834, 'learning_rate': 4.6641509433962265e-06, 'lm_loss': 0.0, 'pchembl_loss': 0.1630595326423645, 'ranking_loss': 0.0, 'total_loss': 0.1614120602607727, 'epoch': 26.71698113207547}
{'loss': 0.2418, 'grad_norm': 0.7148052453994751, 'learning_rate': 4.6603773584905665e-06, 'lm_loss': 0.0, 'pchembl_loss': 0.23719848692417145, 'ranking_loss': 0.0, 'total_loss': 0.23480090498924255, 'epoch': 26.735849056603772}
{'loss': 0.2362, 'grad_norm': 0.6669923067092896, 'learning_rate': 4.656603773584906e-06, 'lm_loss': 0.0, 'pchembl_loss': 0.19407100975513458, 'ranking_loss': 0.0, 'total_loss': 0.19210846722126007, 'epoch': 26.754716981132077}
{'loss': 0.2347, 'grad_norm': 1.6454577445983887, 'learning_rate': 4.6528301886792454e-06, 'lm_loss': 0.0, 'pchembl_loss': 0.19824056327342987, 'ranking_loss': 0.0, 'total_loss': 0.19623495638370514, 'epoch': 26.77358490566038}
{'loss': 0.2329, 'grad_norm': 1.221116304397583, 'learning_rate': 4.649056603773585e-06, 'lm_loss': 0.0, 'pchembl_loss': 0.25685352087020874, 'ranking_loss': 0.0, 'total_loss': 0.2542537748813629, 'epoch': 26.79245283018868}
{'loss': 0.2404, 'grad_norm': 1.0889233350753784, 'learning_rate': 4.645283018867925e-06, 'lm_loss': 0.0, 'pchembl_loss': 0.22075141966342926, 'ranking_loss': 0.0, 'total_loss': 0.21851611137390137, 'epoch': 26.81132075471698}
{'loss': 0.2367, 'grad_norm': 1.6183956861495972, 'learning_rate': 4.641509433962264e-06, 'lm_loss': 0.0, 'pchembl_loss': 0.25915729999542236, 'ranking_loss': 0.0, 'total_loss': 0.2565319240093231, 'epoch': 26.830188679245282}
{'loss': 0.2376, 'grad_norm': 0.5621472001075745, 'learning_rate': 4.637735849056604e-06, 'lm_loss': 0.0, 'pchembl_loss': 0.21277424693107605, 'ranking_loss': 0.0, 'total_loss': 0.2106178253889084, 'epoch': 26.849056603773583}
{'loss': 0.2342, 'grad_norm': 0.934057891368866, 'learning_rate': 4.633962264150943e-06, 'lm_loss': 0.0, 'pchembl_loss': 0.25503772497177124, 'ranking_loss': 0.0, 'total_loss': 0.2524518668651581, 'epoch': 26.867924528301888}
{'loss': 0.2372, 'grad_norm': 0.9621618986129761, 'learning_rate': 4.630188679245283e-06, 'lm_loss': 0.0, 'pchembl_loss': 0.2923448085784912, 'ranking_loss': 0.0, 'total_loss': 0.289379358291626, 'epoch': 26.88679245283019}
{'loss': 0.2398, 'grad_norm': 0.6801427602767944, 'learning_rate': 4.626415094339623e-06, 'lm_loss': 0.0, 'pchembl_loss': 0.2300642728805542, 'ranking_loss': 0.0, 'total_loss': 0.22772954404354095, 'epoch': 26.90566037735849}
{'loss': 0.238, 'grad_norm': 0.5910237431526184, 'learning_rate': 4.622641509433963e-06, 'lm_loss': 0.0, 'pchembl_loss': 0.25464892387390137, 'ranking_loss': 0.0, 'total_loss': 0.2520635426044464, 'epoch': 26.92452830188679}
{'loss': 0.2418, 'grad_norm': 0.7096534967422485, 'learning_rate': 4.618867924528302e-06, 'lm_loss': 0.0, 'pchembl_loss': 0.185235396027565, 'ranking_loss': 0.0, 'total_loss': 0.18335388600826263, 'epoch': 26.943396226415093}
{'loss': 0.2404, 'grad_norm': 0.4976500868797302, 'learning_rate': 4.615094339622642e-06, 'lm_loss': 0.0, 'pchembl_loss': 0.2251589149236679, 'ranking_loss': 0.0, 'total_loss': 0.2228708267211914, 'epoch': 26.962264150943398}
{'loss': 0.2438, 'grad_norm': 0.5644581317901611, 'learning_rate': 4.611320754716981e-06, 'lm_loss': 0.0, 'pchembl_loss': 0.27814310789108276, 'ranking_loss': 0.0, 'total_loss': 0.2753152549266815, 'epoch': 26.9811320754717}
{'loss': 0.2357, 'grad_norm': 0.7204526662826538, 'learning_rate': 4.607547169811321e-06, 'lm_loss': 0.0, 'pchembl_loss': 0.23202496767044067, 'ranking_loss': 0.0, 'total_loss': 0.2296648919582367, 'epoch': 27.0}
{'eval_loss': 0.22892607748508453, 'eval_pchembl_norm_mse': 0.41124874353408813, 'eval_pchembl_norm_mae': 0.46581578254699707, 'eval_pchembl_norm_rmse': 0.6412867903709412, 'eval_pchembl_r2': 0.5812503099441528, 'eval_pchembl_count': 20000, 'eval_pchembl_norm_mean_pred': -0.02447567693889141, 'eval_pchembl_norm_std_pred': 0.781347393989563, 'eval_pchembl_norm_mean_true': -0.02121046371757984, 'eval_pchembl_norm_std_true': 0.9910030961036682, 'eval_pchembl_raw_mse': 0.7631756067276001, 'eval_pchembl_raw_mae': 0.6345621943473816, 'eval_pchembl_raw_rmse': 0.8735992312431335, 'eval_pchembl_raw_pearson': 0.7628347281860044, 'eval_pchembl_raw_spearman': 0.764041760073867, 'eval_runtime': 8.9485, 'eval_samples_per_second': 1176.842, 'eval_steps_per_second': 0.112, 'epoch': 27.0}
{'eval_lm_loss': 0.0, 'eval_pchembl_loss': 0.2307422659546137, 'eval_ranking_loss': 0.0, 'eval_total_loss': 0.22839412197470665, 'epoch': 27.0}
{'eval_evaluation_time_sec': 9.00121982395649, 'epoch': 27.0}
{'loss': 0.2329, 'grad_norm': 0.867551326751709, 'learning_rate': 4.603773584905661e-06, 'lm_loss': 0.0, 'pchembl_loss': 0.24080848693847656, 'ranking_loss': 0.0, 'total_loss': 0.23835790157318115, 'epoch': 27.0188679245283}
{'loss': 0.2335, 'grad_norm': 0.4719575345516205, 'learning_rate': 4.600000000000001e-06, 'lm_loss': 0.0, 'pchembl_loss': 0.21148745715618134, 'ranking_loss': 0.0, 'total_loss': 0.20933423936367035, 'epoch': 27.037735849056602}
{'loss': 0.2369, 'grad_norm': 0.8814662098884583, 'learning_rate': 4.59622641509434e-06, 'lm_loss': 0.0, 'pchembl_loss': 0.2656671106815338, 'ranking_loss': 0.0, 'total_loss': 0.2629610002040863, 'epoch': 27.056603773584907}
{'loss': 0.2377, 'grad_norm': 0.6717405319213867, 'learning_rate': 4.59245283018868e-06, 'lm_loss': 0.0, 'pchembl_loss': 0.20859263837337494, 'ranking_loss': 0.0, 'total_loss': 0.20646686851978302, 'epoch': 27.07547169811321}
{'loss': 0.238, 'grad_norm': 0.6932404637336731, 'learning_rate': 4.588679245283019e-06, 'lm_loss': 0.0, 'pchembl_loss': 0.22077676653862, 'ranking_loss': 0.0, 'total_loss': 0.2185257524251938, 'epoch': 27.09433962264151}
{'loss': 0.2363, 'grad_norm': 0.6850423216819763, 'learning_rate': 4.584905660377359e-06, 'lm_loss': 0.0, 'pchembl_loss': 0.27275073528289795, 'ranking_loss': 0.0, 'total_loss': 0.2699684500694275, 'epoch': 27.11320754716981}
{'loss': 0.2365, 'grad_norm': 1.0550380945205688, 'learning_rate': 4.581132075471699e-06, 'lm_loss': 0.0, 'pchembl_loss': 0.25402411818504333, 'ranking_loss': 0.0, 'total_loss': 0.2514316141605377, 'epoch': 27.132075471698112}
{'loss': 0.2325, 'grad_norm': 0.56987065076828, 'learning_rate': 4.577358490566038e-06, 'lm_loss': 0.0, 'pchembl_loss': 0.22740957140922546, 'ranking_loss': 0.0, 'total_loss': 0.22508758306503296, 'epoch': 27.150943396226417}
{'loss': 0.2383, 'grad_norm': 0.5411063432693481, 'learning_rate': 4.573584905660378e-06, 'lm_loss': 0.0, 'pchembl_loss': 0.20085681974887848, 'ranking_loss': 0.0, 'total_loss': 0.19880497455596924, 'epoch': 27.169811320754718}
{'loss': 0.2363, 'grad_norm': 0.8428218364715576, 'learning_rate': 4.569811320754718e-06, 'lm_loss': 0.0, 'pchembl_loss': 0.2521980404853821, 'ranking_loss': 0.0, 'total_loss': 0.2496204823255539, 'epoch': 27.18867924528302}
{'loss': 0.2362, 'grad_norm': 0.8924955129623413, 'learning_rate': 4.566037735849057e-06, 'lm_loss': 0.0, 'pchembl_loss': 0.29029643535614014, 'ranking_loss': 0.0, 'total_loss': 0.2873280644416809, 'epoch': 27.20754716981132}
{'loss': 0.2378, 'grad_norm': 0.49190688133239746, 'learning_rate': 4.562264150943397e-06, 'lm_loss': 0.0, 'pchembl_loss': 0.22392863035202026, 'ranking_loss': 0.0, 'total_loss': 0.2216377854347229, 'epoch': 27.22641509433962}
{'loss': 0.2358, 'grad_norm': 1.2577415704727173, 'learning_rate': 4.558490566037736e-06, 'lm_loss': 0.0, 'pchembl_loss': 0.2432398945093155, 'ranking_loss': 0.0, 'total_loss': 0.2407502830028534, 'epoch': 27.245283018867923}
{'loss': 0.2346, 'grad_norm': 0.8195035457611084, 'learning_rate': 4.554716981132076e-06, 'lm_loss': 0.0, 'pchembl_loss': 0.24493972957134247, 'ranking_loss': 0.0, 'total_loss': 0.24243153631687164, 'epoch': 27.264150943396228}
{'loss': 0.2374, 'grad_norm': 0.5065404176712036, 'learning_rate': 4.5509433962264155e-06, 'lm_loss': 0.0, 'pchembl_loss': 0.2619467079639435, 'ranking_loss': 0.0, 'total_loss': 0.2592630982398987, 'epoch': 27.28301886792453}
{'loss': 0.2322, 'grad_norm': 1.334781289100647, 'learning_rate': 4.547169811320755e-06, 'lm_loss': 0.0, 'pchembl_loss': 0.24923741817474365, 'ranking_loss': 0.0, 'total_loss': 0.246682807803154, 'epoch': 27.30188679245283}
{'loss': 0.2335, 'grad_norm': 0.4880315363407135, 'learning_rate': 4.543396226415095e-06, 'lm_loss': 0.0, 'pchembl_loss': 0.2754285931587219, 'ranking_loss': 0.0, 'total_loss': 0.27260419726371765, 'epoch': 27.32075471698113}
{'loss': 0.2373, 'grad_norm': 0.4778062105178833, 'learning_rate': 4.539622641509434e-06, 'lm_loss': 0.0, 'pchembl_loss': 0.19260035455226898, 'ranking_loss': 0.0, 'total_loss': 0.1906244158744812, 'epoch': 27.339622641509433}
{'loss': 0.2327, 'grad_norm': 0.9464163184165955, 'learning_rate': 4.5358490566037735e-06, 'lm_loss': 0.0, 'pchembl_loss': 0.2100115567445755, 'ranking_loss': 0.0, 'total_loss': 0.2078559845685959, 'epoch': 27.358490566037737}
{'loss': 0.2367, 'grad_norm': 0.4229837656021118, 'learning_rate': 4.532075471698113e-06, 'lm_loss': 0.0, 'pchembl_loss': 0.25678277015686035, 'ranking_loss': 0.0, 'total_loss': 0.25414592027664185, 'epoch': 27.37735849056604}
{'loss': 0.2396, 'grad_norm': 0.7770107388496399, 'learning_rate': 4.528301886792453e-06, 'lm_loss': 0.0, 'pchembl_loss': 0.21180316805839539, 'ranking_loss': 0.0, 'total_loss': 0.2096271812915802, 'epoch': 27.39622641509434}
{'loss': 0.235, 'grad_norm': 0.46970707178115845, 'learning_rate': 4.524528301886793e-06, 'lm_loss': 0.0, 'pchembl_loss': 0.2717672884464264, 'ranking_loss': 0.0, 'total_loss': 0.2689739465713501, 'epoch': 27.41509433962264}
{'loss': 0.2359, 'grad_norm': 0.896999716758728, 'learning_rate': 4.520754716981132e-06, 'lm_loss': 0.0, 'pchembl_loss': 0.24520431458950043, 'ranking_loss': 0.0, 'total_loss': 0.2426828145980835, 'epoch': 27.433962264150942}
{'loss': 0.2337, 'grad_norm': 0.45206817984580994, 'learning_rate': 4.516981132075472e-06, 'lm_loss': 0.0, 'pchembl_loss': 0.25930026173591614, 'ranking_loss': 0.0, 'total_loss': 0.256632536649704, 'epoch': 27.452830188679247}
{'loss': 0.2409, 'grad_norm': 0.7846466898918152, 'learning_rate': 4.513207547169812e-06, 'lm_loss': 0.0, 'pchembl_loss': 0.31375768780708313, 'ranking_loss': 0.0, 'total_loss': 0.3105281889438629, 'epoch': 27.471698113207548}
{'loss': 0.2333, 'grad_norm': 0.589577853679657, 'learning_rate': 4.509433962264151e-06, 'lm_loss': 0.0, 'pchembl_loss': 0.2154419720172882, 'ranking_loss': 0.0, 'total_loss': 0.2132233828306198, 'epoch': 27.49056603773585}
{'loss': 0.2333, 'grad_norm': 0.6206915378570557, 'learning_rate': 4.505660377358491e-06, 'lm_loss': 0.0, 'pchembl_loss': 0.2991086542606354, 'ranking_loss': 0.0, 'total_loss': 0.2960270345211029, 'epoch': 27.50943396226415}
{'loss': 0.2343, 'grad_norm': 0.49126338958740234, 'learning_rate': 4.50188679245283e-06, 'lm_loss': 0.0, 'pchembl_loss': 0.34908542037010193, 'ranking_loss': 0.0, 'total_loss': 0.34548717737197876, 'epoch': 27.528301886792452}
{'loss': 0.2359, 'grad_norm': 0.5158665776252747, 'learning_rate': 4.49811320754717e-06, 'lm_loss': 0.0, 'pchembl_loss': 0.3027938902378082, 'ranking_loss': 0.0, 'total_loss': 0.29967132210731506, 'epoch': 27.547169811320753}
{'loss': 0.2364, 'grad_norm': 0.8019912242889404, 'learning_rate': 4.49433962264151e-06, 'lm_loss': 0.0, 'pchembl_loss': 0.24237865209579468, 'ranking_loss': 0.0, 'total_loss': 0.23987793922424316, 'epoch': 27.566037735849058}
{'loss': 0.2364, 'grad_norm': 0.5582577586174011, 'learning_rate': 4.49056603773585e-06, 'lm_loss': 0.0, 'pchembl_loss': 0.24787627160549164, 'ranking_loss': 0.0, 'total_loss': 0.24531762301921844, 'epoch': 27.58490566037736}
{'loss': 0.2381, 'grad_norm': 1.0535892248153687, 'learning_rate': 4.486792452830189e-06, 'lm_loss': 0.0, 'pchembl_loss': 0.22839820384979248, 'ranking_loss': 0.0, 'total_loss': 0.22603949904441833, 'epoch': 27.60377358490566}
{'loss': 0.2388, 'grad_norm': 1.8966258764266968, 'learning_rate': 4.483018867924528e-06, 'lm_loss': 0.0, 'pchembl_loss': 0.2189256101846695, 'ranking_loss': 0.0, 'total_loss': 0.216663658618927, 'epoch': 27.62264150943396}
{'loss': 0.2339, 'grad_norm': 0.5813995599746704, 'learning_rate': 4.479245283018868e-06, 'lm_loss': 0.0, 'pchembl_loss': 0.2775513827800751, 'ranking_loss': 0.0, 'total_loss': 0.2746824324131012, 'epoch': 27.641509433962263}
{'loss': 0.2352, 'grad_norm': 1.6104371547698975, 'learning_rate': 4.475471698113208e-06, 'lm_loss': 0.0, 'pchembl_loss': 0.2279452532529831, 'ranking_loss': 0.0, 'total_loss': 0.22558799386024475, 'epoch': 27.660377358490567}
{'loss': 0.2347, 'grad_norm': 1.0901563167572021, 'learning_rate': 4.471698113207548e-06, 'lm_loss': 0.0, 'pchembl_loss': 0.2714521884918213, 'ranking_loss': 0.0, 'total_loss': 0.2686437964439392, 'epoch': 27.67924528301887}
{'loss': 0.2373, 'grad_norm': 0.8506200909614563, 'learning_rate': 4.467924528301888e-06, 'lm_loss': 0.0, 'pchembl_loss': 0.18398065865039825, 'ranking_loss': 0.0, 'total_loss': 0.18207640945911407, 'epoch': 27.69811320754717}
{'loss': 0.239, 'grad_norm': 1.574725866317749, 'learning_rate': 4.464150943396227e-06, 'lm_loss': 0.0, 'pchembl_loss': 0.24749648571014404, 'ranking_loss': 0.0, 'total_loss': 0.24493370950222015, 'epoch': 27.71698113207547}
{'loss': 0.2379, 'grad_norm': 1.8504682779312134, 'learning_rate': 4.460377358490567e-06, 'lm_loss': 0.0, 'pchembl_loss': 0.2711249589920044, 'ranking_loss': 0.0, 'total_loss': 0.2683163285255432, 'epoch': 27.735849056603772}
{'loss': 0.2363, 'grad_norm': 1.1946457624435425, 'learning_rate': 4.456603773584906e-06, 'lm_loss': 0.0, 'pchembl_loss': 0.205662339925766, 'ranking_loss': 0.0, 'total_loss': 0.20353096723556519, 'epoch': 27.754716981132077}
{'loss': 0.2376, 'grad_norm': 1.3145726919174194, 'learning_rate': 4.452830188679246e-06, 'lm_loss': 0.0, 'pchembl_loss': 0.24099081754684448, 'ranking_loss': 0.0, 'total_loss': 0.23849229514598846, 'epoch': 27.77358490566038}
{'loss': 0.2351, 'grad_norm': 2.098393201828003, 'learning_rate': 4.4490566037735856e-06, 'lm_loss': 0.0, 'pchembl_loss': 0.24893079698085785, 'ranking_loss': 0.0, 'total_loss': 0.24634891748428345, 'epoch': 27.79245283018868}
{'loss': 0.2344, 'grad_norm': 1.2802231311798096, 'learning_rate': 4.445283018867925e-06, 'lm_loss': 0.0, 'pchembl_loss': 0.29701292514801025, 'ranking_loss': 0.0, 'total_loss': 0.29393115639686584, 'epoch': 27.81132075471698}
{'loss': 0.2352, 'grad_norm': 1.0784968137741089, 'learning_rate': 4.4415094339622646e-06, 'lm_loss': 0.0, 'pchembl_loss': 0.2167005091905594, 'ranking_loss': 0.0, 'total_loss': 0.21445119380950928, 'epoch': 27.830188679245282}
{'loss': 0.2407, 'grad_norm': 1.0842559337615967, 'learning_rate': 4.4377358490566045e-06, 'lm_loss': 0.0, 'pchembl_loss': 0.20936913788318634, 'ranking_loss': 0.0, 'total_loss': 0.20719508826732635, 'epoch': 27.849056603773583}
{'loss': 0.236, 'grad_norm': 1.092708706855774, 'learning_rate': 4.4339622641509435e-06, 'lm_loss': 0.0, 'pchembl_loss': 0.2190328985452652, 'ranking_loss': 0.0, 'total_loss': 0.2167576104402542, 'epoch': 27.867924528301888}
{'loss': 0.2364, 'grad_norm': 1.2002133131027222, 'learning_rate': 4.4301886792452834e-06, 'lm_loss': 0.0, 'pchembl_loss': 0.25635963678359985, 'ranking_loss': 0.0, 'total_loss': 0.253695547580719, 'epoch': 27.88679245283019}
{'loss': 0.2366, 'grad_norm': 1.0861024856567383, 'learning_rate': 4.4264150943396225e-06, 'lm_loss': 0.0, 'pchembl_loss': 0.2645462453365326, 'ranking_loss': 0.0, 'total_loss': 0.2617959976196289, 'epoch': 27.90566037735849}
{'loss': 0.2369, 'grad_norm': 0.8771914839744568, 'learning_rate': 4.4226415094339624e-06, 'lm_loss': 0.0, 'pchembl_loss': 0.22153222560882568, 'ranking_loss': 0.0, 'total_loss': 0.21922822296619415, 'epoch': 27.92452830188679}
{'loss': 0.2332, 'grad_norm': 0.666172206401825, 'learning_rate': 4.418867924528302e-06, 'lm_loss': 0.0, 'pchembl_loss': 0.25060930848121643, 'ranking_loss': 0.0, 'total_loss': 0.2480018436908722, 'epoch': 27.943396226415093}
{'loss': 0.2369, 'grad_norm': 1.4993762969970703, 'learning_rate': 4.415094339622642e-06, 'lm_loss': 0.0, 'pchembl_loss': 0.2153506875038147, 'ranking_loss': 0.0, 'total_loss': 0.21310913562774658, 'epoch': 27.962264150943398}
{'loss': 0.2347, 'grad_norm': 0.553770899772644, 'learning_rate': 4.411320754716981e-06, 'lm_loss': 0.0, 'pchembl_loss': 0.3187739849090576, 'ranking_loss': 0.0, 'total_loss': 0.3154546022415161, 'epoch': 27.9811320754717}
{'loss': 0.233, 'grad_norm': 0.6463565826416016, 'learning_rate': 4.407547169811321e-06, 'lm_loss': 0.0, 'pchembl_loss': 0.31531545519828796, 'ranking_loss': 0.0, 'total_loss': 0.31203073263168335, 'epoch': 28.0}
{'eval_loss': 0.22717007994651794, 'eval_pchembl_norm_mse': 0.4080166518688202, 'eval_pchembl_norm_mae': 0.4624965786933899, 'eval_pchembl_norm_rmse': 0.6387618184089661, 'eval_pchembl_r2': 0.5845413208007812, 'eval_pchembl_count': 20000, 'eval_pchembl_norm_mean_pred': -0.03904632478952408, 'eval_pchembl_norm_std_pred': 0.7788899540901184, 'eval_pchembl_norm_mean_true': -0.02121046371757984, 'eval_pchembl_norm_std_true': 0.9910030961036682, 'eval_pchembl_raw_mse': 0.7571777105331421, 'eval_pchembl_raw_mae': 0.6300405859947205, 'eval_pchembl_raw_rmse': 0.8701595664024353, 'eval_pchembl_raw_pearson': 0.7650506585584698, 'eval_pchembl_raw_spearman': 0.7651661348232761, 'eval_runtime': 8.9256, 'eval_samples_per_second': 1179.864, 'eval_steps_per_second': 0.112, 'epoch': 28.0}
{'eval_lm_loss': 0.0, 'eval_pchembl_loss': 0.2289460550248623, 'eval_ranking_loss': 0.0, 'eval_total_loss': 0.2265600898861885, 'epoch': 28.0}
{'eval_evaluation_time_sec': 8.959110819036141, 'epoch': 28.0}
{'loss': 0.2333, 'grad_norm': 0.8841284513473511, 'learning_rate': 4.40377358490566e-06, 'lm_loss': 0.0, 'pchembl_loss': 0.2592833936214447, 'ranking_loss': 0.0, 'total_loss': 0.25658127665519714, 'epoch': 28.0188679245283}
{'loss': 0.2364, 'grad_norm': 0.7402904033660889, 'learning_rate': 4.4e-06, 'lm_loss': 0.0, 'pchembl_loss': 0.2539137601852417, 'ranking_loss': 0.0, 'total_loss': 0.2512664794921875, 'epoch': 28.037735849056602}
{'loss': 0.2339, 'grad_norm': 0.4672562777996063, 'learning_rate': 4.39622641509434e-06, 'lm_loss': 0.0, 'pchembl_loss': 0.2265731692314148, 'ranking_loss': 0.0, 'total_loss': 0.2242099493741989, 'epoch': 28.056603773584907}
{'loss': 0.2376, 'grad_norm': 0.5065293312072754, 'learning_rate': 4.39245283018868e-06, 'lm_loss': 0.0, 'pchembl_loss': 0.21975013613700867, 'ranking_loss': 0.0, 'total_loss': 0.217457115650177, 'epoch': 28.07547169811321}
{'loss': 0.2315, 'grad_norm': 1.0414472818374634, 'learning_rate': 4.388679245283019e-06, 'lm_loss': 0.0, 'pchembl_loss': 0.2568957209587097, 'ranking_loss': 0.0, 'total_loss': 0.25421395897865295, 'epoch': 28.09433962264151}
{'loss': 0.2347, 'grad_norm': 0.8380767107009888, 'learning_rate': 4.384905660377359e-06, 'lm_loss': 0.0, 'pchembl_loss': 0.27117347717285156, 'ranking_loss': 0.0, 'total_loss': 0.26834145188331604, 'epoch': 28.11320754716981}
{'loss': 0.2377, 'grad_norm': 0.9172390103340149, 'learning_rate': 4.381132075471698e-06, 'lm_loss': 0.0, 'pchembl_loss': 0.27913913130760193, 'ranking_loss': 0.0, 'total_loss': 0.2762226462364197, 'epoch': 28.132075471698112}
{'loss': 0.2395, 'grad_norm': 1.417755126953125, 'learning_rate': 4.377358490566038e-06, 'lm_loss': 0.0, 'pchembl_loss': 0.2568986713886261, 'ranking_loss': 0.0, 'total_loss': 0.2542133927345276, 'epoch': 28.150943396226417}
{'loss': 0.2351, 'grad_norm': 0.5250679850578308, 'learning_rate': 4.373584905660378e-06, 'lm_loss': 0.0, 'pchembl_loss': 0.26253798604011536, 'ranking_loss': 0.0, 'total_loss': 0.25979262590408325, 'epoch': 28.169811320754718}
{'loss': 0.2394, 'grad_norm': 0.4968513250350952, 'learning_rate': 4.369811320754717e-06, 'lm_loss': 0.0, 'pchembl_loss': 0.24861492216587067, 'ranking_loss': 0.0, 'total_loss': 0.24601402878761292, 'epoch': 28.18867924528302}
{'loss': 0.2408, 'grad_norm': 1.2929508686065674, 'learning_rate': 4.366037735849057e-06, 'lm_loss': 0.0, 'pchembl_loss': 0.2823198139667511, 'ranking_loss': 0.0, 'total_loss': 0.27936506271362305, 'epoch': 28.20754716981132}
{'loss': 0.2357, 'grad_norm': 1.0384868383407593, 'learning_rate': 4.362264150943397e-06, 'lm_loss': 0.0, 'pchembl_loss': 0.288080632686615, 'ranking_loss': 0.0, 'total_loss': 0.28506430983543396, 'epoch': 28.22641509433962}
{'loss': 0.2343, 'grad_norm': 0.7858322262763977, 'learning_rate': 4.358490566037737e-06, 'lm_loss': 0.0, 'pchembl_loss': 0.23345839977264404, 'ranking_loss': 0.0, 'total_loss': 0.2310129553079605, 'epoch': 28.245283018867923}
{'loss': 0.2347, 'grad_norm': 1.0359079837799072, 'learning_rate': 4.354716981132076e-06, 'lm_loss': 0.0, 'pchembl_loss': 0.276508092880249, 'ranking_loss': 0.0, 'total_loss': 0.2736104726791382, 'epoch': 28.264150943396228}
{'loss': 0.2334, 'grad_norm': 0.5993822813034058, 'learning_rate': 4.350943396226415e-06, 'lm_loss': 0.0, 'pchembl_loss': 0.2101185917854309, 'ranking_loss': 0.0, 'total_loss': 0.2079157531261444, 'epoch': 28.28301886792453}
{'loss': 0.2334, 'grad_norm': 0.9339907169342041, 'learning_rate': 4.347169811320755e-06, 'lm_loss': 0.0, 'pchembl_loss': 0.24943222105503082, 'ranking_loss': 0.0, 'total_loss': 0.24681609869003296, 'epoch': 28.30188679245283}
{'loss': 0.2376, 'grad_norm': 0.5467467308044434, 'learning_rate': 4.343396226415095e-06, 'lm_loss': 0.0, 'pchembl_loss': 0.25865334272384644, 'ranking_loss': 0.0, 'total_loss': 0.2559393346309662, 'epoch': 28.32075471698113}
{'loss': 0.2351, 'grad_norm': 0.45536118745803833, 'learning_rate': 4.339622641509435e-06, 'lm_loss': 0.0, 'pchembl_loss': 0.20948711037635803, 'ranking_loss': 0.0, 'total_loss': 0.20728804171085358, 'epoch': 28.339622641509433}
{'loss': 0.2375, 'grad_norm': 1.5352030992507935, 'learning_rate': 4.3358490566037745e-06, 'lm_loss': 0.0, 'pchembl_loss': 0.19763927161693573, 'ranking_loss': 0.0, 'total_loss': 0.1955636739730835, 'epoch': 28.358490566037737}
{'loss': 0.2372, 'grad_norm': 0.5748903751373291, 'learning_rate': 4.332075471698114e-06, 'lm_loss': 0.0, 'pchembl_loss': 0.23794221878051758, 'ranking_loss': 0.0, 'total_loss': 0.23544231057167053, 'epoch': 28.37735849056604}
{'loss': 0.234, 'grad_norm': 1.114851951599121, 'learning_rate': 4.3283018867924535e-06, 'lm_loss': 0.0, 'pchembl_loss': 0.22255247831344604, 'ranking_loss': 0.0, 'total_loss': 0.22021326422691345, 'epoch': 28.39622641509434}
{'loss': 0.2353, 'grad_norm': 0.6083449125289917, 'learning_rate': 4.324528301886793e-06, 'lm_loss': 0.0, 'pchembl_loss': 0.2777518928050995, 'ranking_loss': 0.0, 'total_loss': 0.27483126521110535, 'epoch': 28.41509433962264}
{'loss': 0.2336, 'grad_norm': 0.6671063303947449, 'learning_rate': 4.3207547169811325e-06, 'lm_loss': 0.0, 'pchembl_loss': 0.25799959897994995, 'ranking_loss': 0.0, 'total_loss': 0.25528550148010254, 'epoch': 28.433962264150942}
{'loss': 0.2333, 'grad_norm': 0.41660892963409424, 'learning_rate': 4.316981132075472e-06, 'lm_loss': 0.0, 'pchembl_loss': 0.2646367847919464, 'ranking_loss': 0.0, 'total_loss': 0.2618516981601715, 'epoch': 28.452830188679247}
{'loss': 0.2348, 'grad_norm': 0.6787218451499939, 'learning_rate': 4.3132075471698115e-06, 'lm_loss': 0.0, 'pchembl_loss': 0.22430385649204254, 'ranking_loss': 0.0, 'total_loss': 0.2219422310590744, 'epoch': 28.471698113207548}
{'loss': 0.234, 'grad_norm': 0.49898114800453186, 'learning_rate': 4.309433962264151e-06, 'lm_loss': 0.0, 'pchembl_loss': 0.3025396764278412, 'ranking_loss': 0.0, 'total_loss': 0.2993529736995697, 'epoch': 28.49056603773585}
{'loss': 0.2373, 'grad_norm': 0.929777204990387, 'learning_rate': 4.305660377358491e-06, 'lm_loss': 0.0, 'pchembl_loss': 0.20326095819473267, 'ranking_loss': 0.0, 'total_loss': 0.2011190503835678, 'epoch': 28.50943396226415}
{'loss': 0.2349, 'grad_norm': 0.6359661221504211, 'learning_rate': 4.30188679245283e-06, 'lm_loss': 0.0, 'pchembl_loss': 0.25775280594825745, 'ranking_loss': 0.0, 'total_loss': 0.25503551959991455, 'epoch': 28.528301886792452}
{'loss': 0.2383, 'grad_norm': 0.5883036851882935, 'learning_rate': 4.29811320754717e-06, 'lm_loss': 0.0, 'pchembl_loss': 0.3050795793533325, 'ranking_loss': 0.0, 'total_loss': 0.3018619418144226, 'epoch': 28.547169811320753}
{'loss': 0.2363, 'grad_norm': 0.5942916870117188, 'learning_rate': 4.294339622641509e-06, 'lm_loss': 0.0, 'pchembl_loss': 0.22701679170131683, 'ranking_loss': 0.0, 'total_loss': 0.22462143003940582, 'epoch': 28.566037735849058}
{'loss': 0.2342, 'grad_norm': 1.0425400733947754, 'learning_rate': 4.290566037735849e-06, 'lm_loss': 0.0, 'pchembl_loss': 0.2011236846446991, 'ranking_loss': 0.0, 'total_loss': 0.19900061190128326, 'epoch': 28.58490566037736}
{'loss': 0.2341, 'grad_norm': 0.6960060000419617, 'learning_rate': 4.286792452830189e-06, 'lm_loss': 0.0, 'pchembl_loss': 0.2394171506166458, 'ranking_loss': 0.0, 'total_loss': 0.23688875138759613, 'epoch': 28.60377358490566}
{'loss': 0.235, 'grad_norm': 1.2288192510604858, 'learning_rate': 4.283018867924529e-06, 'lm_loss': 0.0, 'pchembl_loss': 0.18449287116527557, 'ranking_loss': 0.0, 'total_loss': 0.18254366517066956, 'epoch': 28.62264150943396}
{'loss': 0.2364, 'grad_norm': 0.6813201308250427, 'learning_rate': 4.279245283018868e-06, 'lm_loss': 0.0, 'pchembl_loss': 0.2746955156326294, 'ranking_loss': 0.0, 'total_loss': 0.27179205417633057, 'epoch': 28.641509433962263}
{'loss': 0.2354, 'grad_norm': 0.8678418397903442, 'learning_rate': 4.275471698113208e-06, 'lm_loss': 0.0, 'pchembl_loss': 0.2093466967344284, 'ranking_loss': 0.0, 'total_loss': 0.20713301002979279, 'epoch': 28.660377358490567}
{'loss': 0.2316, 'grad_norm': 1.160109043121338, 'learning_rate': 4.271698113207547e-06, 'lm_loss': 0.0, 'pchembl_loss': 0.19280089437961578, 'ranking_loss': 0.0, 'total_loss': 0.1907612830400467, 'epoch': 28.67924528301887}
{'loss': 0.2348, 'grad_norm': 0.4348657429218292, 'learning_rate': 4.267924528301887e-06, 'lm_loss': 0.0, 'pchembl_loss': 0.2765173316001892, 'ranking_loss': 0.0, 'total_loss': 0.2735908627510071, 'epoch': 28.69811320754717}
{'loss': 0.2328, 'grad_norm': 0.9778415560722351, 'learning_rate': 4.264150943396227e-06, 'lm_loss': 0.0, 'pchembl_loss': 0.186433807015419, 'ranking_loss': 0.0, 'total_loss': 0.1844598948955536, 'epoch': 28.71698113207547}
{'loss': 0.2347, 'grad_norm': 0.5052384734153748, 'learning_rate': 4.260377358490567e-06, 'lm_loss': 0.0, 'pchembl_loss': 0.25657549500465393, 'ranking_loss': 0.0, 'total_loss': 0.2538577616214752, 'epoch': 28.735849056603772}
{'loss': 0.2314, 'grad_norm': 0.6322224736213684, 'learning_rate': 4.256603773584906e-06, 'lm_loss': 0.0, 'pchembl_loss': 0.23816634714603424, 'ranking_loss': 0.0, 'total_loss': 0.23564253747463226, 'epoch': 28.754716981132077}
{'loss': 0.2301, 'grad_norm': 0.4179050624370575, 'learning_rate': 4.252830188679246e-06, 'lm_loss': 0.0, 'pchembl_loss': 0.1877214014530182, 'ranking_loss': 0.0, 'total_loss': 0.18573130667209625, 'epoch': 28.77358490566038}
{'loss': 0.2307, 'grad_norm': 0.721301257610321, 'learning_rate': 4.249056603773585e-06, 'lm_loss': 0.0, 'pchembl_loss': 0.20646649599075317, 'ranking_loss': 0.0, 'total_loss': 0.20427674055099487, 'epoch': 28.79245283018868}
{'loss': 0.2351, 'grad_norm': 0.4728728234767914, 'learning_rate': 4.245283018867925e-06, 'lm_loss': 0.0, 'pchembl_loss': 0.26054707169532776, 'ranking_loss': 0.0, 'total_loss': 0.25778254866600037, 'epoch': 28.81132075471698}
{'loss': 0.2356, 'grad_norm': 0.9906457662582397, 'learning_rate': 4.241509433962264e-06, 'lm_loss': 0.0, 'pchembl_loss': 0.1890896111726761, 'ranking_loss': 0.0, 'total_loss': 0.187082439661026, 'epoch': 28.830188679245282}
{'loss': 0.2322, 'grad_norm': 0.6534891724586487, 'learning_rate': 4.237735849056604e-06, 'lm_loss': 0.0, 'pchembl_loss': 0.17747217416763306, 'ranking_loss': 0.0, 'total_loss': 0.1755875200033188, 'epoch': 28.849056603773583}
{'loss': 0.2393, 'grad_norm': 0.4660092294216156, 'learning_rate': 4.233962264150944e-06, 'lm_loss': 0.0, 'pchembl_loss': 0.23870135843753815, 'ranking_loss': 0.0, 'total_loss': 0.23616540431976318, 'epoch': 28.867924528301888}
{'loss': 0.2388, 'grad_norm': 1.8331005573272705, 'learning_rate': 4.230188679245284e-06, 'lm_loss': 0.0, 'pchembl_loss': 0.2089202105998993, 'ranking_loss': 0.0, 'total_loss': 0.2066996991634369, 'epoch': 28.88679245283019}
{'loss': 0.2332, 'grad_norm': 0.8065735101699829, 'learning_rate': 4.226415094339623e-06, 'lm_loss': 0.0, 'pchembl_loss': 0.2524786591529846, 'ranking_loss': 0.0, 'total_loss': 0.24979408085346222, 'epoch': 28.90566037735849}
{'loss': 0.2326, 'grad_norm': 0.4566646218299866, 'learning_rate': 4.222641509433963e-06, 'lm_loss': 0.0, 'pchembl_loss': 0.268967866897583, 'ranking_loss': 0.0, 'total_loss': 0.2661067843437195, 'epoch': 28.92452830188679}
{'loss': 0.2334, 'grad_norm': 1.2237821817398071, 'learning_rate': 4.218867924528302e-06, 'lm_loss': 0.0, 'pchembl_loss': 0.1689113974571228, 'ranking_loss': 0.0, 'total_loss': 0.16711390018463135, 'epoch': 28.943396226415093}
{'loss': 0.2345, 'grad_norm': 0.9263251423835754, 'learning_rate': 4.215094339622642e-06, 'lm_loss': 0.0, 'pchembl_loss': 0.24666666984558105, 'ranking_loss': 0.0, 'total_loss': 0.24404065310955048, 'epoch': 28.962264150943398}
{'loss': 0.2365, 'grad_norm': 0.5100179314613342, 'learning_rate': 4.2113207547169815e-06, 'lm_loss': 0.0, 'pchembl_loss': 0.2136828601360321, 'ranking_loss': 0.0, 'total_loss': 0.21140706539154053, 'epoch': 28.9811320754717}
{'loss': 0.2345, 'grad_norm': 1.3453401327133179, 'learning_rate': 4.2075471698113215e-06, 'lm_loss': 0.0, 'pchembl_loss': 0.29661113023757935, 'ranking_loss': 0.0, 'total_loss': 0.29345083236694336, 'epoch': 29.0}
{'eval_loss': 0.2274642437696457, 'eval_pchembl_norm_mse': 0.40863335132598877, 'eval_pchembl_norm_mae': 0.46283939480781555, 'eval_pchembl_norm_rmse': 0.6392443776130676, 'eval_pchembl_r2': 0.5839133858680725, 'eval_pchembl_count': 20000, 'eval_pchembl_norm_mean_pred': -0.005956090521067381, 'eval_pchembl_norm_std_pred': 0.8126584887504578, 'eval_pchembl_norm_mean_true': -0.02121046371757984, 'eval_pchembl_norm_std_true': 0.9910030961036682, 'eval_pchembl_raw_mse': 0.7583221793174744, 'eval_pchembl_raw_mae': 0.6305075287818909, 'eval_pchembl_raw_rmse': 0.8708169460296631, 'eval_pchembl_raw_pearson': 0.7661915997561684, 'eval_pchembl_raw_spearman': 0.7661097497126487, 'eval_runtime': 8.8963, 'eval_samples_per_second': 1183.756, 'eval_steps_per_second': 0.112, 'epoch': 29.0}
{'eval_lm_loss': 0.0, 'eval_pchembl_loss': 0.22934838362038135, 'eval_ranking_loss': 0.0, 'eval_total_loss': 0.22690376415848731, 'epoch': 29.0}
{'eval_evaluation_time_sec': 8.952357274014503, 'epoch': 29.0}
{'loss': 0.2315, 'grad_norm': 0.95616614818573, 'learning_rate': 4.2037735849056605e-06, 'lm_loss': 0.0, 'pchembl_loss': 0.19326040148735046, 'ranking_loss': 0.0, 'total_loss': 0.19120045006275177, 'epoch': 29.0188679245283}
{'loss': 0.2372, 'grad_norm': 0.7076840400695801, 'learning_rate': 4.2000000000000004e-06, 'lm_loss': 0.0, 'pchembl_loss': 0.2045968919992447, 'ranking_loss': 0.0, 'total_loss': 0.20241521298885345, 'epoch': 29.037735849056602}
{'loss': 0.234, 'grad_norm': 1.050902009010315, 'learning_rate': 4.1962264150943395e-06, 'lm_loss': 0.0, 'pchembl_loss': 0.23852168023586273, 'ranking_loss': 0.0, 'total_loss': 0.23597721755504608, 'epoch': 29.056603773584907}
{'loss': 0.2384, 'grad_norm': 1.2411820888519287, 'learning_rate': 4.1924528301886794e-06, 'lm_loss': 0.0, 'pchembl_loss': 0.21165694296360016, 'ranking_loss': 0.0, 'total_loss': 0.20939815044403076, 'epoch': 29.07547169811321}
{'loss': 0.236, 'grad_norm': 1.2105172872543335, 'learning_rate': 4.188679245283019e-06, 'lm_loss': 0.0, 'pchembl_loss': 0.26844146847724915, 'ranking_loss': 0.0, 'total_loss': 0.2655755281448364, 'epoch': 29.09433962264151}
{'loss': 0.2353, 'grad_norm': 1.3535977602005005, 'learning_rate': 4.184905660377358e-06, 'lm_loss': 0.0, 'pchembl_loss': 0.2027958631515503, 'ranking_loss': 0.0, 'total_loss': 0.20062990486621857, 'epoch': 29.11320754716981}
{'loss': 0.2356, 'grad_norm': 0.9541018605232239, 'learning_rate': 4.181132075471698e-06, 'lm_loss': 0.0, 'pchembl_loss': 0.20993003249168396, 'ranking_loss': 0.0, 'total_loss': 0.20768700540065765, 'epoch': 29.132075471698112}
{'loss': 0.2359, 'grad_norm': 0.986548662185669, 'learning_rate': 4.177358490566038e-06, 'lm_loss': 0.0, 'pchembl_loss': 0.25266584753990173, 'ranking_loss': 0.0, 'total_loss': 0.24996516108512878, 'epoch': 29.150943396226417}
{'loss': 0.2343, 'grad_norm': 1.030635118484497, 'learning_rate': 4.173584905660378e-06, 'lm_loss': 0.0, 'pchembl_loss': 0.20394699275493622, 'ranking_loss': 0.0, 'total_loss': 0.20176617801189423, 'epoch': 29.169811320754718}
{'loss': 0.2373, 'grad_norm': 0.6850041747093201, 'learning_rate': 4.169811320754717e-06, 'lm_loss': 0.0, 'pchembl_loss': 0.30085816979408264, 'ranking_loss': 0.0, 'total_loss': 0.2976398169994354, 'epoch': 29.18867924528302}
{'loss': 0.2326, 'grad_norm': 1.116349697113037, 'learning_rate': 4.166037735849056e-06, 'lm_loss': 0.0, 'pchembl_loss': 0.261483371257782, 'ranking_loss': 0.0, 'total_loss': 0.2586851119995117, 'epoch': 29.20754716981132}
{'loss': 0.2365, 'grad_norm': 0.808892011642456, 'learning_rate': 4.162264150943396e-06, 'lm_loss': 0.0, 'pchembl_loss': 0.2447149157524109, 'ranking_loss': 0.0, 'total_loss': 0.24209505319595337, 'epoch': 29.22641509433962}
{'loss': 0.2347, 'grad_norm': 0.5949689745903015, 'learning_rate': 4.158490566037736e-06, 'lm_loss': 0.0, 'pchembl_loss': 0.2376740276813507, 'ranking_loss': 0.0, 'total_loss': 0.2351285219192505, 'epoch': 29.245283018867923}
{'loss': 0.2284, 'grad_norm': 0.9393390417098999, 'learning_rate': 4.154716981132076e-06, 'lm_loss': 0.0, 'pchembl_loss': 0.1951790750026703, 'ranking_loss': 0.0, 'total_loss': 0.1930878609418869, 'epoch': 29.264150943396228}
{'loss': 0.2396, 'grad_norm': 0.7010331749916077, 'learning_rate': 4.150943396226416e-06, 'lm_loss': 0.0, 'pchembl_loss': 0.28688308596611023, 'ranking_loss': 0.0, 'total_loss': 0.2838080823421478, 'epoch': 29.28301886792453}
{'loss': 0.2357, 'grad_norm': 0.6308832764625549, 'learning_rate': 4.147169811320755e-06, 'lm_loss': 0.0, 'pchembl_loss': 0.20720407366752625, 'ranking_loss': 0.0, 'total_loss': 0.2049822211265564, 'epoch': 29.30188679245283}
{'loss': 0.237, 'grad_norm': 0.8537471294403076, 'learning_rate': 4.143396226415095e-06, 'lm_loss': 0.0, 'pchembl_loss': 0.22305184602737427, 'ranking_loss': 0.0, 'total_loss': 0.22065909206867218, 'epoch': 29.32075471698113}
{'loss': 0.2302, 'grad_norm': 1.768567681312561, 'learning_rate': 4.139622641509434e-06, 'lm_loss': 0.0, 'pchembl_loss': 0.23044417798519135, 'ranking_loss': 0.0, 'total_loss': 0.2279711216688156, 'epoch': 29.339622641509433}
{'loss': 0.2358, 'grad_norm': 0.5144149661064148, 'learning_rate': 4.135849056603774e-06, 'lm_loss': 0.0, 'pchembl_loss': 0.26704075932502747, 'ranking_loss': 0.0, 'total_loss': 0.26417383551597595, 'epoch': 29.358490566037737}
{'loss': 0.2319, 'grad_norm': 1.100970983505249, 'learning_rate': 4.132075471698114e-06, 'lm_loss': 0.0, 'pchembl_loss': 0.23223648965358734, 'ranking_loss': 0.0, 'total_loss': 0.22974224388599396, 'epoch': 29.37735849056604}
{'loss': 0.2329, 'grad_norm': 0.9855334162712097, 'learning_rate': 4.128301886792453e-06, 'lm_loss': 0.0, 'pchembl_loss': 0.27919912338256836, 'ranking_loss': 0.0, 'total_loss': 0.2761993408203125, 'epoch': 29.39622641509434}
{'loss': 0.2358, 'grad_norm': 0.45462143421173096, 'learning_rate': 4.124528301886793e-06, 'lm_loss': 0.0, 'pchembl_loss': 0.21967357397079468, 'ranking_loss': 0.0, 'total_loss': 0.21731241047382355, 'epoch': 29.41509433962264}
{'loss': 0.2336, 'grad_norm': 1.1752593517303467, 'learning_rate': 4.120754716981133e-06, 'lm_loss': 0.0, 'pchembl_loss': 0.1834338754415512, 'ranking_loss': 0.0, 'total_loss': 0.18146145343780518, 'epoch': 29.433962264150942}
{'loss': 0.2305, 'grad_norm': 1.0117542743682861, 'learning_rate': 4.116981132075472e-06, 'lm_loss': 0.0, 'pchembl_loss': 0.2752009928226471, 'ranking_loss': 0.0, 'total_loss': 0.27224066853523254, 'epoch': 29.452830188679247}
{'loss': 0.2286, 'grad_norm': 0.44299834966659546, 'learning_rate': 4.113207547169812e-06, 'lm_loss': 0.0, 'pchembl_loss': 0.23128029704093933, 'ranking_loss': 0.0, 'total_loss': 0.22879144549369812, 'epoch': 29.471698113207548}
{'loss': 0.2356, 'grad_norm': 1.090271234512329, 'learning_rate': 4.109433962264151e-06, 'lm_loss': 0.0, 'pchembl_loss': 0.2286788672208786, 'ranking_loss': 0.0, 'total_loss': 0.22621704638004303, 'epoch': 29.49056603773585}
{'loss': 0.2324, 'grad_norm': 1.0241870880126953, 'learning_rate': 4.105660377358491e-06, 'lm_loss': 0.0, 'pchembl_loss': 0.2517220377922058, 'ranking_loss': 0.0, 'total_loss': 0.2490110695362091, 'epoch': 29.50943396226415}
{'loss': 0.2256, 'grad_norm': 0.5754661560058594, 'learning_rate': 4.101886792452831e-06, 'lm_loss': 0.0, 'pchembl_loss': 0.3036721348762512, 'ranking_loss': 0.0, 'total_loss': 0.30040040612220764, 'epoch': 29.528301886792452}
{'loss': 0.2367, 'grad_norm': 1.1848852634429932, 'learning_rate': 4.0981132075471705e-06, 'lm_loss': 0.0, 'pchembl_loss': 0.22337889671325684, 'ranking_loss': 0.0, 'total_loss': 0.22097128629684448, 'epoch': 29.547169811320753}
{'loss': 0.234, 'grad_norm': 1.207628846168518, 'learning_rate': 4.09433962264151e-06, 'lm_loss': 0.0, 'pchembl_loss': 0.24699907004833221, 'ranking_loss': 0.0, 'total_loss': 0.2443358451128006, 'epoch': 29.566037735849058}
{'loss': 0.2357, 'grad_norm': 0.5560360550880432, 'learning_rate': 4.0905660377358495e-06, 'lm_loss': 0.0, 'pchembl_loss': 0.22480681538581848, 'ranking_loss': 0.0, 'total_loss': 0.22238194942474365, 'epoch': 29.58490566037736}
{'loss': 0.2309, 'grad_norm': 0.6401211023330688, 'learning_rate': 4.0867924528301886e-06, 'lm_loss': 0.0, 'pchembl_loss': 0.23303058743476868, 'ranking_loss': 0.0, 'total_loss': 0.23051604628562927, 'epoch': 29.60377358490566}
{'loss': 0.2302, 'grad_norm': 0.7380820512771606, 'learning_rate': 4.0830188679245285e-06, 'lm_loss': 0.0, 'pchembl_loss': 0.24902404844760895, 'ranking_loss': 0.0, 'total_loss': 0.24633589386940002, 'epoch': 29.62264150943396}
{'loss': 0.2343, 'grad_norm': 0.6786155104637146, 'learning_rate': 4.079245283018868e-06, 'lm_loss': 0.0, 'pchembl_loss': 0.19947108626365662, 'ranking_loss': 0.0, 'total_loss': 0.1973170042037964, 'epoch': 29.641509433962263}
{'loss': 0.2373, 'grad_norm': 0.455547034740448, 'learning_rate': 4.075471698113208e-06, 'lm_loss': 0.0, 'pchembl_loss': 0.305090069770813, 'ranking_loss': 0.0, 'total_loss': 0.3017941117286682, 'epoch': 29.660377358490567}
{'loss': 0.2328, 'grad_norm': 0.6758889555931091, 'learning_rate': 4.071698113207547e-06, 'lm_loss': 0.0, 'pchembl_loss': 0.20792682468891144, 'ranking_loss': 0.0, 'total_loss': 0.20567966997623444, 'epoch': 29.67924528301887}
{'loss': 0.2291, 'grad_norm': 1.3245882987976074, 'learning_rate': 4.067924528301887e-06, 'lm_loss': 0.0, 'pchembl_loss': 0.2363397479057312, 'ranking_loss': 0.0, 'total_loss': 0.2337844967842102, 'epoch': 29.69811320754717}
{'loss': 0.234, 'grad_norm': 0.47670188546180725, 'learning_rate': 4.064150943396226e-06, 'lm_loss': 0.0, 'pchembl_loss': 0.2757527232170105, 'ranking_loss': 0.0, 'total_loss': 0.2727701961994171, 'epoch': 29.71698113207547}
{'loss': 0.2349, 'grad_norm': 0.7853155732154846, 'learning_rate': 4.060377358490566e-06, 'lm_loss': 0.0, 'pchembl_loss': 0.27103206515312195, 'ranking_loss': 0.0, 'total_loss': 0.26809948682785034, 'epoch': 29.735849056603772}
{'loss': 0.2343, 'grad_norm': 0.5905507802963257, 'learning_rate': 4.056603773584906e-06, 'lm_loss': 0.0, 'pchembl_loss': 0.21551090478897095, 'ranking_loss': 0.0, 'total_loss': 0.2131781429052353, 'epoch': 29.754716981132077}
{'loss': 0.2314, 'grad_norm': 0.47382718324661255, 'learning_rate': 4.052830188679245e-06, 'lm_loss': 0.0, 'pchembl_loss': 0.21841399371623993, 'ranking_loss': 0.0, 'total_loss': 0.21604888141155243, 'epoch': 29.77358490566038}
{'loss': 0.2352, 'grad_norm': 0.621683657169342, 'learning_rate': 4.049056603773585e-06, 'lm_loss': 0.0, 'pchembl_loss': 0.25045257806777954, 'ranking_loss': 0.0, 'total_loss': 0.24773947894573212, 'epoch': 29.79245283018868}
{'loss': 0.232, 'grad_norm': 0.5371472835540771, 'learning_rate': 4.045283018867925e-06, 'lm_loss': 0.0, 'pchembl_loss': 0.26497942209243774, 'ranking_loss': 0.0, 'total_loss': 0.26210784912109375, 'epoch': 29.81132075471698}
{'loss': 0.2325, 'grad_norm': 0.7136669158935547, 'learning_rate': 4.041509433962265e-06, 'lm_loss': 0.0, 'pchembl_loss': 0.22002650797367096, 'ranking_loss': 0.0, 'total_loss': 0.21764113008975983, 'epoch': 29.830188679245282}
{'loss': 0.2321, 'grad_norm': 0.4486348032951355, 'learning_rate': 4.037735849056604e-06, 'lm_loss': 0.0, 'pchembl_loss': 0.23698963224887848, 'ranking_loss': 0.0, 'total_loss': 0.2344193309545517, 'epoch': 29.849056603773583}
{'loss': 0.233, 'grad_norm': 0.47444573044776917, 'learning_rate': 4.033962264150943e-06, 'lm_loss': 0.0, 'pchembl_loss': 0.23610757291316986, 'ranking_loss': 0.0, 'total_loss': 0.23354582488536835, 'epoch': 29.867924528301888}
{'loss': 0.2345, 'grad_norm': 0.5809755921363831, 'learning_rate': 4.030188679245283e-06, 'lm_loss': 0.0, 'pchembl_loss': 0.2038918286561966, 'ranking_loss': 0.0, 'total_loss': 0.20167875289916992, 'epoch': 29.88679245283019}
{'loss': 0.2348, 'grad_norm': 0.436343252658844, 'learning_rate': 4.026415094339623e-06, 'lm_loss': 0.0, 'pchembl_loss': 0.30962881445884705, 'ranking_loss': 0.0, 'total_loss': 0.306266725063324, 'epoch': 29.90566037735849}
{'loss': 0.2317, 'grad_norm': 0.46709391474723816, 'learning_rate': 4.022641509433963e-06, 'lm_loss': 0.0, 'pchembl_loss': 0.25920185446739197, 'ranking_loss': 0.0, 'total_loss': 0.2563861906528473, 'epoch': 29.92452830188679}
{'loss': 0.2323, 'grad_norm': 0.9631783962249756, 'learning_rate': 4.018867924528303e-06, 'lm_loss': 0.0, 'pchembl_loss': 0.20732542872428894, 'ranking_loss': 0.0, 'total_loss': 0.20507241785526276, 'epoch': 29.943396226415093}
{'loss': 0.2344, 'grad_norm': 0.48118725419044495, 'learning_rate': 4.015094339622642e-06, 'lm_loss': 0.0, 'pchembl_loss': 0.293120414018631, 'ranking_loss': 0.0, 'total_loss': 0.28993380069732666, 'epoch': 29.962264150943398}
{'loss': 0.2335, 'grad_norm': 0.7778621912002563, 'learning_rate': 4.011320754716982e-06, 'lm_loss': 0.0, 'pchembl_loss': 0.31765875220298767, 'ranking_loss': 0.0, 'total_loss': 0.31420400738716125, 'epoch': 29.9811320754717}
{'loss': 0.2308, 'grad_norm': 0.7306333184242249, 'learning_rate': 4.007547169811321e-06, 'lm_loss': 0.0, 'pchembl_loss': 0.21215426921844482, 'ranking_loss': 0.0, 'total_loss': 0.20984604954719543, 'epoch': 30.0}
{'eval_loss': 0.2252063900232315, 'eval_pchembl_norm_mse': 0.40531039237976074, 'eval_pchembl_norm_mae': 0.4592169523239136, 'eval_pchembl_norm_rmse': 0.6366399526596069, 'eval_pchembl_r2': 0.5872969627380371, 'eval_pchembl_count': 20000, 'eval_pchembl_norm_mean_pred': -0.03489619866013527, 'eval_pchembl_norm_std_pred': 0.7990589737892151, 'eval_pchembl_norm_mean_true': -0.02121046371757984, 'eval_pchembl_norm_std_true': 0.9910030961036682, 'eval_pchembl_raw_mse': 0.7521555423736572, 'eval_pchembl_raw_mae': 0.6255727410316467, 'eval_pchembl_raw_rmse': 0.8672690391540527, 'eval_pchembl_raw_pearson': 0.7674614776970314, 'eval_pchembl_raw_spearman': 0.7675648265144062, 'eval_runtime': 15.2029, 'eval_samples_per_second': 692.695, 'eval_steps_per_second': 0.066, 'epoch': 30.0}
{'eval_lm_loss': 0.0, 'eval_pchembl_loss': 0.22710390828549862, 'eval_ranking_loss': 0.0, 'eval_total_loss': 0.22463205829262733, 'epoch': 30.0}
{'eval_evaluation_time_sec': 15.261636575916782, 'epoch': 30.0}
{'loss': 0.2331, 'grad_norm': 0.49366694688796997, 'learning_rate': 4.003773584905661e-06, 'lm_loss': 0.0, 'pchembl_loss': 0.19058814644813538, 'ranking_loss': 0.0, 'total_loss': 0.18851374089717865, 'epoch': 30.0188679245283}
{'loss': 0.231, 'grad_norm': 1.4205161333084106, 'learning_rate': 4.000000000000001e-06, 'lm_loss': 0.0, 'pchembl_loss': 0.33202651143074036, 'ranking_loss': 0.0, 'total_loss': 0.3284112215042114, 'epoch': 30.037735849056602}
{'loss': 0.2329, 'grad_norm': 1.8520339727401733, 'learning_rate': 3.99622641509434e-06, 'lm_loss': 0.0, 'pchembl_loss': 0.20812949538230896, 'ranking_loss': 0.0, 'total_loss': 0.2058624029159546, 'epoch': 30.056603773584907}
{'loss': 0.2319, 'grad_norm': 0.7488512992858887, 'learning_rate': 3.99245283018868e-06, 'lm_loss': 0.0, 'pchembl_loss': 0.25575315952301025, 'ranking_loss': 0.0, 'total_loss': 0.2529662847518921, 'epoch': 30.07547169811321}
{'loss': 0.2332, 'grad_norm': 1.594071626663208, 'learning_rate': 3.9886792452830196e-06, 'lm_loss': 0.0, 'pchembl_loss': 0.29629772901535034, 'ranking_loss': 0.0, 'total_loss': 0.2930678725242615, 'epoch': 30.09433962264151}
{'loss': 0.2341, 'grad_norm': 1.9717025756835938, 'learning_rate': 3.984905660377359e-06, 'lm_loss': 0.0, 'pchembl_loss': 0.22461652755737305, 'ranking_loss': 0.0, 'total_loss': 0.22216717898845673, 'epoch': 30.11320754716981}
{'loss': 0.2324, 'grad_norm': 1.2413369417190552, 'learning_rate': 3.9811320754716985e-06, 'lm_loss': 0.0, 'pchembl_loss': 0.31590813398361206, 'ranking_loss': 0.0, 'total_loss': 0.31246212124824524, 'epoch': 30.132075471698112}
{'loss': 0.2316, 'grad_norm': 0.5827279686927795, 'learning_rate': 3.977358490566038e-06, 'lm_loss': 0.0, 'pchembl_loss': 0.26637890934944153, 'ranking_loss': 0.0, 'total_loss': 0.26347219944000244, 'epoch': 30.150943396226417}
{'loss': 0.2306, 'grad_norm': 1.6616963148117065, 'learning_rate': 3.9735849056603775e-06, 'lm_loss': 0.0, 'pchembl_loss': 0.22576552629470825, 'ranking_loss': 0.0, 'total_loss': 0.22330114245414734, 'epoch': 30.169811320754718}
{'loss': 0.233, 'grad_norm': 1.12618887424469, 'learning_rate': 3.9698113207547174e-06, 'lm_loss': 0.0, 'pchembl_loss': 0.24978257715702057, 'ranking_loss': 0.0, 'total_loss': 0.24705511331558228, 'epoch': 30.18867924528302}
{'loss': 0.2302, 'grad_norm': 0.4501023590564728, 'learning_rate': 3.966037735849057e-06, 'lm_loss': 0.0, 'pchembl_loss': 0.2340269386768341, 'ranking_loss': 0.0, 'total_loss': 0.23147067427635193, 'epoch': 30.20754716981132}
{'loss': 0.2314, 'grad_norm': 0.9562860727310181, 'learning_rate': 3.962264150943396e-06, 'lm_loss': 0.0, 'pchembl_loss': 0.2586582601070404, 'ranking_loss': 0.0, 'total_loss': 0.2558319866657257, 'epoch': 30.22641509433962}
{'loss': 0.2332, 'grad_norm': 1.383835792541504, 'learning_rate': 3.958490566037736e-06, 'lm_loss': 0.0, 'pchembl_loss': 0.23773296177387238, 'ranking_loss': 0.0, 'total_loss': 0.23513443768024445, 'epoch': 30.245283018867923}
{'loss': 0.232, 'grad_norm': 1.105736494064331, 'learning_rate': 3.954716981132075e-06, 'lm_loss': 0.0, 'pchembl_loss': 0.1692086011171341, 'ranking_loss': 0.0, 'total_loss': 0.16735845804214478, 'epoch': 30.264150943396228}
{'loss': 0.2365, 'grad_norm': 1.625630497932434, 'learning_rate': 3.950943396226415e-06, 'lm_loss': 0.0, 'pchembl_loss': 0.29933708906173706, 'ranking_loss': 0.0, 'total_loss': 0.29606300592422485, 'epoch': 30.28301886792453}
{'loss': 0.2346, 'grad_norm': 1.8412353992462158, 'learning_rate': 3.947169811320755e-06, 'lm_loss': 0.0, 'pchembl_loss': 0.24976076185703278, 'ranking_loss': 0.0, 'total_loss': 0.24702802300453186, 'epoch': 30.30188679245283}
{'loss': 0.2339, 'grad_norm': 1.1095832586288452, 'learning_rate': 3.943396226415095e-06, 'lm_loss': 0.0, 'pchembl_loss': 0.25516441464424133, 'ranking_loss': 0.0, 'total_loss': 0.2523716688156128, 'epoch': 30.32075471698113}
{'loss': 0.2365, 'grad_norm': 0.4782542288303375, 'learning_rate': 3.939622641509434e-06, 'lm_loss': 0.0, 'pchembl_loss': 0.19019128382205963, 'ranking_loss': 0.0, 'total_loss': 0.18810899555683136, 'epoch': 30.339622641509433}
{'loss': 0.2303, 'grad_norm': 1.1652573347091675, 'learning_rate': 3.935849056603774e-06, 'lm_loss': 0.0, 'pchembl_loss': 0.24677512049674988, 'ranking_loss': 0.0, 'total_loss': 0.24407243728637695, 'epoch': 30.358490566037737}
{'loss': 0.2333, 'grad_norm': 1.3184837102890015, 'learning_rate': 3.932075471698113e-06, 'lm_loss': 0.0, 'pchembl_loss': 0.2512030303478241, 'ranking_loss': 0.0, 'total_loss': 0.24845096468925476, 'epoch': 30.37735849056604}
{'loss': 0.2341, 'grad_norm': 0.6547240018844604, 'learning_rate': 3.928301886792453e-06, 'lm_loss': 0.0, 'pchembl_loss': 0.24241383373737335, 'ranking_loss': 0.0, 'total_loss': 0.23975718021392822, 'epoch': 30.39622641509434}
{'loss': 0.2336, 'grad_norm': 0.643623411655426, 'learning_rate': 3.924528301886793e-06, 'lm_loss': 0.0, 'pchembl_loss': 0.24543632566928864, 'ranking_loss': 0.0, 'total_loss': 0.24274565279483795, 'epoch': 30.41509433962264}
{'loss': 0.2312, 'grad_norm': 1.2495701313018799, 'learning_rate': 3.920754716981132e-06, 'lm_loss': 0.0, 'pchembl_loss': 0.25974565744400024, 'ranking_loss': 0.0, 'total_loss': 0.2568971514701843, 'epoch': 30.433962264150942}
{'loss': 0.2341, 'grad_norm': 0.8701918125152588, 'learning_rate': 3.916981132075472e-06, 'lm_loss': 0.0, 'pchembl_loss': 0.2537757158279419, 'ranking_loss': 0.0, 'total_loss': 0.2509917616844177, 'epoch': 30.452830188679247}
{'loss': 0.2292, 'grad_norm': 0.6431010365486145, 'learning_rate': 3.913207547169812e-06, 'lm_loss': 0.0, 'pchembl_loss': 0.22288700938224792, 'ranking_loss': 0.0, 'total_loss': 0.220441073179245, 'epoch': 30.471698113207548}
{'loss': 0.2343, 'grad_norm': 0.8073819875717163, 'learning_rate': 3.909433962264151e-06, 'lm_loss': 0.0, 'pchembl_loss': 0.1887616068124771, 'ranking_loss': 0.0, 'total_loss': 0.18668945133686066, 'epoch': 30.49056603773585}
{'loss': 0.2288, 'grad_norm': 0.5109992027282715, 'learning_rate': 3.905660377358491e-06, 'lm_loss': 0.0, 'pchembl_loss': 0.220710888504982, 'ranking_loss': 0.0, 'total_loss': 0.2182871699333191, 'epoch': 30.50943396226415}
{'loss': 0.2313, 'grad_norm': 0.9200443625450134, 'learning_rate': 3.90188679245283e-06, 'lm_loss': 0.0, 'pchembl_loss': 0.21319909393787384, 'ranking_loss': 0.0, 'total_loss': 0.21085703372955322, 'epoch': 30.528301886792452}
{'loss': 0.2319, 'grad_norm': 0.6289283037185669, 'learning_rate': 3.89811320754717e-06, 'lm_loss': 0.0, 'pchembl_loss': 0.18407705426216125, 'ranking_loss': 0.0, 'total_loss': 0.18205419182777405, 'epoch': 30.547169811320753}
{'loss': 0.2353, 'grad_norm': 0.8738382458686829, 'learning_rate': 3.89433962264151e-06, 'lm_loss': 0.0, 'pchembl_loss': 0.27031072974205017, 'ranking_loss': 0.0, 'total_loss': 0.26733916997909546, 'epoch': 30.566037735849058}
{'loss': 0.2333, 'grad_norm': 0.5229403376579285, 'learning_rate': 3.89056603773585e-06, 'lm_loss': 0.0, 'pchembl_loss': 0.19391746819019318, 'ranking_loss': 0.0, 'total_loss': 0.19178494811058044, 'epoch': 30.58490566037736}
{'loss': 0.2298, 'grad_norm': 0.904025137424469, 'learning_rate': 3.88679245283019e-06, 'lm_loss': 0.0, 'pchembl_loss': 0.2417561411857605, 'ranking_loss': 0.0, 'total_loss': 0.23909656703472137, 'epoch': 30.60377358490566}
{'loss': 0.2314, 'grad_norm': 0.59754478931427, 'learning_rate': 3.883018867924529e-06, 'lm_loss': 0.0, 'pchembl_loss': 0.3075253665447235, 'ranking_loss': 0.0, 'total_loss': 0.3041410446166992, 'epoch': 30.62264150943396}
{'loss': 0.2341, 'grad_norm': 0.5452187657356262, 'learning_rate': 3.879245283018868e-06, 'lm_loss': 0.0, 'pchembl_loss': 0.20313918590545654, 'ranking_loss': 0.0, 'total_loss': 0.2009028196334839, 'epoch': 30.641509433962263}
{'loss': 0.2343, 'grad_norm': 1.607873797416687, 'learning_rate': 3.875471698113208e-06, 'lm_loss': 0.0, 'pchembl_loss': 0.2258192002773285, 'ranking_loss': 0.0, 'total_loss': 0.2233322262763977, 'epoch': 30.660377358490567}
{'loss': 0.2321, 'grad_norm': 1.2937928438186646, 'learning_rate': 3.871698113207548e-06, 'lm_loss': 0.0, 'pchembl_loss': 0.28645241260528564, 'ranking_loss': 0.0, 'total_loss': 0.2832965850830078, 'epoch': 30.67924528301887}
{'loss': 0.2328, 'grad_norm': 0.491845965385437, 'learning_rate': 3.8679245283018875e-06, 'lm_loss': 0.0, 'pchembl_loss': 0.1962416172027588, 'ranking_loss': 0.0, 'total_loss': 0.19407887756824493, 'epoch': 30.69811320754717}
{'loss': 0.2324, 'grad_norm': 1.4420758485794067, 'learning_rate': 3.8641509433962266e-06, 'lm_loss': 0.0, 'pchembl_loss': 0.23008033633232117, 'ranking_loss': 0.0, 'total_loss': 0.22754378616809845, 'epoch': 30.71698113207547}
{'loss': 0.2347, 'grad_norm': 1.495286226272583, 'learning_rate': 3.8603773584905665e-06, 'lm_loss': 0.0, 'pchembl_loss': 0.29633405804634094, 'ranking_loss': 0.0, 'total_loss': 0.29306596517562866, 'epoch': 30.735849056603772}
{'loss': 0.2304, 'grad_norm': 0.8446478247642517, 'learning_rate': 3.856603773584906e-06, 'lm_loss': 0.0, 'pchembl_loss': 0.2650652527809143, 'ranking_loss': 0.0, 'total_loss': 0.26214101910591125, 'epoch': 30.754716981132077}
{'loss': 0.2354, 'grad_norm': 1.4235948324203491, 'learning_rate': 3.8528301886792455e-06, 'lm_loss': 0.0, 'pchembl_loss': 0.2235330194234848, 'ranking_loss': 0.0, 'total_loss': 0.22106614708900452, 'epoch': 30.77358490566038}
{'loss': 0.2337, 'grad_norm': 1.4621942043304443, 'learning_rate': 3.849056603773585e-06, 'lm_loss': 0.0, 'pchembl_loss': 0.2530979514122009, 'ranking_loss': 0.0, 'total_loss': 0.25030389428138733, 'epoch': 30.79245283018868}
{'loss': 0.2362, 'grad_norm': 1.446552038192749, 'learning_rate': 3.8452830188679245e-06, 'lm_loss': 0.0, 'pchembl_loss': 0.13548801839351654, 'ranking_loss': 0.0, 'total_loss': 0.13399182260036469, 'epoch': 30.81132075471698}
{'loss': 0.2292, 'grad_norm': 0.49130919575691223, 'learning_rate': 3.841509433962264e-06, 'lm_loss': 0.0, 'pchembl_loss': 0.2579334080219269, 'ranking_loss': 0.0, 'total_loss': 0.2550841271877289, 'epoch': 30.830188679245282}
{'loss': 0.2339, 'grad_norm': 1.4465004205703735, 'learning_rate': 3.837735849056604e-06, 'lm_loss': 0.0, 'pchembl_loss': 0.24107757210731506, 'ranking_loss': 0.0, 'total_loss': 0.23841364681720734, 'epoch': 30.849056603773583}
{'loss': 0.2326, 'grad_norm': 2.279730796813965, 'learning_rate': 3.833962264150944e-06, 'lm_loss': 0.0, 'pchembl_loss': 0.2466926872730255, 'ranking_loss': 0.0, 'total_loss': 0.24396583437919617, 'epoch': 30.867924528301888}
{'loss': 0.2335, 'grad_norm': 0.8020159006118774, 'learning_rate': 3.830188679245283e-06, 'lm_loss': 0.0, 'pchembl_loss': 0.2470119297504425, 'ranking_loss': 0.0, 'total_loss': 0.24428072571754456, 'epoch': 30.88679245283019}
{'loss': 0.2285, 'grad_norm': 1.295024037361145, 'learning_rate': 3.826415094339623e-06, 'lm_loss': 0.0, 'pchembl_loss': 0.21379519999027252, 'ranking_loss': 0.0, 'total_loss': 0.21143054962158203, 'epoch': 30.90566037735849}
{'loss': 0.2315, 'grad_norm': 1.1064329147338867, 'learning_rate': 3.822641509433962e-06, 'lm_loss': 0.0, 'pchembl_loss': 0.20114585757255554, 'ranking_loss': 0.0, 'total_loss': 0.19892042875289917, 'epoch': 30.92452830188679}
{'loss': 0.2341, 'grad_norm': 0.7752110362052917, 'learning_rate': 3.818867924528302e-06, 'lm_loss': 0.0, 'pchembl_loss': 0.1755245178937912, 'ranking_loss': 0.0, 'total_loss': 0.17358195781707764, 'epoch': 30.943396226415093}
{'loss': 0.2322, 'grad_norm': 0.6694319248199463, 'learning_rate': 3.815094339622642e-06, 'lm_loss': 0.0, 'pchembl_loss': 0.2802791893482208, 'ranking_loss': 0.0, 'total_loss': 0.2771763205528259, 'epoch': 30.962264150943398}
{'loss': 0.2346, 'grad_norm': 0.9818262457847595, 'learning_rate': 3.8113207547169816e-06, 'lm_loss': 0.0, 'pchembl_loss': 0.1553981900215149, 'ranking_loss': 0.0, 'total_loss': 0.15367726981639862, 'epoch': 30.9811320754717}
{'loss': 0.2339, 'grad_norm': 1.194252610206604, 'learning_rate': 3.807547169811321e-06, 'lm_loss': 0.0, 'pchembl_loss': 0.23600485920906067, 'ranking_loss': 0.0, 'total_loss': 0.2333904206752777, 'epoch': 31.0}
{'eval_loss': 0.2239830195903778, 'eval_pchembl_norm_mse': 0.4019469618797302, 'eval_pchembl_norm_mae': 0.4582871198654175, 'eval_pchembl_norm_rmse': 0.6339928507804871, 'eval_pchembl_r2': 0.5907217264175415, 'eval_pchembl_count': 20000, 'eval_pchembl_norm_mean_pred': -0.033117201179265976, 'eval_pchembl_norm_std_pred': 0.79134202003479, 'eval_pchembl_norm_mean_true': -0.02121046371757984, 'eval_pchembl_norm_std_true': 0.9910030961036682, 'eval_pchembl_raw_mse': 0.7459138035774231, 'eval_pchembl_raw_mae': 0.6243060827255249, 'eval_pchembl_raw_rmse': 0.8636630177497864, 'eval_pchembl_raw_pearson': 0.7692359975571483, 'eval_pchembl_raw_spearman': 0.7688767271631054, 'eval_runtime': 8.858, 'eval_samples_per_second': 1188.868, 'eval_steps_per_second': 0.113, 'epoch': 31.0}
{'eval_lm_loss': 0.0, 'eval_pchembl_loss': 0.22590630531311034, 'eval_ranking_loss': 0.0, 'eval_total_loss': 0.22340293422341348, 'epoch': 31.0}
{'eval_evaluation_time_sec': 8.9231606121175, 'epoch': 31.0}
{'loss': 0.2331, 'grad_norm': 0.9654539227485657, 'learning_rate': 3.8037735849056605e-06, 'lm_loss': 0.0, 'pchembl_loss': 0.20801948010921478, 'ranking_loss': 0.0, 'total_loss': 0.20571431517601013, 'epoch': 31.0188679245283}
{'loss': 0.234, 'grad_norm': 0.4922824203968048, 'learning_rate': 3.8000000000000005e-06, 'lm_loss': 0.0, 'pchembl_loss': 0.30217114090919495, 'ranking_loss': 0.0, 'total_loss': 0.2988215386867523, 'epoch': 31.037735849056602}
{'loss': 0.2353, 'grad_norm': 0.8857257962226868, 'learning_rate': 3.79622641509434e-06, 'lm_loss': 0.0, 'pchembl_loss': 0.2244006246328354, 'ranking_loss': 0.0, 'total_loss': 0.22191229462623596, 'epoch': 31.056603773584907}
{'loss': 0.2307, 'grad_norm': 0.6126667261123657, 'learning_rate': 3.79245283018868e-06, 'lm_loss': 0.0, 'pchembl_loss': 0.2886359393596649, 'ranking_loss': 0.0, 'total_loss': 0.2854342460632324, 'epoch': 31.07547169811321}
{'loss': 0.232, 'grad_norm': 1.2093604803085327, 'learning_rate': 3.788679245283019e-06, 'lm_loss': 0.0, 'pchembl_loss': 0.24080075323581696, 'ranking_loss': 0.0, 'total_loss': 0.23812875151634216, 'epoch': 31.09433962264151}
{'loss': 0.2296, 'grad_norm': 1.447789192199707, 'learning_rate': 3.784905660377359e-06, 'lm_loss': 0.0, 'pchembl_loss': 0.17992708086967468, 'ranking_loss': 0.0, 'total_loss': 0.17792987823486328, 'epoch': 31.11320754716981}
{'loss': 0.2331, 'grad_norm': 0.4612916111946106, 'learning_rate': 3.7811320754716983e-06, 'lm_loss': 0.0, 'pchembl_loss': 0.24281099438667297, 'ranking_loss': 0.0, 'total_loss': 0.24011489748954773, 'epoch': 31.132075471698112}
{'loss': 0.2341, 'grad_norm': 1.0810586214065552, 'learning_rate': 3.7773584905660383e-06, 'lm_loss': 0.0, 'pchembl_loss': 0.23392896354198456, 'ranking_loss': 0.0, 'total_loss': 0.23133061826229095, 'epoch': 31.150943396226417}
{'loss': 0.2319, 'grad_norm': 0.6241009831428528, 'learning_rate': 3.7735849056603777e-06, 'lm_loss': 0.0, 'pchembl_loss': 0.2240845412015915, 'ranking_loss': 0.0, 'total_loss': 0.22159472107887268, 'epoch': 31.169811320754718}
{'loss': 0.2324, 'grad_norm': 0.5396256446838379, 'learning_rate': 3.7698113207547172e-06, 'lm_loss': 0.0, 'pchembl_loss': 0.20129477977752686, 'ranking_loss': 0.0, 'total_loss': 0.1990574151277542, 'epoch': 31.18867924528302}
{'loss': 0.2279, 'grad_norm': 0.5509369373321533, 'learning_rate': 3.7660377358490567e-06, 'lm_loss': 0.0, 'pchembl_loss': 0.1892731934785843, 'ranking_loss': 0.0, 'total_loss': 0.18716874718666077, 'epoch': 31.20754716981132}
{'loss': 0.2366, 'grad_norm': 0.5543867945671082, 'learning_rate': 3.7622641509433966e-06, 'lm_loss': 0.0, 'pchembl_loss': 0.23133456707000732, 'ranking_loss': 0.0, 'total_loss': 0.22876156866550446, 'epoch': 31.22641509433962}
{'loss': 0.2312, 'grad_norm': 0.758065938949585, 'learning_rate': 3.758490566037736e-06, 'lm_loss': 0.0, 'pchembl_loss': 0.18652741611003876, 'ranking_loss': 0.0, 'total_loss': 0.18445207178592682, 'epoch': 31.245283018867923}
{'loss': 0.2312, 'grad_norm': 0.5488736629486084, 'learning_rate': 3.754716981132076e-06, 'lm_loss': 0.0, 'pchembl_loss': 0.25962668657302856, 'ranking_loss': 0.0, 'total_loss': 0.25673702359199524, 'epoch': 31.264150943396228}
{'loss': 0.2273, 'grad_norm': 0.43377685546875, 'learning_rate': 3.750943396226415e-06, 'lm_loss': 0.0, 'pchembl_loss': 0.2313392162322998, 'ranking_loss': 0.0, 'total_loss': 0.22876349091529846, 'epoch': 31.28301886792453}
{'loss': 0.2325, 'grad_norm': 0.4501620829105377, 'learning_rate': 3.747169811320755e-06, 'lm_loss': 0.0, 'pchembl_loss': 0.2576255798339844, 'ranking_loss': 0.0, 'total_loss': 0.2547561824321747, 'epoch': 31.30188679245283}
{'loss': 0.2313, 'grad_norm': 0.461988627910614, 'learning_rate': 3.7433962264150945e-06, 'lm_loss': 0.0, 'pchembl_loss': 0.19114509224891663, 'ranking_loss': 0.0, 'total_loss': 0.18901540338993073, 'epoch': 31.32075471698113}
{'loss': 0.2272, 'grad_norm': 0.49663060903549194, 'learning_rate': 3.7396226415094344e-06, 'lm_loss': 0.0, 'pchembl_loss': 0.23547828197479248, 'ranking_loss': 0.0, 'total_loss': 0.2328537404537201, 'epoch': 31.339622641509433}
{'loss': 0.2362, 'grad_norm': 0.6151027083396912, 'learning_rate': 3.7358490566037735e-06, 'lm_loss': 0.0, 'pchembl_loss': 0.2039511501789093, 'ranking_loss': 0.0, 'total_loss': 0.20167718827724457, 'epoch': 31.358490566037737}
{'loss': 0.2331, 'grad_norm': 0.43403303623199463, 'learning_rate': 3.7320754716981134e-06, 'lm_loss': 0.0, 'pchembl_loss': 0.22462092339992523, 'ranking_loss': 0.0, 'total_loss': 0.222115620970726, 'epoch': 31.37735849056604}
{'loss': 0.2313, 'grad_norm': 0.7657697200775146, 'learning_rate': 3.728301886792453e-06, 'lm_loss': 0.0, 'pchembl_loss': 0.2713102400302887, 'ranking_loss': 0.0, 'total_loss': 0.2682831287384033, 'epoch': 31.39622641509434}
{'loss': 0.2306, 'grad_norm': 0.5979523062705994, 'learning_rate': 3.724528301886793e-06, 'lm_loss': 0.0, 'pchembl_loss': 0.18149429559707642, 'ranking_loss': 0.0, 'total_loss': 0.17946857213974, 'epoch': 31.41509433962264}
{'loss': 0.23, 'grad_norm': 0.5720093846321106, 'learning_rate': 3.7207547169811327e-06, 'lm_loss': 0.0, 'pchembl_loss': 0.24082423746585846, 'ranking_loss': 0.0, 'total_loss': 0.23813536763191223, 'epoch': 31.433962264150942}
{'loss': 0.2318, 'grad_norm': 0.4991367757320404, 'learning_rate': 3.716981132075472e-06, 'lm_loss': 0.0, 'pchembl_loss': 0.1556517630815506, 'ranking_loss': 0.0, 'total_loss': 0.15391325950622559, 'epoch': 31.452830188679247}
{'loss': 0.2334, 'grad_norm': 0.4420892298221588, 'learning_rate': 3.7132075471698113e-06, 'lm_loss': 0.0, 'pchembl_loss': 0.2691912353038788, 'ranking_loss': 0.0, 'total_loss': 0.2661835253238678, 'epoch': 31.471698113207548}
{'loss': 0.2303, 'grad_norm': 0.5143232941627502, 'learning_rate': 3.709433962264151e-06, 'lm_loss': 0.0, 'pchembl_loss': 0.20358401536941528, 'ranking_loss': 0.0, 'total_loss': 0.20130854845046997, 'epoch': 31.49056603773585}
{'loss': 0.2315, 'grad_norm': 0.6089118123054504, 'learning_rate': 3.705660377358491e-06, 'lm_loss': 0.0, 'pchembl_loss': 0.22232811152935028, 'ranking_loss': 0.0, 'total_loss': 0.21984225511550903, 'epoch': 31.50943396226415}
{'loss': 0.2295, 'grad_norm': 0.5026564002037048, 'learning_rate': 3.7018867924528306e-06, 'lm_loss': 0.0, 'pchembl_loss': 0.26268574595451355, 'ranking_loss': 0.0, 'total_loss': 0.25974762439727783, 'epoch': 31.528301886792452}
{'loss': 0.2302, 'grad_norm': 0.47626128792762756, 'learning_rate': 3.6981132075471697e-06, 'lm_loss': 0.0, 'pchembl_loss': 0.2555479407310486, 'ranking_loss': 0.0, 'total_loss': 0.2526886463165283, 'epoch': 31.547169811320753}
{'loss': 0.234, 'grad_norm': 0.711128830909729, 'learning_rate': 3.6943396226415096e-06, 'lm_loss': 0.0, 'pchembl_loss': 0.19072289764881134, 'ranking_loss': 0.0, 'total_loss': 0.18858817219734192, 'epoch': 31.566037735849058}
{'loss': 0.2319, 'grad_norm': 0.5600407123565674, 'learning_rate': 3.6905660377358495e-06, 'lm_loss': 0.0, 'pchembl_loss': 0.19936415553092957, 'ranking_loss': 0.0, 'total_loss': 0.1971319317817688, 'epoch': 31.58490566037736}
{'loss': 0.2347, 'grad_norm': 0.46868470311164856, 'learning_rate': 3.686792452830189e-06, 'lm_loss': 0.0, 'pchembl_loss': 0.30018237233161926, 'ranking_loss': 0.0, 'total_loss': 0.29682013392448425, 'epoch': 31.60377358490566}
{'loss': 0.2338, 'grad_norm': 0.8368919491767883, 'learning_rate': 3.683018867924529e-06, 'lm_loss': 0.0, 'pchembl_loss': 0.189162015914917, 'ranking_loss': 0.0, 'total_loss': 0.18704251945018768, 'epoch': 31.62264150943396}
{'loss': 0.2331, 'grad_norm': 1.370124340057373, 'learning_rate': 3.679245283018868e-06, 'lm_loss': 0.0, 'pchembl_loss': 0.20713263750076294, 'ranking_loss': 0.0, 'total_loss': 0.2048109620809555, 'epoch': 31.641509433962263}
{'loss': 0.229, 'grad_norm': 0.47373995184898376, 'learning_rate': 3.675471698113208e-06, 'lm_loss': 0.0, 'pchembl_loss': 0.1928376704454422, 'ranking_loss': 0.0, 'total_loss': 0.19067546725273132, 'epoch': 31.660377358490567}
{'loss': 0.2287, 'grad_norm': 0.5721047520637512, 'learning_rate': 3.6716981132075474e-06, 'lm_loss': 0.0, 'pchembl_loss': 0.2575843036174774, 'ranking_loss': 0.0, 'total_loss': 0.2546951472759247, 'epoch': 31.67924528301887}
{'loss': 0.2332, 'grad_norm': 1.0625684261322021, 'learning_rate': 3.6679245283018873e-06, 'lm_loss': 0.0, 'pchembl_loss': 0.23483748733997345, 'ranking_loss': 0.0, 'total_loss': 0.23220254480838776, 'epoch': 31.69811320754717}
{'loss': 0.2318, 'grad_norm': 0.6860398650169373, 'learning_rate': 3.664150943396227e-06, 'lm_loss': 0.0, 'pchembl_loss': 0.22368015348911285, 'ranking_loss': 0.0, 'total_loss': 0.22116953134536743, 'epoch': 31.71698113207547}
{'loss': 0.2285, 'grad_norm': 1.0901492834091187, 'learning_rate': 3.6603773584905663e-06, 'lm_loss': 0.0, 'pchembl_loss': 0.19385838508605957, 'ranking_loss': 0.0, 'total_loss': 0.19168174266815186, 'epoch': 31.735849056603772}
{'loss': 0.2309, 'grad_norm': 1.3191630840301514, 'learning_rate': 3.6566037735849058e-06, 'lm_loss': 0.0, 'pchembl_loss': 0.16561272740364075, 'ranking_loss': 0.0, 'total_loss': 0.16375258564949036, 'epoch': 31.754716981132077}
{'loss': 0.2327, 'grad_norm': 0.5949630737304688, 'learning_rate': 3.6528301886792457e-06, 'lm_loss': 0.0, 'pchembl_loss': 0.2693604528903961, 'ranking_loss': 0.0, 'total_loss': 0.26633402705192566, 'epoch': 31.77358490566038}
{'loss': 0.2338, 'grad_norm': 1.0784882307052612, 'learning_rate': 3.649056603773585e-06, 'lm_loss': 0.0, 'pchembl_loss': 0.2177792638540268, 'ranking_loss': 0.0, 'total_loss': 0.215331569314003, 'epoch': 31.79245283018868}
{'loss': 0.2355, 'grad_norm': 0.48388341069221497, 'learning_rate': 3.645283018867925e-06, 'lm_loss': 0.0, 'pchembl_loss': 0.177670419216156, 'ranking_loss': 0.0, 'total_loss': 0.17567285895347595, 'epoch': 31.81132075471698}
{'loss': 0.2266, 'grad_norm': 0.5292264819145203, 'learning_rate': 3.641509433962264e-06, 'lm_loss': 0.0, 'pchembl_loss': 0.23513464629650116, 'ranking_loss': 0.0, 'total_loss': 0.23249012231826782, 'epoch': 31.830188679245282}
{'loss': 0.2311, 'grad_norm': 0.5002468824386597, 'learning_rate': 3.637735849056604e-06, 'lm_loss': 0.0, 'pchembl_loss': 0.22229892015457153, 'ranking_loss': 0.0, 'total_loss': 0.21979792416095734, 'epoch': 31.849056603773583}
{'loss': 0.226, 'grad_norm': 0.937452495098114, 'learning_rate': 3.6339622641509436e-06, 'lm_loss': 0.0, 'pchembl_loss': 0.18831072747707367, 'ranking_loss': 0.0, 'total_loss': 0.1861913949251175, 'epoch': 31.867924528301888}
{'loss': 0.2309, 'grad_norm': 0.6216458678245544, 'learning_rate': 3.6301886792452835e-06, 'lm_loss': 0.0, 'pchembl_loss': 0.19084960222244263, 'ranking_loss': 0.0, 'total_loss': 0.18870097398757935, 'epoch': 31.88679245283019}
{'loss': 0.2252, 'grad_norm': 0.5776793956756592, 'learning_rate': 3.626415094339623e-06, 'lm_loss': 0.0, 'pchembl_loss': 0.25491052865982056, 'ranking_loss': 0.0, 'total_loss': 0.25203970074653625, 'epoch': 31.90566037735849}
{'loss': 0.2296, 'grad_norm': 0.5981280207633972, 'learning_rate': 3.6226415094339625e-06, 'lm_loss': 0.0, 'pchembl_loss': 0.26103395223617554, 'ranking_loss': 0.0, 'total_loss': 0.2580931782722473, 'epoch': 31.92452830188679}
{'loss': 0.2289, 'grad_norm': 1.4882181882858276, 'learning_rate': 3.618867924528302e-06, 'lm_loss': 0.0, 'pchembl_loss': 0.22948507964611053, 'ranking_loss': 0.0, 'total_loss': 0.22689884901046753, 'epoch': 31.943396226415093}
{'loss': 0.2317, 'grad_norm': 0.5644538402557373, 'learning_rate': 3.615094339622642e-06, 'lm_loss': 0.0, 'pchembl_loss': 0.29634466767311096, 'ranking_loss': 0.0, 'total_loss': 0.2930038571357727, 'epoch': 31.962264150943398}
{'loss': 0.2301, 'grad_norm': 1.4756877422332764, 'learning_rate': 3.6113207547169814e-06, 'lm_loss': 0.0, 'pchembl_loss': 0.23728999495506287, 'ranking_loss': 0.0, 'total_loss': 0.2346140593290329, 'epoch': 31.9811320754717}
{'loss': 0.2304, 'grad_norm': 0.5551650524139404, 'learning_rate': 3.6075471698113213e-06, 'lm_loss': 0.0, 'pchembl_loss': 0.23868773877620697, 'ranking_loss': 0.0, 'total_loss': 0.23599518835544586, 'epoch': 32.0}
{'eval_loss': 0.22352278232574463, 'eval_pchembl_norm_mse': 0.4010707437992096, 'eval_pchembl_norm_mae': 0.4572743773460388, 'eval_pchembl_norm_rmse': 0.6333014369010925, 'eval_pchembl_r2': 0.5916138887405396, 'eval_pchembl_count': 20000, 'eval_pchembl_norm_mean_pred': -0.027427399531006813, 'eval_pchembl_norm_std_pred': 0.803577184677124, 'eval_pchembl_norm_mean_true': -0.02121046371757984, 'eval_pchembl_norm_std_true': 0.9910030961036682, 'eval_pchembl_raw_mse': 0.7442878484725952, 'eval_pchembl_raw_mae': 0.6229265332221985, 'eval_pchembl_raw_rmse': 0.8627212047576904, 'eval_pchembl_raw_pearson': 0.7702613509752818, 'eval_pchembl_raw_spearman': 0.7694467178438517, 'eval_runtime': 8.9234, 'eval_samples_per_second': 1180.162, 'eval_steps_per_second': 0.112, 'epoch': 32.0}
{'eval_lm_loss': 0.0, 'eval_pchembl_loss': 0.22544715099036694, 'eval_ranking_loss': 0.0, 'eval_total_loss': 0.22290313936769962, 'epoch': 32.0}
{'eval_evaluation_time_sec': 8.96905937581323, 'epoch': 32.0}
{'loss': 0.2298, 'grad_norm': 0.47459501028060913, 'learning_rate': 3.6037735849056603e-06, 'lm_loss': 0.0, 'pchembl_loss': 0.21358084678649902, 'ranking_loss': 0.0, 'total_loss': 0.2111707329750061, 'epoch': 32.0188679245283}
{'loss': 0.2344, 'grad_norm': 0.9117194414138794, 'learning_rate': 3.6000000000000003e-06, 'lm_loss': 0.0, 'pchembl_loss': 0.2017945498228073, 'ranking_loss': 0.0, 'total_loss': 0.19951671361923218, 'epoch': 32.0377358490566}
{'loss': 0.2285, 'grad_norm': 0.48764941096305847, 'learning_rate': 3.5962264150943398e-06, 'lm_loss': 0.0, 'pchembl_loss': 0.17225982248783112, 'ranking_loss': 0.0, 'total_loss': 0.1703147292137146, 'epoch': 32.056603773584904}
{'loss': 0.2314, 'grad_norm': 0.5640727877616882, 'learning_rate': 3.5924528301886797e-06, 'lm_loss': 0.0, 'pchembl_loss': 0.2645975351333618, 'ranking_loss': 0.0, 'total_loss': 0.2616088092327118, 'epoch': 32.075471698113205}
{'loss': 0.2339, 'grad_norm': 0.6759325861930847, 'learning_rate': 3.588679245283019e-06, 'lm_loss': 0.0, 'pchembl_loss': 0.30029815435409546, 'ranking_loss': 0.0, 'total_loss': 0.2969050705432892, 'epoch': 32.094339622641506}
{'loss': 0.2305, 'grad_norm': 0.5117802619934082, 'learning_rate': 3.5849056603773586e-06, 'lm_loss': 0.0, 'pchembl_loss': 0.24403873085975647, 'ranking_loss': 0.0, 'total_loss': 0.2412804365158081, 'epoch': 32.113207547169814}
{'loss': 0.2337, 'grad_norm': 0.5505606532096863, 'learning_rate': 3.581132075471698e-06, 'lm_loss': 0.0, 'pchembl_loss': 0.22714351117610931, 'ranking_loss': 0.0, 'total_loss': 0.22457532584667206, 'epoch': 32.132075471698116}
{'loss': 0.232, 'grad_norm': 0.5070565342903137, 'learning_rate': 3.577358490566038e-06, 'lm_loss': 0.0, 'pchembl_loss': 0.283872127532959, 'ranking_loss': 0.0, 'total_loss': 0.2806614637374878, 'epoch': 32.15094339622642}
{'loss': 0.2298, 'grad_norm': 0.5174366235733032, 'learning_rate': 3.5735849056603775e-06, 'lm_loss': 0.0, 'pchembl_loss': 0.18886923789978027, 'ranking_loss': 0.0, 'total_loss': 0.18673238158226013, 'epoch': 32.16981132075472}
{'loss': 0.2268, 'grad_norm': 0.4434558153152466, 'learning_rate': 3.5698113207547175e-06, 'lm_loss': 0.0, 'pchembl_loss': 0.18867945671081543, 'ranking_loss': 0.0, 'total_loss': 0.1865440309047699, 'epoch': 32.18867924528302}
{'loss': 0.2274, 'grad_norm': 0.502366304397583, 'learning_rate': 3.5660377358490565e-06, 'lm_loss': 0.0, 'pchembl_loss': 0.20521648228168488, 'ranking_loss': 0.0, 'total_loss': 0.20289312303066254, 'epoch': 32.20754716981132}
{'loss': 0.2318, 'grad_norm': 0.4908710718154907, 'learning_rate': 3.5622641509433964e-06, 'lm_loss': 0.0, 'pchembl_loss': 0.22306261956691742, 'ranking_loss': 0.0, 'total_loss': 0.22053638100624084, 'epoch': 32.22641509433962}
{'loss': 0.2296, 'grad_norm': 0.6940001249313354, 'learning_rate': 3.558490566037736e-06, 'lm_loss': 0.0, 'pchembl_loss': 0.3028782904148102, 'ranking_loss': 0.0, 'total_loss': 0.2994469702243805, 'epoch': 32.24528301886792}
{'loss': 0.2302, 'grad_norm': 0.48116886615753174, 'learning_rate': 3.554716981132076e-06, 'lm_loss': 0.0, 'pchembl_loss': 0.23704516887664795, 'ranking_loss': 0.0, 'total_loss': 0.2343588024377823, 'epoch': 32.264150943396224}
{'loss': 0.2335, 'grad_norm': 0.7490103840827942, 'learning_rate': 3.5509433962264158e-06, 'lm_loss': 0.0, 'pchembl_loss': 0.2599779963493347, 'ranking_loss': 0.0, 'total_loss': 0.25703075528144836, 'epoch': 32.283018867924525}
{'loss': 0.2332, 'grad_norm': 0.6572555303573608, 'learning_rate': 3.547169811320755e-06, 'lm_loss': 0.0, 'pchembl_loss': 0.28506240248680115, 'ranking_loss': 0.0, 'total_loss': 0.28182971477508545, 'epoch': 32.301886792452834}
{'loss': 0.229, 'grad_norm': 0.5776124596595764, 'learning_rate': 3.5433962264150943e-06, 'lm_loss': 0.0, 'pchembl_loss': 0.22593799233436584, 'ranking_loss': 0.0, 'total_loss': 0.22337494790554047, 'epoch': 32.320754716981135}
{'loss': 0.2316, 'grad_norm': 1.1015671491622925, 'learning_rate': 3.5396226415094342e-06, 'lm_loss': 0.0, 'pchembl_loss': 0.25436267256736755, 'ranking_loss': 0.0, 'total_loss': 0.2514762282371521, 'epoch': 32.339622641509436}
{'loss': 0.2289, 'grad_norm': 0.5354309678077698, 'learning_rate': 3.535849056603774e-06, 'lm_loss': 0.0, 'pchembl_loss': 0.3036940395832062, 'ranking_loss': 0.0, 'total_loss': 0.3002466559410095, 'epoch': 32.35849056603774}
{'loss': 0.2317, 'grad_norm': 0.44828057289123535, 'learning_rate': 3.5320754716981136e-06, 'lm_loss': 0.0, 'pchembl_loss': 0.2268194854259491, 'ranking_loss': 0.0, 'total_loss': 0.2242438793182373, 'epoch': 32.37735849056604}
{'loss': 0.2305, 'grad_norm': 0.5890358686447144, 'learning_rate': 3.5283018867924527e-06, 'lm_loss': 0.0, 'pchembl_loss': 0.2782549560070038, 'ranking_loss': 0.0, 'total_loss': 0.27509424090385437, 'epoch': 32.39622641509434}
{'loss': 0.2276, 'grad_norm': 0.6140295267105103, 'learning_rate': 3.5245283018867926e-06, 'lm_loss': 0.0, 'pchembl_loss': 0.2035222351551056, 'ranking_loss': 0.0, 'total_loss': 0.2012096494436264, 'epoch': 32.41509433962264}
{'loss': 0.2308, 'grad_norm': 1.0641025304794312, 'learning_rate': 3.5207547169811325e-06, 'lm_loss': 0.0, 'pchembl_loss': 0.22146929800510406, 'ranking_loss': 0.0, 'total_loss': 0.21895195543766022, 'epoch': 32.43396226415094}
{'loss': 0.2304, 'grad_norm': 0.6341072916984558, 'learning_rate': 3.516981132075472e-06, 'lm_loss': 0.0, 'pchembl_loss': 0.21340277791023254, 'ranking_loss': 0.0, 'total_loss': 0.21097631752490997, 'epoch': 32.45283018867924}
{'loss': 0.2322, 'grad_norm': 0.688213050365448, 'learning_rate': 3.513207547169812e-06, 'lm_loss': 0.0, 'pchembl_loss': 0.24543337523937225, 'ranking_loss': 0.0, 'total_loss': 0.24264180660247803, 'epoch': 32.471698113207545}
{'loss': 0.2253, 'grad_norm': 0.9324714541435242, 'learning_rate': 3.509433962264151e-06, 'lm_loss': 0.0, 'pchembl_loss': 0.20514880120754242, 'ranking_loss': 0.0, 'total_loss': 0.20281465351581573, 'epoch': 32.490566037735846}
{'loss': 0.2308, 'grad_norm': 0.670983612537384, 'learning_rate': 3.505660377358491e-06, 'lm_loss': 0.0, 'pchembl_loss': 0.24127717316150665, 'ranking_loss': 0.0, 'total_loss': 0.23853106796741486, 'epoch': 32.509433962264154}
{'loss': 0.2264, 'grad_norm': 0.4546763002872467, 'learning_rate': 3.5018867924528304e-06, 'lm_loss': 0.0, 'pchembl_loss': 0.2612069547176361, 'ranking_loss': 0.0, 'total_loss': 0.25823304057121277, 'epoch': 32.528301886792455}
{'loss': 0.2289, 'grad_norm': 1.1479206085205078, 'learning_rate': 3.4981132075471703e-06, 'lm_loss': 0.0, 'pchembl_loss': 0.20646749436855316, 'ranking_loss': 0.0, 'total_loss': 0.20411603152751923, 'epoch': 32.54716981132076}
{'loss': 0.2308, 'grad_norm': 0.9519415497779846, 'learning_rate': 3.49433962264151e-06, 'lm_loss': 0.0, 'pchembl_loss': 0.26157286763191223, 'ranking_loss': 0.0, 'total_loss': 0.2585928440093994, 'epoch': 32.56603773584906}
{'loss': 0.229, 'grad_norm': 0.5749728679656982, 'learning_rate': 3.4905660377358493e-06, 'lm_loss': 0.0, 'pchembl_loss': 0.24699410796165466, 'ranking_loss': 0.0, 'total_loss': 0.24417926371097565, 'epoch': 32.58490566037736}
{'loss': 0.2287, 'grad_norm': 1.1375519037246704, 'learning_rate': 3.486792452830189e-06, 'lm_loss': 0.0, 'pchembl_loss': 0.23202060163021088, 'ranking_loss': 0.0, 'total_loss': 0.22937554121017456, 'epoch': 32.60377358490566}
{'loss': 0.2289, 'grad_norm': 1.0301581621170044, 'learning_rate': 3.4830188679245287e-06, 'lm_loss': 0.0, 'pchembl_loss': 0.2997209131717682, 'ranking_loss': 0.0, 'total_loss': 0.2963029742240906, 'epoch': 32.62264150943396}
{'loss': 0.2346, 'grad_norm': 0.6281628012657166, 'learning_rate': 3.479245283018868e-06, 'lm_loss': 0.0, 'pchembl_loss': 0.2723950743675232, 'ranking_loss': 0.0, 'total_loss': 0.26928776502609253, 'epoch': 32.64150943396226}
{'loss': 0.2293, 'grad_norm': 1.2667930126190186, 'learning_rate': 3.475471698113208e-06, 'lm_loss': 0.0, 'pchembl_loss': 0.2077004611492157, 'ranking_loss': 0.0, 'total_loss': 0.20533038675785065, 'epoch': 32.660377358490564}
{'loss': 0.2292, 'grad_norm': 0.8876373171806335, 'learning_rate': 3.471698113207547e-06, 'lm_loss': 0.0, 'pchembl_loss': 0.21523955464363098, 'ranking_loss': 0.0, 'total_loss': 0.21278268098831177, 'epoch': 32.679245283018865}
{'loss': 0.2289, 'grad_norm': 0.5128792524337769, 'learning_rate': 3.467924528301887e-06, 'lm_loss': 0.0, 'pchembl_loss': 0.22495292127132416, 'ranking_loss': 0.0, 'total_loss': 0.22238437831401825, 'epoch': 32.698113207547166}
{'loss': 0.232, 'grad_norm': 1.076607584953308, 'learning_rate': 3.4641509433962266e-06, 'lm_loss': 0.0, 'pchembl_loss': 0.27595874667167664, 'ranking_loss': 0.0, 'total_loss': 0.2728068232536316, 'epoch': 32.716981132075475}
{'loss': 0.2333, 'grad_norm': 1.644946575164795, 'learning_rate': 3.4603773584905665e-06, 'lm_loss': 0.0, 'pchembl_loss': 0.2584697902202606, 'ranking_loss': 0.0, 'total_loss': 0.2555166780948639, 'epoch': 32.735849056603776}
{'loss': 0.2298, 'grad_norm': 0.9040995836257935, 'learning_rate': 3.456603773584906e-06, 'lm_loss': 0.0, 'pchembl_loss': 0.20617662370204926, 'ranking_loss': 0.0, 'total_loss': 0.20382027328014374, 'epoch': 32.75471698113208}
{'loss': 0.231, 'grad_norm': 1.3967859745025635, 'learning_rate': 3.4528301886792455e-06, 'lm_loss': 0.0, 'pchembl_loss': 0.1989900916814804, 'ranking_loss': 0.0, 'total_loss': 0.19671519100666046, 'epoch': 32.77358490566038}
{'loss': 0.2329, 'grad_norm': 1.5119787454605103, 'learning_rate': 3.449056603773585e-06, 'lm_loss': 0.0, 'pchembl_loss': 0.20986837148666382, 'ranking_loss': 0.0, 'total_loss': 0.20746839046478271, 'epoch': 32.79245283018868}
{'loss': 0.229, 'grad_norm': 1.0962079763412476, 'learning_rate': 3.445283018867925e-06, 'lm_loss': 0.0, 'pchembl_loss': 0.2603828012943268, 'ranking_loss': 0.0, 'total_loss': 0.25740429759025574, 'epoch': 32.81132075471698}
{'loss': 0.2325, 'grad_norm': 0.8686234354972839, 'learning_rate': 3.4415094339622644e-06, 'lm_loss': 0.0, 'pchembl_loss': 0.19626489281654358, 'ranking_loss': 0.0, 'total_loss': 0.19401919841766357, 'epoch': 32.83018867924528}
{'loss': 0.2326, 'grad_norm': 1.1259851455688477, 'learning_rate': 3.4377358490566043e-06, 'lm_loss': 0.0, 'pchembl_loss': 0.1727769672870636, 'ranking_loss': 0.0, 'total_loss': 0.17079944908618927, 'epoch': 32.84905660377358}
{'loss': 0.2341, 'grad_norm': 0.5416575074195862, 'learning_rate': 3.4339622641509434e-06, 'lm_loss': 0.0, 'pchembl_loss': 0.3399309813976288, 'ranking_loss': 0.0, 'total_loss': 0.33603915572166443, 'epoch': 32.867924528301884}
{'loss': 0.2311, 'grad_norm': 0.506624698638916, 'learning_rate': 3.4301886792452833e-06, 'lm_loss': 0.0, 'pchembl_loss': 0.22907370328903198, 'ranking_loss': 0.0, 'total_loss': 0.22645029425621033, 'epoch': 32.886792452830186}
{'loss': 0.2344, 'grad_norm': 0.8044230341911316, 'learning_rate': 3.4264150943396228e-06, 'lm_loss': 0.0, 'pchembl_loss': 0.18824352324008942, 'ranking_loss': 0.0, 'total_loss': 0.18608707189559937, 'epoch': 32.905660377358494}
{'loss': 0.2296, 'grad_norm': 0.9231964349746704, 'learning_rate': 3.4226415094339627e-06, 'lm_loss': 0.0, 'pchembl_loss': 0.16538096964359283, 'ranking_loss': 0.0, 'total_loss': 0.16348585486412048, 'epoch': 32.924528301886795}
{'loss': 0.2317, 'grad_norm': 0.570257306098938, 'learning_rate': 3.4188679245283026e-06, 'lm_loss': 0.0, 'pchembl_loss': 0.20676493644714355, 'ranking_loss': 0.0, 'total_loss': 0.2043948769569397, 'epoch': 32.943396226415096}
{'loss': 0.2337, 'grad_norm': 0.8414204716682434, 'learning_rate': 3.4150943396226417e-06, 'lm_loss': 0.0, 'pchembl_loss': 0.20568795502185822, 'ranking_loss': 0.0, 'total_loss': 0.20332953333854675, 'epoch': 32.9622641509434}
{'loss': 0.231, 'grad_norm': 0.7953393459320068, 'learning_rate': 3.411320754716981e-06, 'lm_loss': 0.0, 'pchembl_loss': 0.19771632552146912, 'ranking_loss': 0.0, 'total_loss': 0.1954486072063446, 'epoch': 32.9811320754717}
{'loss': 0.2298, 'grad_norm': 0.5243130326271057, 'learning_rate': 3.407547169811321e-06, 'lm_loss': 0.0, 'pchembl_loss': 0.23698516190052032, 'ranking_loss': 0.0, 'total_loss': 0.2342662215232849, 'epoch': 33.0}
{'eval_loss': 0.2228108048439026, 'eval_pchembl_norm_mse': 0.4003048241138458, 'eval_pchembl_norm_mae': 0.45658397674560547, 'eval_pchembl_norm_rmse': 0.6326964497566223, 'eval_pchembl_r2': 0.5923937559127808, 'eval_pchembl_count': 20000, 'eval_pchembl_norm_mean_pred': -0.02363930456340313, 'eval_pchembl_norm_std_pred': 0.8079594373703003, 'eval_pchembl_norm_mean_true': -0.02121046371757984, 'eval_pchembl_norm_std_true': 0.9910030961036682, 'eval_pchembl_raw_mse': 0.7428664565086365, 'eval_pchembl_raw_mae': 0.6219860911369324, 'eval_pchembl_raw_rmse': 0.8618969917297363, 'eval_pchembl_raw_pearson': 0.7709514372198298, 'eval_pchembl_raw_spearman': 0.7700236430519363, 'eval_runtime': 8.9207, 'eval_samples_per_second': 1180.518, 'eval_steps_per_second': 0.112, 'epoch': 33.0}
{'eval_lm_loss': 0.0, 'eval_pchembl_loss': 0.22480828858911991, 'eval_ranking_loss': 0.0, 'eval_total_loss': 0.22222825936973095, 'epoch': 33.0}
{'eval_evaluation_time_sec': 8.972677824087441, 'epoch': 33.0}
{'loss': 0.2323, 'grad_norm': 0.6783187985420227, 'learning_rate': 3.403773584905661e-06, 'lm_loss': 0.0, 'pchembl_loss': 0.27788782119750977, 'ranking_loss': 0.0, 'total_loss': 0.2746986150741577, 'epoch': 33.0188679245283}
{'loss': 0.2337, 'grad_norm': 0.7472854256629944, 'learning_rate': 3.4000000000000005e-06, 'lm_loss': 0.0, 'pchembl_loss': 0.16727927327156067, 'ranking_loss': 0.0, 'total_loss': 0.16535888612270355, 'epoch': 33.0377358490566}
{'loss': 0.2325, 'grad_norm': 1.012157678604126, 'learning_rate': 3.3962264150943395e-06, 'lm_loss': 0.0, 'pchembl_loss': 0.19350522756576538, 'ranking_loss': 0.0, 'total_loss': 0.19128307700157166, 'epoch': 33.056603773584904}
{'loss': 0.2285, 'grad_norm': 0.4391743838787079, 'learning_rate': 3.3924528301886795e-06, 'lm_loss': 0.0, 'pchembl_loss': 0.2898021936416626, 'ranking_loss': 0.0, 'total_loss': 0.2864731550216675, 'epoch': 33.075471698113205}
{'loss': 0.2331, 'grad_norm': 1.3056540489196777, 'learning_rate': 3.3886792452830194e-06, 'lm_loss': 0.0, 'pchembl_loss': 0.23473834991455078, 'ranking_loss': 0.0, 'total_loss': 0.23204101622104645, 'epoch': 33.094339622641506}
{'loss': 0.2273, 'grad_norm': 0.5188413858413696, 'learning_rate': 3.384905660377359e-06, 'lm_loss': 0.0, 'pchembl_loss': 0.2575208842754364, 'ranking_loss': 0.0, 'total_loss': 0.2545608580112457, 'epoch': 33.113207547169814}
{'loss': 0.2238, 'grad_norm': 0.5070788264274597, 'learning_rate': 3.3811320754716988e-06, 'lm_loss': 0.0, 'pchembl_loss': 0.2924194633960724, 'ranking_loss': 0.0, 'total_loss': 0.28905725479125977, 'epoch': 33.132075471698116}
{'loss': 0.2273, 'grad_norm': 0.472273051738739, 'learning_rate': 3.377358490566038e-06, 'lm_loss': 0.0, 'pchembl_loss': 0.24554011225700378, 'ranking_loss': 0.0, 'total_loss': 0.24271605908870697, 'epoch': 33.15094339622642}
{'loss': 0.2294, 'grad_norm': 1.3666102886199951, 'learning_rate': 3.3735849056603773e-06, 'lm_loss': 0.0, 'pchembl_loss': 0.26370102167129517, 'ranking_loss': 0.0, 'total_loss': 0.26066717505455017, 'epoch': 33.16981132075472}
{'loss': 0.2295, 'grad_norm': 0.462459534406662, 'learning_rate': 3.3698113207547173e-06, 'lm_loss': 0.0, 'pchembl_loss': 0.26510685682296753, 'ranking_loss': 0.0, 'total_loss': 0.2620559334754944, 'epoch': 33.18867924528302}
{'loss': 0.2307, 'grad_norm': 0.434266060590744, 'learning_rate': 3.366037735849057e-06, 'lm_loss': 0.0, 'pchembl_loss': 0.2417956441640854, 'ranking_loss': 0.0, 'total_loss': 0.23901215195655823, 'epoch': 33.20754716981132}
{'loss': 0.2324, 'grad_norm': 0.533987283706665, 'learning_rate': 3.3622641509433967e-06, 'lm_loss': 0.0, 'pchembl_loss': 0.2044917643070221, 'ranking_loss': 0.0, 'total_loss': 0.20213699340820312, 'epoch': 33.22641509433962}
{'loss': 0.2291, 'grad_norm': 0.6924650073051453, 'learning_rate': 3.3584905660377357e-06, 'lm_loss': 0.0, 'pchembl_loss': 0.2655542492866516, 'ranking_loss': 0.0, 'total_loss': 0.2624954283237457, 'epoch': 33.24528301886792}
{'loss': 0.2271, 'grad_norm': 0.5027331709861755, 'learning_rate': 3.3547169811320756e-06, 'lm_loss': 0.0, 'pchembl_loss': 0.21436388790607452, 'ranking_loss': 0.0, 'total_loss': 0.2118939608335495, 'epoch': 33.264150943396224}
{'loss': 0.2285, 'grad_norm': 0.4727863073348999, 'learning_rate': 3.3509433962264156e-06, 'lm_loss': 0.0, 'pchembl_loss': 0.2070084661245346, 'ranking_loss': 0.0, 'total_loss': 0.20462258160114288, 'epoch': 33.283018867924525}
{'loss': 0.229, 'grad_norm': 0.5364964604377747, 'learning_rate': 3.347169811320755e-06, 'lm_loss': 0.0, 'pchembl_loss': 0.1866033524274826, 'ranking_loss': 0.0, 'total_loss': 0.18445199728012085, 'epoch': 33.301886792452834}
{'loss': 0.2308, 'grad_norm': 0.4538695514202118, 'learning_rate': 3.343396226415095e-06, 'lm_loss': 0.0, 'pchembl_loss': 0.198979914188385, 'ranking_loss': 0.0, 'total_loss': 0.19668516516685486, 'epoch': 33.320754716981135}
{'loss': 0.2269, 'grad_norm': 0.61517733335495, 'learning_rate': 3.339622641509434e-06, 'lm_loss': 0.0, 'pchembl_loss': 0.2426261156797409, 'ranking_loss': 0.0, 'total_loss': 0.23982717096805573, 'epoch': 33.339622641509436}
{'loss': 0.2279, 'grad_norm': 0.556098222732544, 'learning_rate': 3.335849056603774e-06, 'lm_loss': 0.0, 'pchembl_loss': 0.26892492175102234, 'ranking_loss': 0.0, 'total_loss': 0.265821635723114, 'epoch': 33.35849056603774}
{'loss': 0.232, 'grad_norm': 0.4867607653141022, 'learning_rate': 3.3320754716981134e-06, 'lm_loss': 0.0, 'pchembl_loss': 0.20317603647708893, 'ranking_loss': 0.0, 'total_loss': 0.20083075761795044, 'epoch': 33.37735849056604}
{'loss': 0.227, 'grad_norm': 0.4368624687194824, 'learning_rate': 3.3283018867924534e-06, 'lm_loss': 0.0, 'pchembl_loss': 0.20282718539237976, 'ranking_loss': 0.0, 'total_loss': 0.2004852145910263, 'epoch': 33.39622641509434}
{'loss': 0.2346, 'grad_norm': 0.4259452223777771, 'learning_rate': 3.324528301886793e-06, 'lm_loss': 0.0, 'pchembl_loss': 0.17641125619411469, 'ranking_loss': 0.0, 'total_loss': 0.17437368631362915, 'epoch': 33.41509433962264}
{'loss': 0.231, 'grad_norm': 0.6862974166870117, 'learning_rate': 3.3207547169811323e-06, 'lm_loss': 0.0, 'pchembl_loss': 0.2745240032672882, 'ranking_loss': 0.0, 'total_loss': 0.27135226130485535, 'epoch': 33.43396226415094}
{'loss': 0.2295, 'grad_norm': 0.9981091618537903, 'learning_rate': 3.316981132075472e-06, 'lm_loss': 0.0, 'pchembl_loss': 0.24790675938129425, 'ranking_loss': 0.0, 'total_loss': 0.2450416535139084, 'epoch': 33.45283018867924}
{'loss': 0.2297, 'grad_norm': 0.6419653296470642, 'learning_rate': 3.3132075471698117e-06, 'lm_loss': 0.0, 'pchembl_loss': 0.24635624885559082, 'ranking_loss': 0.0, 'total_loss': 0.2435082048177719, 'epoch': 33.471698113207545}
{'loss': 0.2388, 'grad_norm': 0.7211216688156128, 'learning_rate': 3.3094339622641512e-06, 'lm_loss': 0.0, 'pchembl_loss': 0.1894207000732422, 'ranking_loss': 0.0, 'total_loss': 0.1872301995754242, 'epoch': 33.490566037735846}
{'loss': 0.2267, 'grad_norm': 0.8637891411781311, 'learning_rate': 3.305660377358491e-06, 'lm_loss': 0.0, 'pchembl_loss': 0.17899323999881744, 'ranking_loss': 0.0, 'total_loss': 0.17692269384860992, 'epoch': 33.509433962264154}
{'loss': 0.2279, 'grad_norm': 0.6242731213569641, 'learning_rate': 3.30188679245283e-06, 'lm_loss': 0.0, 'pchembl_loss': 0.16447949409484863, 'ranking_loss': 0.0, 'total_loss': 0.16257625818252563, 'epoch': 33.528301886792455}
{'loss': 0.2291, 'grad_norm': 0.49209821224212646, 'learning_rate': 3.29811320754717e-06, 'lm_loss': 0.0, 'pchembl_loss': 0.19667193293571472, 'ranking_loss': 0.0, 'total_loss': 0.194395512342453, 'epoch': 33.54716981132076}
{'loss': 0.2299, 'grad_norm': 0.5272690057754517, 'learning_rate': 3.2943396226415096e-06, 'lm_loss': 0.0, 'pchembl_loss': 0.20637698471546173, 'ranking_loss': 0.0, 'total_loss': 0.2039874941110611, 'epoch': 33.56603773584906}
{'loss': 0.2249, 'grad_norm': 0.9610082507133484, 'learning_rate': 3.2905660377358495e-06, 'lm_loss': 0.0, 'pchembl_loss': 0.3377287983894348, 'ranking_loss': 0.0, 'total_loss': 0.3338173031806946, 'epoch': 33.58490566037736}
{'loss': 0.2333, 'grad_norm': 0.44825151562690735, 'learning_rate': 3.286792452830189e-06, 'lm_loss': 0.0, 'pchembl_loss': 0.21104297041893005, 'ranking_loss': 0.0, 'total_loss': 0.20859797298908234, 'epoch': 33.60377358490566}
{'loss': 0.231, 'grad_norm': 0.500604510307312, 'learning_rate': 3.2830188679245285e-06, 'lm_loss': 0.0, 'pchembl_loss': 0.21289168298244476, 'ranking_loss': 0.0, 'total_loss': 0.2104245275259018, 'epoch': 33.62264150943396}
{'loss': 0.2295, 'grad_norm': 1.047062873840332, 'learning_rate': 3.279245283018868e-06, 'lm_loss': 0.0, 'pchembl_loss': 0.25984951853752136, 'ranking_loss': 0.0, 'total_loss': 0.25683724880218506, 'epoch': 33.64150943396226}
{'loss': 0.2274, 'grad_norm': 0.7142303586006165, 'learning_rate': 3.275471698113208e-06, 'lm_loss': 0.0, 'pchembl_loss': 0.2678240239620209, 'ranking_loss': 0.0, 'total_loss': 0.2647183835506439, 'epoch': 33.660377358490564}
{'loss': 0.2294, 'grad_norm': 0.5880276560783386, 'learning_rate': 3.2716981132075474e-06, 'lm_loss': 0.0, 'pchembl_loss': 0.18708057701587677, 'ranking_loss': 0.0, 'total_loss': 0.18491056561470032, 'epoch': 33.679245283018865}
{'loss': 0.2277, 'grad_norm': 0.46232736110687256, 'learning_rate': 3.2679245283018873e-06, 'lm_loss': 0.0, 'pchembl_loss': 0.2806287109851837, 'ranking_loss': 0.0, 'total_loss': 0.2773726284503937, 'epoch': 33.698113207547166}
{'loss': 0.2345, 'grad_norm': 0.550386369228363, 'learning_rate': 3.2641509433962264e-06, 'lm_loss': 0.0, 'pchembl_loss': 0.25044211745262146, 'ranking_loss': 0.0, 'total_loss': 0.24753542244434357, 'epoch': 33.716981132075475}
{'loss': 0.2271, 'grad_norm': 0.48788225650787354, 'learning_rate': 3.2603773584905663e-06, 'lm_loss': 0.0, 'pchembl_loss': 0.28280556201934814, 'ranking_loss': 0.0, 'total_loss': 0.27952226996421814, 'epoch': 33.735849056603776}
{'loss': 0.2285, 'grad_norm': 0.9454514384269714, 'learning_rate': 3.256603773584906e-06, 'lm_loss': 0.0, 'pchembl_loss': 0.22367282211780548, 'ranking_loss': 0.0, 'total_loss': 0.22107526659965515, 'epoch': 33.75471698113208}
{'loss': 0.2283, 'grad_norm': 0.6296769380569458, 'learning_rate': 3.2528301886792457e-06, 'lm_loss': 0.0, 'pchembl_loss': 0.18799670040607452, 'ranking_loss': 0.0, 'total_loss': 0.1858128160238266, 'epoch': 33.77358490566038}
{'loss': 0.2292, 'grad_norm': 1.097575068473816, 'learning_rate': 3.2490566037735848e-06, 'lm_loss': 0.0, 'pchembl_loss': 0.242855966091156, 'ranking_loss': 0.0, 'total_loss': 0.24003395438194275, 'epoch': 33.79245283018868}
{'loss': 0.2313, 'grad_norm': 0.45175614953041077, 'learning_rate': 3.2452830188679247e-06, 'lm_loss': 0.0, 'pchembl_loss': 0.2452624887228012, 'ranking_loss': 0.0, 'total_loss': 0.24241165816783905, 'epoch': 33.81132075471698}
{'loss': 0.226, 'grad_norm': 0.5970393419265747, 'learning_rate': 3.241509433962264e-06, 'lm_loss': 0.0, 'pchembl_loss': 0.22365368902683258, 'ranking_loss': 0.0, 'total_loss': 0.22105325758457184, 'epoch': 33.83018867924528}
{'loss': 0.2289, 'grad_norm': 1.016010046005249, 'learning_rate': 3.237735849056604e-06, 'lm_loss': 0.0, 'pchembl_loss': 0.20837458968162537, 'ranking_loss': 0.0, 'total_loss': 0.20595109462738037, 'epoch': 33.84905660377358}
{'loss': 0.2277, 'grad_norm': 0.9294528961181641, 'learning_rate': 3.233962264150944e-06, 'lm_loss': 0.0, 'pchembl_loss': 0.23017090559005737, 'ranking_loss': 0.0, 'total_loss': 0.22749310731887817, 'epoch': 33.867924528301884}
{'loss': 0.2298, 'grad_norm': 0.5292589068412781, 'learning_rate': 3.230188679245283e-06, 'lm_loss': 0.0, 'pchembl_loss': 0.3015781044960022, 'ranking_loss': 0.0, 'total_loss': 0.2980685532093048, 'epoch': 33.886792452830186}
{'loss': 0.2294, 'grad_norm': 0.5066772103309631, 'learning_rate': 3.2264150943396226e-06, 'lm_loss': 0.0, 'pchembl_loss': 0.29480159282684326, 'ranking_loss': 0.0, 'total_loss': 0.29136985540390015, 'epoch': 33.905660377358494}
{'loss': 0.2301, 'grad_norm': 0.49053138494491577, 'learning_rate': 3.2226415094339625e-06, 'lm_loss': 0.0, 'pchembl_loss': 0.21261920034885406, 'ranking_loss': 0.0, 'total_loss': 0.21014341711997986, 'epoch': 33.924528301886795}
{'loss': 0.2285, 'grad_norm': 0.6602959632873535, 'learning_rate': 3.2188679245283024e-06, 'lm_loss': 0.0, 'pchembl_loss': 0.20100867748260498, 'ranking_loss': 0.0, 'total_loss': 0.19866740703582764, 'epoch': 33.943396226415096}
{'loss': 0.2303, 'grad_norm': 0.47251972556114197, 'learning_rate': 3.215094339622642e-06, 'lm_loss': 0.0, 'pchembl_loss': 0.21754354238510132, 'ranking_loss': 0.0, 'total_loss': 0.215008944272995, 'epoch': 33.9622641509434}
{'loss': 0.2264, 'grad_norm': 0.483390748500824, 'learning_rate': 3.211320754716981e-06, 'lm_loss': 0.0, 'pchembl_loss': 0.20122592151165009, 'ranking_loss': 0.0, 'total_loss': 0.19888076186180115, 'epoch': 33.9811320754717}
{'loss': 0.2319, 'grad_norm': 0.5815110206604004, 'learning_rate': 3.207547169811321e-06, 'lm_loss': 0.0, 'pchembl_loss': 0.2864775061607361, 'ranking_loss': 0.0, 'total_loss': 0.28313782811164856, 'epoch': 34.0}
{'eval_loss': 0.22206181287765503, 'eval_pchembl_norm_mse': 0.39859992265701294, 'eval_pchembl_norm_mae': 0.4555387794971466, 'eval_pchembl_norm_rmse': 0.6313477158546448, 'eval_pchembl_r2': 0.5941298007965088, 'eval_pchembl_count': 20000, 'eval_pchembl_norm_mean_pred': -0.016371477395296097, 'eval_pchembl_norm_std_pred': 0.8187441229820251, 'eval_pchembl_norm_mean_true': -0.02121046371757984, 'eval_pchembl_norm_std_true': 0.9910030961036682, 'eval_pchembl_raw_mse': 0.7397026419639587, 'eval_pchembl_raw_mae': 0.6205621957778931, 'eval_pchembl_raw_rmse': 0.8600596785545349, 'eval_pchembl_raw_pearson': 0.7726686151077586, 'eval_pchembl_raw_spearman': 0.7712447227125123, 'eval_runtime': 8.9475, 'eval_samples_per_second': 1176.982, 'eval_steps_per_second': 0.112, 'epoch': 34.0}
{'eval_lm_loss': 0.0, 'eval_pchembl_loss': 0.224082533121109, 'eval_ranking_loss': 0.0, 'eval_total_loss': 0.22146946728229522, 'epoch': 34.0}
{'eval_evaluation_time_sec': 9.011630177032202, 'epoch': 34.0}
{'loss': 0.2252, 'grad_norm': 0.48971354961395264, 'learning_rate': 3.2037735849056608e-06, 'lm_loss': 0.0, 'pchembl_loss': 0.20069266855716705, 'ranking_loss': 0.0, 'total_loss': 0.19835235178470612, 'epoch': 34.0188679245283}
{'loss': 0.2281, 'grad_norm': 0.5104762315750122, 'learning_rate': 3.2000000000000003e-06, 'lm_loss': 0.0, 'pchembl_loss': 0.20744732022285461, 'ranking_loss': 0.0, 'total_loss': 0.2050275355577469, 'epoch': 34.0377358490566}
{'loss': 0.2231, 'grad_norm': 0.5816161036491394, 'learning_rate': 3.19622641509434e-06, 'lm_loss': 0.0, 'pchembl_loss': 0.20706893503665924, 'ranking_loss': 0.0, 'total_loss': 0.20465286076068878, 'epoch': 34.056603773584904}
{'loss': 0.2324, 'grad_norm': 0.8755680918693542, 'learning_rate': 3.1924528301886793e-06, 'lm_loss': 0.0, 'pchembl_loss': 0.23666362464427948, 'ranking_loss': 0.0, 'total_loss': 0.23390144109725952, 'epoch': 34.075471698113205}
{'loss': 0.2322, 'grad_norm': 0.6748613119125366, 'learning_rate': 3.188679245283019e-06, 'lm_loss': 0.0, 'pchembl_loss': 0.17572104930877686, 'ranking_loss': 0.0, 'total_loss': 0.17366954684257507, 'epoch': 34.094339622641506}
{'loss': 0.2299, 'grad_norm': 0.4500223398208618, 'learning_rate': 3.1849056603773587e-06, 'lm_loss': 0.0, 'pchembl_loss': 0.2328113168478012, 'ranking_loss': 0.0, 'total_loss': 0.23009251058101654, 'epoch': 34.113207547169814}
{'loss': 0.2283, 'grad_norm': 0.9176211357116699, 'learning_rate': 3.1811320754716986e-06, 'lm_loss': 0.0, 'pchembl_loss': 0.20404033362865448, 'ranking_loss': 0.0, 'total_loss': 0.20165681838989258, 'epoch': 34.132075471698116}
{'loss': 0.2312, 'grad_norm': 0.4629872739315033, 'learning_rate': 3.177358490566038e-06, 'lm_loss': 0.0, 'pchembl_loss': 0.26159316301345825, 'ranking_loss': 0.0, 'total_loss': 0.2585364580154419, 'epoch': 34.15094339622642}
{'loss': 0.2264, 'grad_norm': 0.571539044380188, 'learning_rate': 3.1735849056603776e-06, 'lm_loss': 0.0, 'pchembl_loss': 0.22866591811180115, 'ranking_loss': 0.0, 'total_loss': 0.22599318623542786, 'epoch': 34.16981132075472}
{'loss': 0.2305, 'grad_norm': 0.6259109377861023, 'learning_rate': 3.169811320754717e-06, 'lm_loss': 0.0, 'pchembl_loss': 0.19934941828250885, 'ranking_loss': 0.0, 'total_loss': 0.19701866805553436, 'epoch': 34.18867924528302}
{'loss': 0.2267, 'grad_norm': 0.6796072125434875, 'learning_rate': 3.166037735849057e-06, 'lm_loss': 0.0, 'pchembl_loss': 0.26525986194610596, 'ranking_loss': 0.0, 'total_loss': 0.2621576189994812, 'epoch': 34.20754716981132}
{'loss': 0.2259, 'grad_norm': 0.7599592804908752, 'learning_rate': 3.1622641509433965e-06, 'lm_loss': 0.0, 'pchembl_loss': 0.21522971987724304, 'ranking_loss': 0.0, 'total_loss': 0.21271184086799622, 'epoch': 34.22641509433962}
{'loss': 0.2266, 'grad_norm': 0.42949509620666504, 'learning_rate': 3.1584905660377364e-06, 'lm_loss': 0.0, 'pchembl_loss': 0.26463794708251953, 'ranking_loss': 0.0, 'total_loss': 0.2615411579608917, 'epoch': 34.24528301886792}
{'loss': 0.2316, 'grad_norm': 0.6510433554649353, 'learning_rate': 3.1547169811320754e-06, 'lm_loss': 0.0, 'pchembl_loss': 0.24210292100906372, 'ranking_loss': 0.0, 'total_loss': 0.23926903307437897, 'epoch': 34.264150943396224}
{'loss': 0.2268, 'grad_norm': 0.5439409017562866, 'learning_rate': 3.1509433962264154e-06, 'lm_loss': 0.0, 'pchembl_loss': 0.21796664595603943, 'ranking_loss': 0.0, 'total_loss': 0.21541455388069153, 'epoch': 34.283018867924525}
{'loss': 0.2281, 'grad_norm': 1.3379288911819458, 'learning_rate': 3.147169811320755e-06, 'lm_loss': 0.0, 'pchembl_loss': 0.2310451865196228, 'ranking_loss': 0.0, 'total_loss': 0.22833919525146484, 'epoch': 34.301886792452834}
{'loss': 0.2294, 'grad_norm': 0.7265299558639526, 'learning_rate': 3.1433962264150948e-06, 'lm_loss': 0.0, 'pchembl_loss': 0.17245231568813324, 'ranking_loss': 0.0, 'total_loss': 0.17043200135231018, 'epoch': 34.320754716981135}
{'loss': 0.2314, 'grad_norm': 0.6156676411628723, 'learning_rate': 3.1396226415094343e-06, 'lm_loss': 0.0, 'pchembl_loss': 0.20706240832805634, 'ranking_loss': 0.0, 'total_loss': 0.20463594794273376, 'epoch': 34.339622641509436}
{'loss': 0.2303, 'grad_norm': 0.7027032375335693, 'learning_rate': 3.1358490566037737e-06, 'lm_loss': 0.0, 'pchembl_loss': 0.2982855439186096, 'ranking_loss': 0.0, 'total_loss': 0.2947891056537628, 'epoch': 34.35849056603774}
{'loss': 0.2275, 'grad_norm': 1.2657374143600464, 'learning_rate': 3.1320754716981132e-06, 'lm_loss': 0.0, 'pchembl_loss': 0.22134162485599518, 'ranking_loss': 0.0, 'total_loss': 0.2187463790178299, 'epoch': 34.37735849056604}
{'loss': 0.2317, 'grad_norm': 0.4452490210533142, 'learning_rate': 3.128301886792453e-06, 'lm_loss': 0.0, 'pchembl_loss': 0.17857180535793304, 'ranking_loss': 0.0, 'total_loss': 0.17647746205329895, 'epoch': 34.39622641509434}
{'loss': 0.2281, 'grad_norm': 0.7810969352722168, 'learning_rate': 3.1245283018867926e-06, 'lm_loss': 0.0, 'pchembl_loss': 0.19096912443637848, 'ranking_loss': 0.0, 'total_loss': 0.18872876465320587, 'epoch': 34.41509433962264}
{'loss': 0.2273, 'grad_norm': 1.2350298166275024, 'learning_rate': 3.1207547169811326e-06, 'lm_loss': 0.0, 'pchembl_loss': 0.20934928953647614, 'ranking_loss': 0.0, 'total_loss': 0.20689263939857483, 'epoch': 34.43396226415094}
{'loss': 0.2307, 'grad_norm': 0.5112685561180115, 'learning_rate': 3.1169811320754716e-06, 'lm_loss': 0.0, 'pchembl_loss': 0.2349724918603897, 'ranking_loss': 0.0, 'total_loss': 0.23221440613269806, 'epoch': 34.45283018867924}
{'loss': 0.2294, 'grad_norm': 0.9456535577774048, 'learning_rate': 3.1132075471698115e-06, 'lm_loss': 0.0, 'pchembl_loss': 0.20948895812034607, 'ranking_loss': 0.0, 'total_loss': 0.207029327750206, 'epoch': 34.471698113207545}
{'loss': 0.2289, 'grad_norm': 0.9787072539329529, 'learning_rate': 3.109433962264151e-06, 'lm_loss': 0.0, 'pchembl_loss': 0.2565000057220459, 'ranking_loss': 0.0, 'total_loss': 0.25348758697509766, 'epoch': 34.490566037735846}
{'loss': 0.2291, 'grad_norm': 0.5378237962722778, 'learning_rate': 3.105660377358491e-06, 'lm_loss': 0.0, 'pchembl_loss': 0.1983192265033722, 'ranking_loss': 0.0, 'total_loss': 0.1959894597530365, 'epoch': 34.509433962264154}
{'loss': 0.23, 'grad_norm': 0.6677941679954529, 'learning_rate': 3.1018867924528304e-06, 'lm_loss': 0.0, 'pchembl_loss': 0.285928338766098, 'ranking_loss': 0.0, 'total_loss': 0.28256845474243164, 'epoch': 34.528301886792455}
{'loss': 0.2319, 'grad_norm': 0.7337518930435181, 'learning_rate': 3.09811320754717e-06, 'lm_loss': 0.0, 'pchembl_loss': 0.1891423612833023, 'ranking_loss': 0.0, 'total_loss': 0.1869191825389862, 'epoch': 34.54716981132076}
{'loss': 0.2284, 'grad_norm': 0.5274307727813721, 'learning_rate': 3.0943396226415094e-06, 'lm_loss': 0.0, 'pchembl_loss': 0.20195896923542023, 'ranking_loss': 0.0, 'total_loss': 0.199584499001503, 'epoch': 34.56603773584906}
{'loss': 0.225, 'grad_norm': 0.9616634845733643, 'learning_rate': 3.0905660377358493e-06, 'lm_loss': 0.0, 'pchembl_loss': 0.15521059930324554, 'ranking_loss': 0.0, 'total_loss': 0.1533852517604828, 'epoch': 34.58490566037736}
{'loss': 0.2287, 'grad_norm': 0.5953308939933777, 'learning_rate': 3.086792452830189e-06, 'lm_loss': 0.0, 'pchembl_loss': 0.22549596428871155, 'ranking_loss': 0.0, 'total_loss': 0.22284331917762756, 'epoch': 34.60377358490566}
{'loss': 0.2272, 'grad_norm': 0.5524281859397888, 'learning_rate': 3.0830188679245287e-06, 'lm_loss': 0.0, 'pchembl_loss': 0.17822980880737305, 'ranking_loss': 0.0, 'total_loss': 0.17613260447978973, 'epoch': 34.62264150943396}
{'loss': 0.2314, 'grad_norm': 0.7976579070091248, 'learning_rate': 3.079245283018868e-06, 'lm_loss': 0.0, 'pchembl_loss': 0.27449750900268555, 'ranking_loss': 0.0, 'total_loss': 0.2712666690349579, 'epoch': 34.64150943396226}
{'loss': 0.2296, 'grad_norm': 0.5691863894462585, 'learning_rate': 3.0754716981132077e-06, 'lm_loss': 0.0, 'pchembl_loss': 0.22176377475261688, 'ranking_loss': 0.0, 'total_loss': 0.21915288269519806, 'epoch': 34.660377358490564}
{'loss': 0.2295, 'grad_norm': 0.5128319263458252, 'learning_rate': 3.071698113207547e-06, 'lm_loss': 0.0, 'pchembl_loss': 0.2313212901353836, 'ranking_loss': 0.0, 'total_loss': 0.22859713435173035, 'epoch': 34.679245283018865}
{'loss': 0.2269, 'grad_norm': 1.0857473611831665, 'learning_rate': 3.067924528301887e-06, 'lm_loss': 0.0, 'pchembl_loss': 0.21048282086849213, 'ranking_loss': 0.0, 'total_loss': 0.20800338685512543, 'epoch': 34.698113207547166}
{'loss': 0.2315, 'grad_norm': 0.5216730237007141, 'learning_rate': 3.064150943396227e-06, 'lm_loss': 0.0, 'pchembl_loss': 0.27207717299461365, 'ranking_loss': 0.0, 'total_loss': 0.2688713073730469, 'epoch': 34.716981132075475}
{'loss': 0.2335, 'grad_norm': 0.5538886189460754, 'learning_rate': 3.060377358490566e-06, 'lm_loss': 0.0, 'pchembl_loss': 0.24476909637451172, 'ranking_loss': 0.0, 'total_loss': 0.24188420176506042, 'epoch': 34.735849056603776}
{'loss': 0.2285, 'grad_norm': 1.0611544847488403, 'learning_rate': 3.0566037735849056e-06, 'lm_loss': 0.0, 'pchembl_loss': 0.17486068606376648, 'ranking_loss': 0.0, 'total_loss': 0.17279918491840363, 'epoch': 34.75471698113208}
{'loss': 0.2352, 'grad_norm': 0.5958938002586365, 'learning_rate': 3.0528301886792455e-06, 'lm_loss': 0.0, 'pchembl_loss': 0.21977561712265015, 'ranking_loss': 0.0, 'total_loss': 0.2171838879585266, 'epoch': 34.77358490566038}
{'loss': 0.2271, 'grad_norm': 0.7119329571723938, 'learning_rate': 3.0490566037735854e-06, 'lm_loss': 0.0, 'pchembl_loss': 0.21501795947551727, 'ranking_loss': 0.0, 'total_loss': 0.21248164772987366, 'epoch': 34.79245283018868}
{'loss': 0.2269, 'grad_norm': 0.7133670449256897, 'learning_rate': 3.045283018867925e-06, 'lm_loss': 0.0, 'pchembl_loss': 0.20573046803474426, 'ranking_loss': 0.0, 'total_loss': 0.20330305397510529, 'epoch': 34.81132075471698}
{'loss': 0.2261, 'grad_norm': 0.45793965458869934, 'learning_rate': 3.041509433962264e-06, 'lm_loss': 0.0, 'pchembl_loss': 0.19311738014221191, 'ranking_loss': 0.0, 'total_loss': 0.19083815813064575, 'epoch': 34.83018867924528}
{'loss': 0.2231, 'grad_norm': 0.8299537897109985, 'learning_rate': 3.037735849056604e-06, 'lm_loss': 0.0, 'pchembl_loss': 0.20018470287322998, 'ranking_loss': 0.0, 'total_loss': 0.19782142341136932, 'epoch': 34.84905660377358}
{'loss': 0.2302, 'grad_norm': 0.6604734659194946, 'learning_rate': 3.033962264150944e-06, 'lm_loss': 0.0, 'pchembl_loss': 0.22407416999340057, 'ranking_loss': 0.0, 'total_loss': 0.22142814099788666, 'epoch': 34.867924528301884}
{'loss': 0.2242, 'grad_norm': 0.6787531971931458, 'learning_rate': 3.0301886792452833e-06, 'lm_loss': 0.0, 'pchembl_loss': 0.28533321619033813, 'ranking_loss': 0.0, 'total_loss': 0.28196287155151367, 'epoch': 34.886792452830186}
{'loss': 0.2304, 'grad_norm': 0.8708473443984985, 'learning_rate': 3.0264150943396232e-06, 'lm_loss': 0.0, 'pchembl_loss': 0.27489709854125977, 'ranking_loss': 0.0, 'total_loss': 0.27164915204048157, 'epoch': 34.905660377358494}
{'loss': 0.2299, 'grad_norm': 0.8496134281158447, 'learning_rate': 3.0226415094339623e-06, 'lm_loss': 0.0, 'pchembl_loss': 0.2259701043367386, 'ranking_loss': 0.0, 'total_loss': 0.22329950332641602, 'epoch': 34.924528301886795}
{'loss': 0.2286, 'grad_norm': 0.7218531966209412, 'learning_rate': 3.018867924528302e-06, 'lm_loss': 0.0, 'pchembl_loss': 0.1977355182170868, 'ranking_loss': 0.0, 'total_loss': 0.1953979730606079, 'epoch': 34.943396226415096}
{'loss': 0.228, 'grad_norm': 0.4725087583065033, 'learning_rate': 3.0150943396226417e-06, 'lm_loss': 0.0, 'pchembl_loss': 0.2064974308013916, 'ranking_loss': 0.0, 'total_loss': 0.20405563712120056, 'epoch': 34.9622641509434}
{'loss': 0.2321, 'grad_norm': 0.5244313478469849, 'learning_rate': 3.0113207547169816e-06, 'lm_loss': 0.0, 'pchembl_loss': 0.2253924161195755, 'ranking_loss': 0.0, 'total_loss': 0.2227264791727066, 'epoch': 34.9811320754717}
{'loss': 0.2231, 'grad_norm': 0.6520871520042419, 'learning_rate': 3.007547169811321e-06, 'lm_loss': 0.0, 'pchembl_loss': 0.19116003811359406, 'ranking_loss': 0.0, 'total_loss': 0.18889838457107544, 'epoch': 35.0}
{'eval_loss': 0.22062236070632935, 'eval_pchembl_norm_mse': 0.39610183238983154, 'eval_pchembl_norm_mae': 0.4536603093147278, 'eval_pchembl_norm_rmse': 0.6293662190437317, 'eval_pchembl_r2': 0.5966734886169434, 'eval_pchembl_count': 20000, 'eval_pchembl_norm_mean_pred': -0.03251457214355469, 'eval_pchembl_norm_std_pred': 0.8036286234855652, 'eval_pchembl_norm_mean_true': -0.02121046371757984, 'eval_pchembl_norm_std_true': 0.9910030961036682, 'eval_pchembl_raw_mse': 0.7350667715072632, 'eval_pchembl_raw_mae': 0.618003249168396, 'eval_pchembl_raw_rmse': 0.8573603630065918, 'eval_pchembl_raw_pearson': 0.7734395240009493, 'eval_pchembl_raw_spearman': 0.7718557594815848, 'eval_runtime': 8.8891, 'eval_samples_per_second': 1184.704, 'eval_steps_per_second': 0.112, 'epoch': 35.0}
{'eval_lm_loss': 0.0, 'eval_pchembl_loss': 0.22268709152936936, 'eval_ranking_loss': 0.0, 'eval_total_loss': 0.220051713809371, 'epoch': 35.0}
{'eval_evaluation_time_sec': 8.94159865588881, 'epoch': 35.0}
{'loss': 0.2281, 'grad_norm': 0.652218222618103, 'learning_rate': 3.0037735849056606e-06, 'lm_loss': 0.0, 'pchembl_loss': 0.23127783834934235, 'ranking_loss': 0.0, 'total_loss': 0.2285407930612564, 'epoch': 35.0188679245283}
{'loss': 0.2285, 'grad_norm': 0.9467467665672302, 'learning_rate': 3e-06, 'lm_loss': 0.0, 'pchembl_loss': 0.24047954380512238, 'ranking_loss': 0.0, 'total_loss': 0.2376328408718109, 'epoch': 35.0377358490566}
{'loss': 0.2285, 'grad_norm': 0.8959785103797913, 'learning_rate': 2.99622641509434e-06, 'lm_loss': 0.0, 'pchembl_loss': 0.23555178940296173, 'ranking_loss': 0.0, 'total_loss': 0.2327626794576645, 'epoch': 35.056603773584904}
{'loss': 0.2299, 'grad_norm': 0.4650211036205292, 'learning_rate': 2.9924528301886795e-06, 'lm_loss': 0.0, 'pchembl_loss': 0.17363421618938446, 'ranking_loss': 0.0, 'total_loss': 0.17157770693302155, 'epoch': 35.075471698113205}
{'loss': 0.2311, 'grad_norm': 0.6534634232521057, 'learning_rate': 2.9886792452830194e-06, 'lm_loss': 0.0, 'pchembl_loss': 0.2512456178665161, 'ranking_loss': 0.0, 'total_loss': 0.24826909601688385, 'epoch': 35.094339622641506}
{'loss': 0.226, 'grad_norm': 0.517928957939148, 'learning_rate': 2.9849056603773585e-06, 'lm_loss': 0.0, 'pchembl_loss': 0.1992790549993515, 'ranking_loss': 0.0, 'total_loss': 0.1969175487756729, 'epoch': 35.113207547169814}
{'loss': 0.2302, 'grad_norm': 0.725820004940033, 'learning_rate': 2.9811320754716984e-06, 'lm_loss': 0.0, 'pchembl_loss': 0.24742068350315094, 'ranking_loss': 0.0, 'total_loss': 0.2444879114627838, 'epoch': 35.132075471698116}
{'loss': 0.2289, 'grad_norm': 1.0826579332351685, 'learning_rate': 2.977358490566038e-06, 'lm_loss': 0.0, 'pchembl_loss': 0.22837111353874207, 'ranking_loss': 0.0, 'total_loss': 0.225663423538208, 'epoch': 35.15094339622642}
{'loss': 0.2262, 'grad_norm': 0.4551401734352112, 'learning_rate': 2.9735849056603778e-06, 'lm_loss': 0.0, 'pchembl_loss': 0.18719090521335602, 'ranking_loss': 0.0, 'total_loss': 0.18497087061405182, 'epoch': 35.16981132075472}
{'loss': 0.2278, 'grad_norm': 0.6908577084541321, 'learning_rate': 2.9698113207547173e-06, 'lm_loss': 0.0, 'pchembl_loss': 0.23635604977607727, 'ranking_loss': 0.0, 'total_loss': 0.23355220258235931, 'epoch': 35.18867924528302}
{'loss': 0.2261, 'grad_norm': 0.8389270305633545, 'learning_rate': 2.9660377358490568e-06, 'lm_loss': 0.0, 'pchembl_loss': 0.19533517956733704, 'ranking_loss': 0.0, 'total_loss': 0.19301734864711761, 'epoch': 35.20754716981132}
{'loss': 0.2298, 'grad_norm': 0.8327895998954773, 'learning_rate': 2.9622641509433963e-06, 'lm_loss': 0.0, 'pchembl_loss': 0.1710386574268341, 'ranking_loss': 0.0, 'total_loss': 0.16900859773159027, 'epoch': 35.22641509433962}
{'loss': 0.2247, 'grad_norm': 0.6829490065574646, 'learning_rate': 2.958490566037736e-06, 'lm_loss': 0.0, 'pchembl_loss': 0.20383243262767792, 'ranking_loss': 0.0, 'total_loss': 0.20141251385211945, 'epoch': 35.24528301886792}
{'loss': 0.2315, 'grad_norm': 1.3017381429672241, 'learning_rate': 2.9547169811320757e-06, 'lm_loss': 0.0, 'pchembl_loss': 0.23076938092708588, 'ranking_loss': 0.0, 'total_loss': 0.22802895307540894, 'epoch': 35.264150943396224}
{'loss': 0.2305, 'grad_norm': 0.502902090549469, 'learning_rate': 2.9509433962264156e-06, 'lm_loss': 0.0, 'pchembl_loss': 0.2013911008834839, 'ranking_loss': 0.0, 'total_loss': 0.19899895787239075, 'epoch': 35.283018867924525}
{'loss': 0.2255, 'grad_norm': 0.6566312909126282, 'learning_rate': 2.9471698113207546e-06, 'lm_loss': 0.0, 'pchembl_loss': 0.205183744430542, 'ranking_loss': 0.0, 'total_loss': 0.2027459293603897, 'epoch': 35.301886792452834}
{'loss': 0.2294, 'grad_norm': 0.5724635720252991, 'learning_rate': 2.9433962264150946e-06, 'lm_loss': 0.0, 'pchembl_loss': 0.24565663933753967, 'ranking_loss': 0.0, 'total_loss': 0.24273723363876343, 'epoch': 35.320754716981135}
{'loss': 0.228, 'grad_norm': 1.1679532527923584, 'learning_rate': 2.939622641509434e-06, 'lm_loss': 0.0, 'pchembl_loss': 0.20498977601528168, 'ranking_loss': 0.0, 'total_loss': 0.20255303382873535, 'epoch': 35.339622641509436}
{'loss': 0.2311, 'grad_norm': 0.7665172815322876, 'learning_rate': 2.935849056603774e-06, 'lm_loss': 0.0, 'pchembl_loss': 0.2107085883617401, 'ranking_loss': 0.0, 'total_loss': 0.2082032412290573, 'epoch': 35.35849056603774}
{'loss': 0.2246, 'grad_norm': 0.5211085677146912, 'learning_rate': 2.932075471698114e-06, 'lm_loss': 0.0, 'pchembl_loss': 0.2724425792694092, 'ranking_loss': 0.0, 'total_loss': 0.2692023813724518, 'epoch': 35.37735849056604}
{'loss': 0.225, 'grad_norm': 1.0714571475982666, 'learning_rate': 2.928301886792453e-06, 'lm_loss': 0.0, 'pchembl_loss': 0.20999747514724731, 'ranking_loss': 0.0, 'total_loss': 0.20749932527542114, 'epoch': 35.39622641509434}
{'loss': 0.2272, 'grad_norm': 1.1774555444717407, 'learning_rate': 2.9245283018867924e-06, 'lm_loss': 0.0, 'pchembl_loss': 0.24323268234729767, 'ranking_loss': 0.0, 'total_loss': 0.24033844470977783, 'epoch': 35.41509433962264}
{'loss': 0.2315, 'grad_norm': 0.4454723000526428, 'learning_rate': 2.9207547169811324e-06, 'lm_loss': 0.0, 'pchembl_loss': 0.24203021824359894, 'ranking_loss': 0.0, 'total_loss': 0.23914958536624908, 'epoch': 35.43396226415094}
{'loss': 0.2242, 'grad_norm': 1.0683342218399048, 'learning_rate': 2.9169811320754723e-06, 'lm_loss': 0.0, 'pchembl_loss': 0.20543013513088226, 'ranking_loss': 0.0, 'total_loss': 0.2029845118522644, 'epoch': 35.45283018867924}
{'loss': 0.228, 'grad_norm': 1.3284863233566284, 'learning_rate': 2.9132075471698118e-06, 'lm_loss': 0.0, 'pchembl_loss': 0.18463081121444702, 'ranking_loss': 0.0, 'total_loss': 0.18243226408958435, 'epoch': 35.471698113207545}
{'loss': 0.2265, 'grad_norm': 0.6056287884712219, 'learning_rate': 2.909433962264151e-06, 'lm_loss': 0.0, 'pchembl_loss': 0.2195965200662613, 'ranking_loss': 0.0, 'total_loss': 0.21698097884655, 'epoch': 35.490566037735846}
{'loss': 0.2335, 'grad_norm': 0.632861852645874, 'learning_rate': 2.9056603773584907e-06, 'lm_loss': 0.0, 'pchembl_loss': 0.22915124893188477, 'ranking_loss': 0.0, 'total_loss': 0.22642125189304352, 'epoch': 35.509433962264154}
{'loss': 0.2271, 'grad_norm': 1.1982415914535522, 'learning_rate': 2.9018867924528307e-06, 'lm_loss': 0.0, 'pchembl_loss': 0.1625862419605255, 'ranking_loss': 0.0, 'total_loss': 0.16064879298210144, 'epoch': 35.528301886792455}
{'loss': 0.226, 'grad_norm': 1.053603172302246, 'learning_rate': 2.89811320754717e-06, 'lm_loss': 0.0, 'pchembl_loss': 0.2046097069978714, 'ranking_loss': 0.0, 'total_loss': 0.20217090845108032, 'epoch': 35.54716981132076}
{'loss': 0.2311, 'grad_norm': 0.5979291200637817, 'learning_rate': 2.89433962264151e-06, 'lm_loss': 0.0, 'pchembl_loss': 0.2222309112548828, 'ranking_loss': 0.0, 'total_loss': 0.21958144009113312, 'epoch': 35.56603773584906}
{'loss': 0.2326, 'grad_norm': 1.2275651693344116, 'learning_rate': 2.890566037735849e-06, 'lm_loss': 0.0, 'pchembl_loss': 0.28019991517066956, 'ranking_loss': 0.0, 'total_loss': 0.27685853838920593, 'epoch': 35.58490566037736}
{'loss': 0.2237, 'grad_norm': 1.5626459121704102, 'learning_rate': 2.886792452830189e-06, 'lm_loss': 0.0, 'pchembl_loss': 0.17962124943733215, 'ranking_loss': 0.0, 'total_loss': 0.17747876048088074, 'epoch': 35.60377358490566}
{'loss': 0.2269, 'grad_norm': 1.054000973701477, 'learning_rate': 2.8830188679245285e-06, 'lm_loss': 0.0, 'pchembl_loss': 0.21879048645496368, 'ranking_loss': 0.0, 'total_loss': 0.2161802053451538, 'epoch': 35.62264150943396}
{'loss': 0.2295, 'grad_norm': 0.49684610962867737, 'learning_rate': 2.8792452830188684e-06, 'lm_loss': 0.0, 'pchembl_loss': 0.22602099180221558, 'ranking_loss': 0.0, 'total_loss': 0.22332382202148438, 'epoch': 35.64150943396226}
{'loss': 0.2315, 'grad_norm': 1.4648724794387817, 'learning_rate': 2.875471698113208e-06, 'lm_loss': 0.0, 'pchembl_loss': 0.22426483035087585, 'ranking_loss': 0.0, 'total_loss': 0.22158800065517426, 'epoch': 35.660377358490564}
{'loss': 0.2298, 'grad_norm': 1.5518689155578613, 'learning_rate': 2.871698113207547e-06, 'lm_loss': 0.0, 'pchembl_loss': 0.2159591019153595, 'ranking_loss': 0.0, 'total_loss': 0.213380828499794, 'epoch': 35.679245283018865}
{'loss': 0.2332, 'grad_norm': 1.7525817155838013, 'learning_rate': 2.867924528301887e-06, 'lm_loss': 0.0, 'pchembl_loss': 0.2352222055196762, 'ranking_loss': 0.0, 'total_loss': 0.23241333663463593, 'epoch': 35.698113207547166}
{'loss': 0.2264, 'grad_norm': 0.8070311546325684, 'learning_rate': 2.864150943396227e-06, 'lm_loss': 0.0, 'pchembl_loss': 0.2599814534187317, 'ranking_loss': 0.0, 'total_loss': 0.25687628984451294, 'epoch': 35.716981132075475}
{'loss': 0.2241, 'grad_norm': 1.460511326789856, 'learning_rate': 2.8603773584905663e-06, 'lm_loss': 0.0, 'pchembl_loss': 0.22466403245925903, 'ranking_loss': 0.0, 'total_loss': 0.22198010981082916, 'epoch': 35.735849056603776}
{'loss': 0.2272, 'grad_norm': 0.6980182528495789, 'learning_rate': 2.8566037735849062e-06, 'lm_loss': 0.0, 'pchembl_loss': 0.24801407754421234, 'ranking_loss': 0.0, 'total_loss': 0.2450505793094635, 'epoch': 35.75471698113208}
{'loss': 0.2237, 'grad_norm': 0.5003283619880676, 'learning_rate': 2.8528301886792453e-06, 'lm_loss': 0.0, 'pchembl_loss': 0.18586760759353638, 'ranking_loss': 0.0, 'total_loss': 0.18364621698856354, 'epoch': 35.77358490566038}
{'loss': 0.2266, 'grad_norm': 0.834861695766449, 'learning_rate': 2.8490566037735852e-06, 'lm_loss': 0.0, 'pchembl_loss': 0.2322414368391037, 'ranking_loss': 0.0, 'total_loss': 0.22946521639823914, 'epoch': 35.79245283018868}
{'loss': 0.2283, 'grad_norm': 0.4928816556930542, 'learning_rate': 2.8452830188679247e-06, 'lm_loss': 0.0, 'pchembl_loss': 0.24108253419399261, 'ranking_loss': 0.0, 'total_loss': 0.23819999396800995, 'epoch': 35.81132075471698}
{'loss': 0.2287, 'grad_norm': 0.5453517436981201, 'learning_rate': 2.8415094339622646e-06, 'lm_loss': 0.0, 'pchembl_loss': 0.22605079412460327, 'ranking_loss': 0.0, 'total_loss': 0.22334738075733185, 'epoch': 35.83018867924528}
{'loss': 0.2269, 'grad_norm': 0.6578669548034668, 'learning_rate': 2.837735849056604e-06, 'lm_loss': 0.0, 'pchembl_loss': 0.2518708109855652, 'ranking_loss': 0.0, 'total_loss': 0.24885793030261993, 'epoch': 35.84905660377358}
{'loss': 0.2295, 'grad_norm': 0.477128803730011, 'learning_rate': 2.8339622641509436e-06, 'lm_loss': 0.0, 'pchembl_loss': 0.1698528230190277, 'ranking_loss': 0.0, 'total_loss': 0.16782058775424957, 'epoch': 35.867924528301884}
{'loss': 0.2265, 'grad_norm': 0.4674587845802307, 'learning_rate': 2.830188679245283e-06, 'lm_loss': 0.0, 'pchembl_loss': 0.2128380984067917, 'ranking_loss': 0.0, 'total_loss': 0.21029096841812134, 'epoch': 35.886792452830186}
{'loss': 0.2265, 'grad_norm': 0.4742753505706787, 'learning_rate': 2.826415094339623e-06, 'lm_loss': 0.0, 'pchembl_loss': 0.2428922802209854, 'ranking_loss': 0.0, 'total_loss': 0.23998482525348663, 'epoch': 35.905660377358494}
{'loss': 0.2262, 'grad_norm': 0.4450012147426605, 'learning_rate': 2.8226415094339625e-06, 'lm_loss': 0.0, 'pchembl_loss': 0.21262961626052856, 'ranking_loss': 0.0, 'total_loss': 0.21008382737636566, 'epoch': 35.924528301886795}
{'loss': 0.23, 'grad_norm': 0.7651146650314331, 'learning_rate': 2.8188679245283024e-06, 'lm_loss': 0.0, 'pchembl_loss': 0.20508630573749542, 'ranking_loss': 0.0, 'total_loss': 0.20263025164604187, 'epoch': 35.943396226415096}
{'loss': 0.2264, 'grad_norm': 0.5807742476463318, 'learning_rate': 2.8150943396226415e-06, 'lm_loss': 0.0, 'pchembl_loss': 0.3241189122200012, 'ranking_loss': 0.0, 'total_loss': 0.3202364444732666, 'epoch': 35.9622641509434}
{'loss': 0.2312, 'grad_norm': 0.7300152778625488, 'learning_rate': 2.8113207547169814e-06, 'lm_loss': 0.0, 'pchembl_loss': 0.21811741590499878, 'ranking_loss': 0.0, 'total_loss': 0.21550408005714417, 'epoch': 35.9811320754717}
{'loss': 0.226, 'grad_norm': 0.4869469404220581, 'learning_rate': 2.807547169811321e-06, 'lm_loss': 0.0, 'pchembl_loss': 0.13752201199531555, 'ranking_loss': 0.0, 'total_loss': 0.1358739286661148, 'epoch': 36.0}
{'eval_loss': 0.2199106365442276, 'eval_pchembl_norm_mse': 0.3943500220775604, 'eval_pchembl_norm_mae': 0.45286303758621216, 'eval_pchembl_norm_rmse': 0.6279729604721069, 'eval_pchembl_r2': 0.5984572172164917, 'eval_pchembl_count': 20000, 'eval_pchembl_norm_mean_pred': -0.024554848670959473, 'eval_pchembl_norm_std_pred': 0.8054893612861633, 'eval_pchembl_norm_mean_true': -0.02121046371757984, 'eval_pchembl_norm_std_true': 0.9910030961036682, 'eval_pchembl_raw_mse': 0.7318158149719238, 'eval_pchembl_raw_mae': 0.6169171333312988, 'eval_pchembl_raw_rmse': 0.8554623126983643, 'eval_pchembl_raw_pearson': 0.7745525415323692, 'eval_pchembl_raw_spearman': 0.7727109617176222, 'eval_runtime': 8.8653, 'eval_samples_per_second': 1187.895, 'eval_steps_per_second': 0.113, 'epoch': 36.0}
{'eval_lm_loss': 0.0, 'eval_pchembl_loss': 0.22197792619466783, 'eval_ranking_loss': 0.0, 'eval_total_loss': 0.2193170962482691, 'epoch': 36.0}
{'eval_evaluation_time_sec': 8.941474665887654, 'epoch': 36.0}
{'loss': 0.2274, 'grad_norm': 0.5051907300949097, 'learning_rate': 2.803773584905661e-06, 'lm_loss': 0.0, 'pchembl_loss': 0.251398503780365, 'ranking_loss': 0.0, 'total_loss': 0.2483850121498108, 'epoch': 36.0188679245283}
{'loss': 0.2272, 'grad_norm': 0.5275628566741943, 'learning_rate': 2.8000000000000003e-06, 'lm_loss': 0.0, 'pchembl_loss': 0.1934206187725067, 'ranking_loss': 0.0, 'total_loss': 0.1911015659570694, 'epoch': 36.0377358490566}
{'loss': 0.2253, 'grad_norm': 0.8148402571678162, 'learning_rate': 2.7962264150943398e-06, 'lm_loss': 0.0, 'pchembl_loss': 0.16131190955638885, 'ranking_loss': 0.0, 'total_loss': 0.15937736630439758, 'epoch': 36.056603773584904}
{'loss': 0.2268, 'grad_norm': 0.4559033513069153, 'learning_rate': 2.7924528301886793e-06, 'lm_loss': 0.0, 'pchembl_loss': 0.2397986501455307, 'ranking_loss': 0.0, 'total_loss': 0.23692215979099274, 'epoch': 36.075471698113205}
{'loss': 0.2256, 'grad_norm': 0.7141448855400085, 'learning_rate': 2.788679245283019e-06, 'lm_loss': 0.0, 'pchembl_loss': 0.27803319692611694, 'ranking_loss': 0.0, 'total_loss': 0.27469727396965027, 'epoch': 36.094339622641506}
{'loss': 0.2271, 'grad_norm': 0.6175076365470886, 'learning_rate': 2.7849056603773587e-06, 'lm_loss': 0.0, 'pchembl_loss': 0.19370026886463165, 'ranking_loss': 0.0, 'total_loss': 0.19137564301490784, 'epoch': 36.113207547169814}
{'loss': 0.2285, 'grad_norm': 0.6666905879974365, 'learning_rate': 2.7811320754716986e-06, 'lm_loss': 0.0, 'pchembl_loss': 0.22320228815078735, 'ranking_loss': 0.0, 'total_loss': 0.22052296996116638, 'epoch': 36.132075471698116}
{'loss': 0.2297, 'grad_norm': 0.49723875522613525, 'learning_rate': 2.7773584905660377e-06, 'lm_loss': 0.0, 'pchembl_loss': 0.22705988585948944, 'ranking_loss': 0.0, 'total_loss': 0.22433359920978546, 'epoch': 36.15094339622642}
{'loss': 0.229, 'grad_norm': 1.2796964645385742, 'learning_rate': 2.7735849056603776e-06, 'lm_loss': 0.0, 'pchembl_loss': 0.1981777846813202, 'ranking_loss': 0.0, 'total_loss': 0.19579772651195526, 'epoch': 36.16981132075472}
{'loss': 0.2263, 'grad_norm': 0.5039880275726318, 'learning_rate': 2.769811320754717e-06, 'lm_loss': 0.0, 'pchembl_loss': 0.27798575162887573, 'ranking_loss': 0.0, 'total_loss': 0.27464643120765686, 'epoch': 36.18867924528302}
{'loss': 0.2278, 'grad_norm': 0.5499038100242615, 'learning_rate': 2.766037735849057e-06, 'lm_loss': 0.0, 'pchembl_loss': 0.21898892521858215, 'ranking_loss': 0.0, 'total_loss': 0.21635769307613373, 'epoch': 36.20754716981132}
{'loss': 0.2317, 'grad_norm': 0.4915418028831482, 'learning_rate': 2.762264150943397e-06, 'lm_loss': 0.0, 'pchembl_loss': 0.2852366864681244, 'ranking_loss': 0.0, 'total_loss': 0.28180867433547974, 'epoch': 36.22641509433962}
{'loss': 0.2292, 'grad_norm': 0.9825152158737183, 'learning_rate': 2.758490566037736e-06, 'lm_loss': 0.0, 'pchembl_loss': 0.2335803508758545, 'ranking_loss': 0.0, 'total_loss': 0.2307724952697754, 'epoch': 36.24528301886792}
{'loss': 0.231, 'grad_norm': 0.631178081035614, 'learning_rate': 2.7547169811320755e-06, 'lm_loss': 0.0, 'pchembl_loss': 0.2019423246383667, 'ranking_loss': 0.0, 'total_loss': 0.1995142251253128, 'epoch': 36.264150943396224}
{'loss': 0.2268, 'grad_norm': 0.7987160086631775, 'learning_rate': 2.7509433962264154e-06, 'lm_loss': 0.0, 'pchembl_loss': 0.24410122632980347, 'ranking_loss': 0.0, 'total_loss': 0.24116553366184235, 'epoch': 36.283018867924525}
{'loss': 0.2253, 'grad_norm': 0.9444568753242493, 'learning_rate': 2.7471698113207553e-06, 'lm_loss': 0.0, 'pchembl_loss': 0.313260942697525, 'ranking_loss': 0.0, 'total_loss': 0.3094926178455353, 'epoch': 36.301886792452834}
{'loss': 0.2266, 'grad_norm': 0.44726240634918213, 'learning_rate': 2.7433962264150944e-06, 'lm_loss': 0.0, 'pchembl_loss': 0.20668631792068481, 'ranking_loss': 0.0, 'total_loss': 0.2041994333267212, 'epoch': 36.320754716981135}
{'loss': 0.2283, 'grad_norm': 0.5906575918197632, 'learning_rate': 2.739622641509434e-06, 'lm_loss': 0.0, 'pchembl_loss': 0.2098153680562973, 'ranking_loss': 0.0, 'total_loss': 0.20729024708271027, 'epoch': 36.339622641509436}
{'loss': 0.2282, 'grad_norm': 0.6944442987442017, 'learning_rate': 2.7358490566037738e-06, 'lm_loss': 0.0, 'pchembl_loss': 0.20340974628925323, 'ranking_loss': 0.0, 'total_loss': 0.2009611427783966, 'epoch': 36.35849056603774}
{'loss': 0.2304, 'grad_norm': 0.5095025300979614, 'learning_rate': 2.7320754716981137e-06, 'lm_loss': 0.0, 'pchembl_loss': 0.18189597129821777, 'ranking_loss': 0.0, 'total_loss': 0.17970584332942963, 'epoch': 36.37735849056604}
{'loss': 0.232, 'grad_norm': 0.5213625431060791, 'learning_rate': 2.728301886792453e-06, 'lm_loss': 0.0, 'pchembl_loss': 0.22949334979057312, 'ranking_loss': 0.0, 'total_loss': 0.22672948241233826, 'epoch': 36.39622641509434}
{'loss': 0.2241, 'grad_norm': 1.094277262687683, 'learning_rate': 2.7245283018867922e-06, 'lm_loss': 0.0, 'pchembl_loss': 0.21379806101322174, 'ranking_loss': 0.0, 'total_loss': 0.21122261881828308, 'epoch': 36.41509433962264}
{'loss': 0.2255, 'grad_norm': 0.5495152473449707, 'learning_rate': 2.720754716981132e-06, 'lm_loss': 0.0, 'pchembl_loss': 0.19468779861927032, 'ranking_loss': 0.0, 'total_loss': 0.19234201312065125, 'epoch': 36.43396226415094}
{'loss': 0.2287, 'grad_norm': 0.5001303553581238, 'learning_rate': 2.716981132075472e-06, 'lm_loss': 0.0, 'pchembl_loss': 0.26127997040748596, 'ranking_loss': 0.0, 'total_loss': 0.25813108682632446, 'epoch': 36.45283018867924}
{'loss': 0.2289, 'grad_norm': 1.0939151048660278, 'learning_rate': 2.7132075471698116e-06, 'lm_loss': 0.0, 'pchembl_loss': 0.22316530346870422, 'ranking_loss': 0.0, 'total_loss': 0.22047513723373413, 'epoch': 36.471698113207545}
{'loss': 0.2254, 'grad_norm': 0.49076923727989197, 'learning_rate': 2.7094339622641515e-06, 'lm_loss': 0.0, 'pchembl_loss': 0.2869143486022949, 'ranking_loss': 0.0, 'total_loss': 0.28345492482185364, 'epoch': 36.490566037735846}
{'loss': 0.2249, 'grad_norm': 0.46761617064476013, 'learning_rate': 2.7056603773584905e-06, 'lm_loss': 0.0, 'pchembl_loss': 0.26609480381011963, 'ranking_loss': 0.0, 'total_loss': 0.2628856599330902, 'epoch': 36.509433962264154}
{'loss': 0.2267, 'grad_norm': 0.6448081731796265, 'learning_rate': 2.7018867924528304e-06, 'lm_loss': 0.0, 'pchembl_loss': 0.24834254384040833, 'ranking_loss': 0.0, 'total_loss': 0.2453468143939972, 'epoch': 36.528301886792455}
{'loss': 0.2291, 'grad_norm': 0.5016318559646606, 'learning_rate': 2.69811320754717e-06, 'lm_loss': 0.0, 'pchembl_loss': 0.22882315516471863, 'ranking_loss': 0.0, 'total_loss': 0.22606225311756134, 'epoch': 36.54716981132076}
{'loss': 0.2311, 'grad_norm': 0.47947755455970764, 'learning_rate': 2.69433962264151e-06, 'lm_loss': 0.0, 'pchembl_loss': 0.1671566218137741, 'ranking_loss': 0.0, 'total_loss': 0.165139302611351, 'epoch': 36.56603773584906}
{'loss': 0.2301, 'grad_norm': 0.6621002554893494, 'learning_rate': 2.6905660377358493e-06, 'lm_loss': 0.0, 'pchembl_loss': 0.2590009272098541, 'ranking_loss': 0.0, 'total_loss': 0.2558744549751282, 'epoch': 36.58490566037736}
{'loss': 0.2255, 'grad_norm': 0.6208068132400513, 'learning_rate': 2.686792452830189e-06, 'lm_loss': 0.0, 'pchembl_loss': 0.2329997569322586, 'ranking_loss': 0.0, 'total_loss': 0.23018650710582733, 'epoch': 36.60377358490566}
{'loss': 0.2228, 'grad_norm': 0.7844947576522827, 'learning_rate': 2.6830188679245283e-06, 'lm_loss': 0.0, 'pchembl_loss': 0.24983392655849457, 'ranking_loss': 0.0, 'total_loss': 0.2468167245388031, 'epoch': 36.62264150943396}
{'loss': 0.2207, 'grad_norm': 0.9745867848396301, 'learning_rate': 2.6792452830188682e-06, 'lm_loss': 0.0, 'pchembl_loss': 0.2539707124233246, 'ranking_loss': 0.0, 'total_loss': 0.25090286135673523, 'epoch': 36.64150943396226}
{'loss': 0.2284, 'grad_norm': 0.6321503520011902, 'learning_rate': 2.6754716981132077e-06, 'lm_loss': 0.0, 'pchembl_loss': 0.2886916995048523, 'ranking_loss': 0.0, 'total_loss': 0.28520363569259644, 'epoch': 36.660377358490564}
{'loss': 0.2212, 'grad_norm': 0.4682784378528595, 'learning_rate': 2.6716981132075476e-06, 'lm_loss': 0.0, 'pchembl_loss': 0.26180416345596313, 'ranking_loss': 0.0, 'total_loss': 0.25864022970199585, 'epoch': 36.679245283018865}
{'loss': 0.2254, 'grad_norm': 1.3065582513809204, 'learning_rate': 2.6679245283018867e-06, 'lm_loss': 0.0, 'pchembl_loss': 0.19884319603443146, 'ranking_loss': 0.0, 'total_loss': 0.19643960893154144, 'epoch': 36.698113207547166}
{'loss': 0.2298, 'grad_norm': 0.8860938549041748, 'learning_rate': 2.6641509433962266e-06, 'lm_loss': 0.0, 'pchembl_loss': 0.23859365284442902, 'ranking_loss': 0.0, 'total_loss': 0.23570893704891205, 'epoch': 36.716981132075475}
{'loss': 0.2278, 'grad_norm': 0.5031594634056091, 'learning_rate': 2.660377358490566e-06, 'lm_loss': 0.0, 'pchembl_loss': 0.18659713864326477, 'ranking_loss': 0.0, 'total_loss': 0.18434058129787445, 'epoch': 36.735849056603776}
{'loss': 0.2255, 'grad_norm': 0.7068382501602173, 'learning_rate': 2.656603773584906e-06, 'lm_loss': 0.0, 'pchembl_loss': 0.26263734698295593, 'ranking_loss': 0.0, 'total_loss': 0.2594605088233948, 'epoch': 36.75471698113208}
{'loss': 0.2286, 'grad_norm': 0.6572670936584473, 'learning_rate': 2.6528301886792455e-06, 'lm_loss': 0.0, 'pchembl_loss': 0.25165945291519165, 'ranking_loss': 0.0, 'total_loss': 0.24861474335193634, 'epoch': 36.77358490566038}
{'loss': 0.2278, 'grad_norm': 0.7286502122879028, 'learning_rate': 2.649056603773585e-06, 'lm_loss': 0.0, 'pchembl_loss': 0.2625984847545624, 'ranking_loss': 0.0, 'total_loss': 0.2594207227230072, 'epoch': 36.79245283018868}
{'loss': 0.2284, 'grad_norm': 0.569351851940155, 'learning_rate': 2.6452830188679245e-06, 'lm_loss': 0.0, 'pchembl_loss': 0.2535223364830017, 'ranking_loss': 0.0, 'total_loss': 0.2504537105560303, 'epoch': 36.81132075471698}
{'loss': 0.231, 'grad_norm': 0.9693053960800171, 'learning_rate': 2.6415094339622644e-06, 'lm_loss': 0.0, 'pchembl_loss': 0.20192945003509521, 'ranking_loss': 0.0, 'total_loss': 0.19948476552963257, 'epoch': 36.83018867924528}
{'loss': 0.2287, 'grad_norm': 1.05214524269104, 'learning_rate': 2.637735849056604e-06, 'lm_loss': 0.0, 'pchembl_loss': 0.19531318545341492, 'ranking_loss': 0.0, 'total_loss': 0.19294807314872742, 'epoch': 36.84905660377358}
{'loss': 0.2284, 'grad_norm': 0.4542877674102783, 'learning_rate': 2.633962264150944e-06, 'lm_loss': 0.0, 'pchembl_loss': 0.1873149275779724, 'ranking_loss': 0.0, 'total_loss': 0.18504616618156433, 'epoch': 36.867924528301884}
{'loss': 0.2266, 'grad_norm': 0.5473795533180237, 'learning_rate': 2.630188679245283e-06, 'lm_loss': 0.0, 'pchembl_loss': 0.2785175144672394, 'ranking_loss': 0.0, 'total_loss': 0.2751433551311493, 'epoch': 36.886792452830186}
{'loss': 0.2259, 'grad_norm': 1.0544956922531128, 'learning_rate': 2.626415094339623e-06, 'lm_loss': 0.0, 'pchembl_loss': 0.24760229885578156, 'ranking_loss': 0.0, 'total_loss': 0.2446020096540451, 'epoch': 36.905660377358494}
{'loss': 0.2292, 'grad_norm': 0.5965670943260193, 'learning_rate': 2.6226415094339623e-06, 'lm_loss': 0.0, 'pchembl_loss': 0.25510600209236145, 'ranking_loss': 0.0, 'total_loss': 0.2520141005516052, 'epoch': 36.924528301886795}
{'loss': 0.2289, 'grad_norm': 0.7949254512786865, 'learning_rate': 2.6188679245283022e-06, 'lm_loss': 0.0, 'pchembl_loss': 0.21571840345859528, 'ranking_loss': 0.0, 'total_loss': 0.2131033092737198, 'epoch': 36.943396226415096}
{'loss': 0.2276, 'grad_norm': 0.46930181980133057, 'learning_rate': 2.615094339622642e-06, 'lm_loss': 0.0, 'pchembl_loss': 0.18845362961292267, 'ranking_loss': 0.0, 'total_loss': 0.18616855144500732, 'epoch': 36.9622641509434}
{'loss': 0.2264, 'grad_norm': 0.7399524450302124, 'learning_rate': 2.611320754716981e-06, 'lm_loss': 0.0, 'pchembl_loss': 0.20491507649421692, 'ranking_loss': 0.0, 'total_loss': 0.2024298459291458, 'epoch': 36.9811320754717}
{'loss': 0.2297, 'grad_norm': 0.5306079387664795, 'learning_rate': 2.6075471698113207e-06, 'lm_loss': 0.0, 'pchembl_loss': 0.31100839376449585, 'ranking_loss': 0.0, 'total_loss': 0.30723562836647034, 'epoch': 37.0}
{'eval_loss': 0.21944725513458252, 'eval_pchembl_norm_mse': 0.3944091498851776, 'eval_pchembl_norm_mae': 0.45148423314094543, 'eval_pchembl_norm_rmse': 0.6280200481414795, 'eval_pchembl_r2': 0.5983970165252686, 'eval_pchembl_count': 20000, 'eval_pchembl_norm_mean_pred': -0.03498230502009392, 'eval_pchembl_norm_std_pred': 0.808890700340271, 'eval_pchembl_norm_mean_true': -0.02121046371757984, 'eval_pchembl_norm_std_true': 0.9910030961036682, 'eval_pchembl_raw_mse': 0.7319256067276001, 'eval_pchembl_raw_mae': 0.6150388717651367, 'eval_pchembl_raw_rmse': 0.8555265069007874, 'eval_pchembl_raw_pearson': 0.774795041118185, 'eval_pchembl_raw_spearman': 0.7729502094313144, 'eval_runtime': 8.923, 'eval_samples_per_second': 1180.206, 'eval_steps_per_second': 0.112, 'epoch': 37.0}
{'eval_lm_loss': 0.0, 'eval_pchembl_loss': 0.22154551185667515, 'eval_ranking_loss': 0.0, 'eval_total_loss': 0.218857394233346, 'epoch': 37.0}
{'eval_evaluation_time_sec': 8.966286923969164, 'epoch': 37.0}
{'loss': 0.2241, 'grad_norm': 0.8962768912315369, 'learning_rate': 2.6037735849056606e-06, 'lm_loss': 0.0, 'pchembl_loss': 0.18793271481990814, 'ranking_loss': 0.0, 'total_loss': 0.18565243482589722, 'epoch': 37.0188679245283}
{'loss': 0.2259, 'grad_norm': 0.7139735221862793, 'learning_rate': 2.6e-06, 'lm_loss': 0.0, 'pchembl_loss': 0.17797687649726868, 'ranking_loss': 0.0, 'total_loss': 0.17581692337989807, 'epoch': 37.0377358490566}
{'loss': 0.2289, 'grad_norm': 1.3250916004180908, 'learning_rate': 2.59622641509434e-06, 'lm_loss': 0.0, 'pchembl_loss': 0.27434054017066956, 'ranking_loss': 0.0, 'total_loss': 0.2710103690624237, 'epoch': 37.056603773584904}
{'loss': 0.2346, 'grad_norm': 1.3787387609481812, 'learning_rate': 2.592452830188679e-06, 'lm_loss': 0.0, 'pchembl_loss': 0.20209075510501862, 'ranking_loss': 0.0, 'total_loss': 0.19963707029819489, 'epoch': 37.075471698113205}
{'loss': 0.2275, 'grad_norm': 0.5598291754722595, 'learning_rate': 2.588679245283019e-06, 'lm_loss': 0.0, 'pchembl_loss': 0.20957587659358978, 'ranking_loss': 0.0, 'total_loss': 0.207030788064003, 'epoch': 37.094339622641506}
{'loss': 0.2292, 'grad_norm': 0.46748748421669006, 'learning_rate': 2.5849056603773585e-06, 'lm_loss': 0.0, 'pchembl_loss': 0.2866657078266144, 'ranking_loss': 0.0, 'total_loss': 0.2831836938858032, 'epoch': 37.113207547169814}
{'loss': 0.2241, 'grad_norm': 0.8243321180343628, 'learning_rate': 2.5811320754716984e-06, 'lm_loss': 0.0, 'pchembl_loss': 0.16986754536628723, 'ranking_loss': 0.0, 'total_loss': 0.1678037941455841, 'epoch': 37.132075471698116}
{'loss': 0.228, 'grad_norm': 0.791559100151062, 'learning_rate': 2.5773584905660383e-06, 'lm_loss': 0.0, 'pchembl_loss': 0.21378128230571747, 'ranking_loss': 0.0, 'total_loss': 0.21118347346782684, 'epoch': 37.15094339622642}
{'loss': 0.2256, 'grad_norm': 0.612492561340332, 'learning_rate': 2.5735849056603774e-06, 'lm_loss': 0.0, 'pchembl_loss': 0.2872132956981659, 'ranking_loss': 0.0, 'total_loss': 0.2837224304676056, 'epoch': 37.16981132075472}
{'loss': 0.2264, 'grad_norm': 0.6160971522331238, 'learning_rate': 2.569811320754717e-06, 'lm_loss': 0.0, 'pchembl_loss': 0.19888292253017426, 'ranking_loss': 0.0, 'total_loss': 0.1964651346206665, 'epoch': 37.18867924528302}
{'loss': 0.2258, 'grad_norm': 0.7082329988479614, 'learning_rate': 2.5660377358490568e-06, 'lm_loss': 0.0, 'pchembl_loss': 0.21151728928089142, 'ranking_loss': 0.0, 'total_loss': 0.2089453488588333, 'epoch': 37.20754716981132}
{'loss': 0.2297, 'grad_norm': 0.6482734084129333, 'learning_rate': 2.5622641509433967e-06, 'lm_loss': 0.0, 'pchembl_loss': 0.22354018688201904, 'ranking_loss': 0.0, 'total_loss': 0.22082147002220154, 'epoch': 37.22641509433962}
{'loss': 0.2288, 'grad_norm': 0.9746078848838806, 'learning_rate': 2.558490566037736e-06, 'lm_loss': 0.0, 'pchembl_loss': 0.24646644294261932, 'ranking_loss': 0.0, 'total_loss': 0.2434682548046112, 'epoch': 37.24528301886792}
{'loss': 0.2249, 'grad_norm': 0.7242040038108826, 'learning_rate': 2.5547169811320753e-06, 'lm_loss': 0.0, 'pchembl_loss': 0.16069725155830383, 'ranking_loss': 0.0, 'total_loss': 0.1587419956922531, 'epoch': 37.264150943396224}
{'loss': 0.2215, 'grad_norm': 0.8134182691574097, 'learning_rate': 2.550943396226415e-06, 'lm_loss': 0.0, 'pchembl_loss': 0.23315215110778809, 'ranking_loss': 0.0, 'total_loss': 0.230314701795578, 'epoch': 37.283018867924525}
{'loss': 0.2249, 'grad_norm': 0.4553203880786896, 'learning_rate': 2.547169811320755e-06, 'lm_loss': 0.0, 'pchembl_loss': 0.2219921052455902, 'ranking_loss': 0.0, 'total_loss': 0.2192898839712143, 'epoch': 37.301886792452834}
{'loss': 0.2254, 'grad_norm': 0.49401870369911194, 'learning_rate': 2.5433962264150946e-06, 'lm_loss': 0.0, 'pchembl_loss': 0.2199084460735321, 'ranking_loss': 0.0, 'total_loss': 0.21723102033138275, 'epoch': 37.320754716981135}
{'loss': 0.2292, 'grad_norm': 1.0197027921676636, 'learning_rate': 2.5396226415094345e-06, 'lm_loss': 0.0, 'pchembl_loss': 0.24968768656253815, 'ranking_loss': 0.0, 'total_loss': 0.24664703011512756, 'epoch': 37.339622641509436}
{'loss': 0.2269, 'grad_norm': 0.9621983170509338, 'learning_rate': 2.5358490566037736e-06, 'lm_loss': 0.0, 'pchembl_loss': 0.24014581739902496, 'ranking_loss': 0.0, 'total_loss': 0.23722073435783386, 'epoch': 37.35849056603774}
{'loss': 0.2287, 'grad_norm': 0.6046600937843323, 'learning_rate': 2.5320754716981135e-06, 'lm_loss': 0.0, 'pchembl_loss': 0.253278523683548, 'ranking_loss': 0.0, 'total_loss': 0.2501928210258484, 'epoch': 37.37735849056604}
{'loss': 0.2281, 'grad_norm': 1.0049644708633423, 'learning_rate': 2.528301886792453e-06, 'lm_loss': 0.0, 'pchembl_loss': 0.19580639898777008, 'ranking_loss': 0.0, 'total_loss': 0.19342036545276642, 'epoch': 37.39622641509434}
{'loss': 0.2267, 'grad_norm': 0.45963162183761597, 'learning_rate': 2.524528301886793e-06, 'lm_loss': 0.0, 'pchembl_loss': 0.22644051909446716, 'ranking_loss': 0.0, 'total_loss': 0.22368058562278748, 'epoch': 37.41509433962264}
{'loss': 0.2253, 'grad_norm': 0.484960675239563, 'learning_rate': 2.5207547169811324e-06, 'lm_loss': 0.0, 'pchembl_loss': 0.272896945476532, 'ranking_loss': 0.0, 'total_loss': 0.26957008242607117, 'epoch': 37.43396226415094}
{'loss': 0.2275, 'grad_norm': 0.48111942410469055, 'learning_rate': 2.516981132075472e-06, 'lm_loss': 0.0, 'pchembl_loss': 0.2568412721157074, 'ranking_loss': 0.0, 'total_loss': 0.25370946526527405, 'epoch': 37.45283018867924}
{'loss': 0.2288, 'grad_norm': 0.7537769079208374, 'learning_rate': 2.5132075471698114e-06, 'lm_loss': 0.0, 'pchembl_loss': 0.2656983733177185, 'ranking_loss': 0.0, 'total_loss': 0.26245787739753723, 'epoch': 37.471698113207545}
{'loss': 0.2291, 'grad_norm': 0.6057629585266113, 'learning_rate': 2.5094339622641513e-06, 'lm_loss': 0.0, 'pchembl_loss': 0.2653336524963379, 'ranking_loss': 0.0, 'total_loss': 0.26209694147109985, 'epoch': 37.490566037735846}
{'loss': 0.2266, 'grad_norm': 0.5205667614936829, 'learning_rate': 2.5056603773584908e-06, 'lm_loss': 0.0, 'pchembl_loss': 0.2421652227640152, 'ranking_loss': 0.0, 'total_loss': 0.23921050131320953, 'epoch': 37.509433962264154}
{'loss': 0.2306, 'grad_norm': 0.59210205078125, 'learning_rate': 2.5018867924528307e-06, 'lm_loss': 0.0, 'pchembl_loss': 0.2117742896080017, 'ranking_loss': 0.0, 'total_loss': 0.20918983221054077, 'epoch': 37.528301886792455}
{'loss': 0.2266, 'grad_norm': 0.663078784942627, 'learning_rate': 2.49811320754717e-06, 'lm_loss': 0.0, 'pchembl_loss': 0.26633092761039734, 'ranking_loss': 0.0, 'total_loss': 0.26308000087738037, 'epoch': 37.54716981132076}
{'loss': 0.2239, 'grad_norm': 0.8975302577018738, 'learning_rate': 2.4943396226415097e-06, 'lm_loss': 0.0, 'pchembl_loss': 0.19318942725658417, 'ranking_loss': 0.0, 'total_loss': 0.1908307820558548, 'epoch': 37.56603773584906}
{'loss': 0.2259, 'grad_norm': 0.5569354295730591, 'learning_rate': 2.490566037735849e-06, 'lm_loss': 0.0, 'pchembl_loss': 0.2994726598262787, 'ranking_loss': 0.0, 'total_loss': 0.295815646648407, 'epoch': 37.58490566037736}
{'loss': 0.2253, 'grad_norm': 0.670473039150238, 'learning_rate': 2.486792452830189e-06, 'lm_loss': 0.0, 'pchembl_loss': 0.18394377827644348, 'ranking_loss': 0.0, 'total_loss': 0.1816970705986023, 'epoch': 37.60377358490566}
{'loss': 0.2245, 'grad_norm': 0.8010480999946594, 'learning_rate': 2.4830188679245285e-06, 'lm_loss': 0.0, 'pchembl_loss': 0.2208431214094162, 'ranking_loss': 0.0, 'total_loss': 0.21814516186714172, 'epoch': 37.62264150943396}
{'loss': 0.2273, 'grad_norm': 0.8894850015640259, 'learning_rate': 2.479245283018868e-06, 'lm_loss': 0.0, 'pchembl_loss': 0.2153976410627365, 'ranking_loss': 0.0, 'total_loss': 0.2127656489610672, 'epoch': 37.64150943396226}
{'loss': 0.2251, 'grad_norm': 0.4709230661392212, 'learning_rate': 2.4754716981132075e-06, 'lm_loss': 0.0, 'pchembl_loss': 0.22565047442913055, 'ranking_loss': 0.0, 'total_loss': 0.222892627120018, 'epoch': 37.660377358490564}
{'loss': 0.2238, 'grad_norm': 0.47626110911369324, 'learning_rate': 2.4716981132075474e-06, 'lm_loss': 0.0, 'pchembl_loss': 0.2112346589565277, 'ranking_loss': 0.0, 'total_loss': 0.20865246653556824, 'epoch': 37.679245283018865}
{'loss': 0.2272, 'grad_norm': 0.7246047854423523, 'learning_rate': 2.467924528301887e-06, 'lm_loss': 0.0, 'pchembl_loss': 0.26230695843696594, 'ranking_loss': 0.0, 'total_loss': 0.2590997517108917, 'epoch': 37.698113207547166}
{'loss': 0.2252, 'grad_norm': 0.5292653441429138, 'learning_rate': 2.4641509433962264e-06, 'lm_loss': 0.0, 'pchembl_loss': 0.18910148739814758, 'ranking_loss': 0.0, 'total_loss': 0.1867888867855072, 'epoch': 37.716981132075475}
{'loss': 0.2282, 'grad_norm': 0.4695318639278412, 'learning_rate': 2.4603773584905663e-06, 'lm_loss': 0.0, 'pchembl_loss': 0.203530952334404, 'ranking_loss': 0.0, 'total_loss': 0.2010413557291031, 'epoch': 37.735849056603776}
{'loss': 0.2293, 'grad_norm': 0.6999244093894958, 'learning_rate': 2.456603773584906e-06, 'lm_loss': 0.0, 'pchembl_loss': 0.22283194959163666, 'ranking_loss': 0.0, 'total_loss': 0.22010569274425507, 'epoch': 37.75471698113208}
{'loss': 0.2268, 'grad_norm': 0.4512813091278076, 'learning_rate': 2.4528301886792453e-06, 'lm_loss': 0.0, 'pchembl_loss': 0.22488710284233093, 'ranking_loss': 0.0, 'total_loss': 0.22213512659072876, 'epoch': 37.77358490566038}
{'loss': 0.2272, 'grad_norm': 0.614876389503479, 'learning_rate': 2.4490566037735852e-06, 'lm_loss': 0.0, 'pchembl_loss': 0.261728972196579, 'ranking_loss': 0.0, 'total_loss': 0.2585254907608032, 'epoch': 37.79245283018868}
{'loss': 0.2249, 'grad_norm': 0.8000152707099915, 'learning_rate': 2.4452830188679247e-06, 'lm_loss': 0.0, 'pchembl_loss': 0.22191180288791656, 'ranking_loss': 0.0, 'total_loss': 0.21919509768486023, 'epoch': 37.81132075471698}
{'loss': 0.2252, 'grad_norm': 0.7771813273429871, 'learning_rate': 2.4415094339622642e-06, 'lm_loss': 0.0, 'pchembl_loss': 0.2352631688117981, 'ranking_loss': 0.0, 'total_loss': 0.23238243162631989, 'epoch': 37.83018867924528}
{'loss': 0.2279, 'grad_norm': 0.41673368215560913, 'learning_rate': 2.4377358490566037e-06, 'lm_loss': 0.0, 'pchembl_loss': 0.20843008160591125, 'ranking_loss': 0.0, 'total_loss': 0.2058773785829544, 'epoch': 37.84905660377358}
{'loss': 0.2259, 'grad_norm': 0.756217896938324, 'learning_rate': 2.4339622641509436e-06, 'lm_loss': 0.0, 'pchembl_loss': 0.1884879618883133, 'ranking_loss': 0.0, 'total_loss': 0.1861790269613266, 'epoch': 37.867924528301884}
{'loss': 0.2302, 'grad_norm': 0.4772423207759857, 'learning_rate': 2.4301886792452835e-06, 'lm_loss': 0.0, 'pchembl_loss': 0.20283961296081543, 'ranking_loss': 0.0, 'total_loss': 0.20035436749458313, 'epoch': 37.886792452830186}
{'loss': 0.2277, 'grad_norm': 0.5868194103240967, 'learning_rate': 2.4264150943396226e-06, 'lm_loss': 0.0, 'pchembl_loss': 0.19740037620067596, 'ranking_loss': 0.0, 'total_loss': 0.19498127698898315, 'epoch': 37.905660377358494}
{'loss': 0.2228, 'grad_norm': 1.011126160621643, 'learning_rate': 2.4226415094339625e-06, 'lm_loss': 0.0, 'pchembl_loss': 0.2371368706226349, 'ranking_loss': 0.0, 'total_loss': 0.23423022031784058, 'epoch': 37.924528301886795}
{'loss': 0.2252, 'grad_norm': 0.45122966170310974, 'learning_rate': 2.418867924528302e-06, 'lm_loss': 0.0, 'pchembl_loss': 0.25963494181632996, 'ranking_loss': 0.0, 'total_loss': 0.25645187497138977, 'epoch': 37.943396226415096}
{'loss': 0.2251, 'grad_norm': 1.0027213096618652, 'learning_rate': 2.415094339622642e-06, 'lm_loss': 0.0, 'pchembl_loss': 0.25863704085350037, 'ranking_loss': 0.0, 'total_loss': 0.255465567111969, 'epoch': 37.9622641509434}
{'loss': 0.2242, 'grad_norm': 0.5181474685668945, 'learning_rate': 2.4113207547169814e-06, 'lm_loss': 0.0, 'pchembl_loss': 0.2599199712276459, 'ranking_loss': 0.0, 'total_loss': 0.25673210620880127, 'epoch': 37.9811320754717}
{'loss': 0.2227, 'grad_norm': 0.571999728679657, 'learning_rate': 2.407547169811321e-06, 'lm_loss': 0.0, 'pchembl_loss': 0.24532587826251984, 'ranking_loss': 0.0, 'total_loss': 0.24231639504432678, 'epoch': 38.0}
{'eval_loss': 0.21904949843883514, 'eval_pchembl_norm_mse': 0.39272961020469666, 'eval_pchembl_norm_mae': 0.45268306136131287, 'eval_pchembl_norm_rmse': 0.6266814470291138, 'eval_pchembl_r2': 0.6001071929931641, 'eval_pchembl_count': 20000, 'eval_pchembl_norm_mean_pred': -0.012216279283165932, 'eval_pchembl_norm_std_pred': 0.8155282735824585, 'eval_pchembl_norm_mean_true': -0.02121046371757984, 'eval_pchembl_norm_std_true': 0.9910030961036682, 'eval_pchembl_raw_mse': 0.7288087010383606, 'eval_pchembl_raw_mae': 0.6166719794273376, 'eval_pchembl_raw_rmse': 0.853702962398529, 'eval_pchembl_raw_pearson': 0.7761313552074176, 'eval_pchembl_raw_spearman': 0.773948184758959, 'eval_runtime': 8.9355, 'eval_samples_per_second': 1178.561, 'eval_steps_per_second': 0.112, 'epoch': 38.0}
{'eval_lm_loss': 0.0, 'eval_pchembl_loss': 0.22124998167157173, 'eval_ranking_loss': 0.0, 'eval_total_loss': 0.21853528976440428, 'epoch': 38.0}
{'eval_evaluation_time_sec': 8.986861265962943, 'epoch': 38.0}
{'loss': 0.225, 'grad_norm': 0.46824413537979126, 'learning_rate': 2.403773584905661e-06, 'lm_loss': 0.0, 'pchembl_loss': 0.1982147991657257, 'ranking_loss': 0.0, 'total_loss': 0.19578275084495544, 'epoch': 38.0188679245283}
{'loss': 0.2281, 'grad_norm': 0.5081223249435425, 'learning_rate': 2.4000000000000003e-06, 'lm_loss': 0.0, 'pchembl_loss': 0.1986791044473648, 'ranking_loss': 0.0, 'total_loss': 0.1962408572435379, 'epoch': 38.0377358490566}
{'loss': 0.2236, 'grad_norm': 0.9403190016746521, 'learning_rate': 2.39622641509434e-06, 'lm_loss': 0.0, 'pchembl_loss': 0.21159487962722778, 'ranking_loss': 0.0, 'total_loss': 0.20899759232997894, 'epoch': 38.056603773584904}
{'loss': 0.2273, 'grad_norm': 0.9592673182487488, 'learning_rate': 2.3924528301886797e-06, 'lm_loss': 0.0, 'pchembl_loss': 0.28439199924468994, 'ranking_loss': 0.0, 'total_loss': 0.2809004485607147, 'epoch': 38.075471698113205}
{'loss': 0.2231, 'grad_norm': 0.4875006675720215, 'learning_rate': 2.388679245283019e-06, 'lm_loss': 0.0, 'pchembl_loss': 0.18760234117507935, 'ranking_loss': 0.0, 'total_loss': 0.1852986365556717, 'epoch': 38.094339622641506}
{'loss': 0.2192, 'grad_norm': 0.8044838905334473, 'learning_rate': 2.3849056603773587e-06, 'lm_loss': 0.0, 'pchembl_loss': 0.26818525791168213, 'ranking_loss': 0.0, 'total_loss': 0.2648913562297821, 'epoch': 38.113207547169814}
{'loss': 0.2292, 'grad_norm': 1.3147200345993042, 'learning_rate': 2.381132075471698e-06, 'lm_loss': 0.0, 'pchembl_loss': 0.22055083513259888, 'ranking_loss': 0.0, 'total_loss': 0.21784146130084991, 'epoch': 38.132075471698116}
{'loss': 0.225, 'grad_norm': 0.8676362037658691, 'learning_rate': 2.377358490566038e-06, 'lm_loss': 0.0, 'pchembl_loss': 0.2232840359210968, 'ranking_loss': 0.0, 'total_loss': 0.22054055333137512, 'epoch': 38.15094339622642}
{'loss': 0.2255, 'grad_norm': 0.5115628838539124, 'learning_rate': 2.3735849056603776e-06, 'lm_loss': 0.0, 'pchembl_loss': 0.2693738639354706, 'ranking_loss': 0.0, 'total_loss': 0.2660634219646454, 'epoch': 38.16981132075472}
{'loss': 0.2261, 'grad_norm': 0.8899632692337036, 'learning_rate': 2.369811320754717e-06, 'lm_loss': 0.0, 'pchembl_loss': 0.20303943753242493, 'ranking_loss': 0.0, 'total_loss': 0.20054373145103455, 'epoch': 38.18867924528302}
{'loss': 0.2294, 'grad_norm': 0.6696716547012329, 'learning_rate': 2.366037735849057e-06, 'lm_loss': 0.0, 'pchembl_loss': 0.2372949719429016, 'ranking_loss': 0.0, 'total_loss': 0.2343776375055313, 'epoch': 38.20754716981132}
{'loss': 0.2281, 'grad_norm': 0.44293758273124695, 'learning_rate': 2.3622641509433965e-06, 'lm_loss': 0.0, 'pchembl_loss': 0.2703544497489929, 'ranking_loss': 0.0, 'total_loss': 0.2670300304889679, 'epoch': 38.22641509433962}
{'loss': 0.2267, 'grad_norm': 0.495853066444397, 'learning_rate': 2.358490566037736e-06, 'lm_loss': 0.0, 'pchembl_loss': 0.2113671898841858, 'ranking_loss': 0.0, 'total_loss': 0.2087676078081131, 'epoch': 38.24528301886792}
{'loss': 0.2246, 'grad_norm': 0.5845215916633606, 'learning_rate': 2.3547169811320755e-06, 'lm_loss': 0.0, 'pchembl_loss': 0.1885528564453125, 'ranking_loss': 0.0, 'total_loss': 0.18623341619968414, 'epoch': 38.264150943396224}
{'loss': 0.2272, 'grad_norm': 0.4623798727989197, 'learning_rate': 2.3509433962264154e-06, 'lm_loss': 0.0, 'pchembl_loss': 0.22030900418758392, 'ranking_loss': 0.0, 'total_loss': 0.21759839355945587, 'epoch': 38.283018867924525}
{'loss': 0.228, 'grad_norm': 0.44769081473350525, 'learning_rate': 2.347169811320755e-06, 'lm_loss': 0.0, 'pchembl_loss': 0.2394883930683136, 'ranking_loss': 0.0, 'total_loss': 0.2365412414073944, 'epoch': 38.301886792452834}
{'loss': 0.2212, 'grad_norm': 0.7946112751960754, 'learning_rate': 2.3433962264150944e-06, 'lm_loss': 0.0, 'pchembl_loss': 0.3793312609195709, 'ranking_loss': 0.0, 'total_loss': 0.37466228008270264, 'epoch': 38.320754716981135}
{'loss': 0.2249, 'grad_norm': 0.7904739379882812, 'learning_rate': 2.3396226415094343e-06, 'lm_loss': 0.0, 'pchembl_loss': 0.27428603172302246, 'ranking_loss': 0.0, 'total_loss': 0.2709093391895294, 'epoch': 38.339622641509436}
{'loss': 0.2267, 'grad_norm': 0.47767603397369385, 'learning_rate': 2.3358490566037738e-06, 'lm_loss': 0.0, 'pchembl_loss': 0.25308486819267273, 'ranking_loss': 0.0, 'total_loss': 0.24996858835220337, 'epoch': 38.35849056603774}
{'loss': 0.2263, 'grad_norm': 0.8939802050590515, 'learning_rate': 2.3320754716981133e-06, 'lm_loss': 0.0, 'pchembl_loss': 0.2686169445514679, 'ranking_loss': 0.0, 'total_loss': 0.26530876755714417, 'epoch': 38.37735849056604}
{'loss': 0.2207, 'grad_norm': 1.0750763416290283, 'learning_rate': 2.328301886792453e-06, 'lm_loss': 0.0, 'pchembl_loss': 0.19865253567695618, 'ranking_loss': 0.0, 'total_loss': 0.19620554149150848, 'epoch': 38.39622641509434}
{'loss': 0.2261, 'grad_norm': 0.6259240508079529, 'learning_rate': 2.3245283018867927e-06, 'lm_loss': 0.0, 'pchembl_loss': 0.32300856709480286, 'ranking_loss': 0.0, 'total_loss': 0.3190290033817291, 'epoch': 38.41509433962264}
{'loss': 0.2242, 'grad_norm': 0.4819406569004059, 'learning_rate': 2.320754716981132e-06, 'lm_loss': 0.0, 'pchembl_loss': 0.24968542158603668, 'ranking_loss': 0.0, 'total_loss': 0.24660861492156982, 'epoch': 38.43396226415094}
{'loss': 0.2249, 'grad_norm': 1.0077375173568726, 'learning_rate': 2.3169811320754717e-06, 'lm_loss': 0.0, 'pchembl_loss': 0.18480941653251648, 'ranking_loss': 0.0, 'total_loss': 0.18253162503242493, 'epoch': 38.45283018867924}
{'loss': 0.2285, 'grad_norm': 1.030439853668213, 'learning_rate': 2.3132075471698116e-06, 'lm_loss': 0.0, 'pchembl_loss': 0.20256686210632324, 'ranking_loss': 0.0, 'total_loss': 0.20006972551345825, 'epoch': 38.471698113207545}
{'loss': 0.2251, 'grad_norm': 0.44952765107154846, 'learning_rate': 2.309433962264151e-06, 'lm_loss': 0.0, 'pchembl_loss': 0.22401908040046692, 'ranking_loss': 0.0, 'total_loss': 0.22125695645809174, 'epoch': 38.490566037735846}
{'loss': 0.2267, 'grad_norm': 0.884293258190155, 'learning_rate': 2.3056603773584906e-06, 'lm_loss': 0.0, 'pchembl_loss': 0.22679278254508972, 'ranking_loss': 0.0, 'total_loss': 0.22399590909481049, 'epoch': 38.509433962264154}
{'loss': 0.2221, 'grad_norm': 1.1848254203796387, 'learning_rate': 2.3018867924528305e-06, 'lm_loss': 0.0, 'pchembl_loss': 0.2139766663312912, 'ranking_loss': 0.0, 'total_loss': 0.21133734285831451, 'epoch': 38.528301886792455}
{'loss': 0.2252, 'grad_norm': 0.492639422416687, 'learning_rate': 2.29811320754717e-06, 'lm_loss': 0.0, 'pchembl_loss': 0.22715255618095398, 'ranking_loss': 0.0, 'total_loss': 0.2243501842021942, 'epoch': 38.54716981132076}
{'loss': 0.2253, 'grad_norm': 0.4620889127254486, 'learning_rate': 2.2943396226415095e-06, 'lm_loss': 0.0, 'pchembl_loss': 0.20632092654705048, 'ranking_loss': 0.0, 'total_loss': 0.2037750780582428, 'epoch': 38.56603773584906}
{'loss': 0.2292, 'grad_norm': 1.0601829290390015, 'learning_rate': 2.2905660377358494e-06, 'lm_loss': 0.0, 'pchembl_loss': 0.24627727270126343, 'ranking_loss': 0.0, 'total_loss': 0.24323780834674835, 'epoch': 38.58490566037736}
{'loss': 0.2232, 'grad_norm': 0.5845397114753723, 'learning_rate': 2.286792452830189e-06, 'lm_loss': 0.0, 'pchembl_loss': 0.2546384632587433, 'ranking_loss': 0.0, 'total_loss': 0.25149521231651306, 'epoch': 38.60377358490566}
{'loss': 0.2262, 'grad_norm': 0.4896606206893921, 'learning_rate': 2.2830188679245283e-06, 'lm_loss': 0.0, 'pchembl_loss': 0.283098429441452, 'ranking_loss': 0.0, 'total_loss': 0.2796032130718231, 'epoch': 38.62264150943396}
{'loss': 0.2283, 'grad_norm': 0.7646957635879517, 'learning_rate': 2.279245283018868e-06, 'lm_loss': 0.0, 'pchembl_loss': 0.21858073770999908, 'ranking_loss': 0.0, 'total_loss': 0.2158815711736679, 'epoch': 38.64150943396226}
{'loss': 0.229, 'grad_norm': 0.5576865673065186, 'learning_rate': 2.2754716981132078e-06, 'lm_loss': 0.0, 'pchembl_loss': 0.23229056596755981, 'ranking_loss': 0.0, 'total_loss': 0.22942157089710236, 'epoch': 38.660377358490564}
{'loss': 0.2216, 'grad_norm': 0.4696381092071533, 'learning_rate': 2.2716981132075477e-06, 'lm_loss': 0.0, 'pchembl_loss': 0.2659209072589874, 'ranking_loss': 0.0, 'total_loss': 0.2626359164714813, 'epoch': 38.679245283018865}
{'loss': 0.2239, 'grad_norm': 0.5565189123153687, 'learning_rate': 2.2679245283018867e-06, 'lm_loss': 0.0, 'pchembl_loss': 0.20173293352127075, 'ranking_loss': 0.0, 'total_loss': 0.19924041628837585, 'epoch': 38.698113207547166}
{'loss': 0.2247, 'grad_norm': 0.5307378172874451, 'learning_rate': 2.2641509433962266e-06, 'lm_loss': 0.0, 'pchembl_loss': 0.24808494746685028, 'ranking_loss': 0.0, 'total_loss': 0.24501913785934448, 'epoch': 38.716981132075475}
{'loss': 0.2273, 'grad_norm': 0.9431314468383789, 'learning_rate': 2.260377358490566e-06, 'lm_loss': 0.0, 'pchembl_loss': 0.2291632443666458, 'ranking_loss': 0.0, 'total_loss': 0.2263307422399521, 'epoch': 38.735849056603776}
{'loss': 0.2247, 'grad_norm': 0.77017742395401, 'learning_rate': 2.256603773584906e-06, 'lm_loss': 0.0, 'pchembl_loss': 0.19315597414970398, 'ranking_loss': 0.0, 'total_loss': 0.1907680779695511, 'epoch': 38.75471698113208}
{'loss': 0.2259, 'grad_norm': 0.5137577056884766, 'learning_rate': 2.2528301886792455e-06, 'lm_loss': 0.0, 'pchembl_loss': 0.19617284834384918, 'ranking_loss': 0.0, 'total_loss': 0.19374719262123108, 'epoch': 38.77358490566038}
{'loss': 0.228, 'grad_norm': 0.559493899345398, 'learning_rate': 2.249056603773585e-06, 'lm_loss': 0.0, 'pchembl_loss': 0.2646963894367218, 'ranking_loss': 0.0, 'total_loss': 0.2614228427410126, 'epoch': 38.79245283018868}
{'loss': 0.2262, 'grad_norm': 0.462663859128952, 'learning_rate': 2.245283018867925e-06, 'lm_loss': 0.0, 'pchembl_loss': 0.23866790533065796, 'ranking_loss': 0.0, 'total_loss': 0.23571570217609406, 'epoch': 38.81132075471698}
{'loss': 0.2259, 'grad_norm': 0.6818933486938477, 'learning_rate': 2.241509433962264e-06, 'lm_loss': 0.0, 'pchembl_loss': 0.18161506950855255, 'ranking_loss': 0.0, 'total_loss': 0.17936815321445465, 'epoch': 38.83018867924528}
{'loss': 0.2222, 'grad_norm': 0.8524526357650757, 'learning_rate': 2.237735849056604e-06, 'lm_loss': 0.0, 'pchembl_loss': 0.20553234219551086, 'ranking_loss': 0.0, 'total_loss': 0.20298905670642853, 'epoch': 38.84905660377358}
{'loss': 0.2273, 'grad_norm': 0.729211151599884, 'learning_rate': 2.233962264150944e-06, 'lm_loss': 0.0, 'pchembl_loss': 0.2163870930671692, 'ranking_loss': 0.0, 'total_loss': 0.2137089967727661, 'epoch': 38.867924528301884}
{'loss': 0.2297, 'grad_norm': 0.519661545753479, 'learning_rate': 2.2301886792452833e-06, 'lm_loss': 0.0, 'pchembl_loss': 0.21400043368339539, 'ranking_loss': 0.0, 'total_loss': 0.2113513946533203, 'epoch': 38.886792452830186}
{'loss': 0.2284, 'grad_norm': 0.45307186245918274, 'learning_rate': 2.226415094339623e-06, 'lm_loss': 0.0, 'pchembl_loss': 0.18824273347854614, 'ranking_loss': 0.0, 'total_loss': 0.1859121024608612, 'epoch': 38.905660377358494}
{'loss': 0.2281, 'grad_norm': 0.7789824604988098, 'learning_rate': 2.2226415094339623e-06, 'lm_loss': 0.0, 'pchembl_loss': 0.21701189875602722, 'ranking_loss': 0.0, 'total_loss': 0.21432459354400635, 'epoch': 38.924528301886795}
{'loss': 0.2261, 'grad_norm': 0.5229030251502991, 'learning_rate': 2.2188679245283022e-06, 'lm_loss': 0.0, 'pchembl_loss': 0.24766768515110016, 'ranking_loss': 0.0, 'total_loss': 0.24460020661354065, 'epoch': 38.943396226415096}
{'loss': 0.2245, 'grad_norm': 1.0299583673477173, 'learning_rate': 2.2150943396226417e-06, 'lm_loss': 0.0, 'pchembl_loss': 0.2294001579284668, 'ranking_loss': 0.0, 'total_loss': 0.2265584021806717, 'epoch': 38.9622641509434}
{'loss': 0.2297, 'grad_norm': 0.5305023193359375, 'learning_rate': 2.2113207547169812e-06, 'lm_loss': 0.0, 'pchembl_loss': 0.26000526547431946, 'ranking_loss': 0.0, 'total_loss': 0.25678378343582153, 'epoch': 38.9811320754717}
{'loss': 0.2269, 'grad_norm': 0.5106695890426636, 'learning_rate': 2.207547169811321e-06, 'lm_loss': 0.0, 'pchembl_loss': 0.19629092514514923, 'ranking_loss': 0.0, 'total_loss': 0.19385842978954315, 'epoch': 39.0}
{'eval_loss': 0.21845506131649017, 'eval_pchembl_norm_mse': 0.39129072427749634, 'eval_pchembl_norm_mae': 0.4520348012447357, 'eval_pchembl_norm_rmse': 0.625532329082489, 'eval_pchembl_r2': 0.6015723347663879, 'eval_pchembl_count': 20000, 'eval_pchembl_norm_mean_pred': -0.011384782381355762, 'eval_pchembl_norm_std_pred': 0.8143848776817322, 'eval_pchembl_norm_mean_true': -0.02121046371757984, 'eval_pchembl_norm_std_true': 0.9910030961036682, 'eval_pchembl_raw_mse': 0.7261385917663574, 'eval_pchembl_raw_mae': 0.6157889366149902, 'eval_pchembl_raw_rmse': 0.8521376848220825, 'eval_pchembl_raw_pearson': 0.7769675833252784, 'eval_pchembl_raw_spearman': 0.774516557283166, 'eval_runtime': 9.1333, 'eval_samples_per_second': 1153.037, 'eval_steps_per_second': 0.109, 'epoch': 39.0}
{'eval_lm_loss': 0.0, 'eval_pchembl_loss': 0.2206630554050207, 'eval_ranking_loss': 0.0, 'eval_total_loss': 0.21792803660035134, 'epoch': 39.0}
{'eval_evaluation_time_sec': 9.190290171187371, 'epoch': 39.0}
{'loss': 0.2257, 'grad_norm': 0.8223590850830078, 'learning_rate': 2.2037735849056606e-06, 'lm_loss': 0.0, 'pchembl_loss': 0.1528504490852356, 'ranking_loss': 0.0, 'total_loss': 0.150955930352211, 'epoch': 39.0188679245283}
{'loss': 0.2285, 'grad_norm': 0.5582213401794434, 'learning_rate': 2.2e-06, 'lm_loss': 0.0, 'pchembl_loss': 0.24685202538967133, 'ranking_loss': 0.0, 'total_loss': 0.2437918484210968, 'epoch': 39.0377358490566}
{'loss': 0.2244, 'grad_norm': 0.5548486709594727, 'learning_rate': 2.19622641509434e-06, 'lm_loss': 0.0, 'pchembl_loss': 0.25914981961250305, 'ranking_loss': 0.0, 'total_loss': 0.2559365928173065, 'epoch': 39.056603773584904}
{'loss': 0.2274, 'grad_norm': 0.622956395149231, 'learning_rate': 2.1924528301886795e-06, 'lm_loss': 0.0, 'pchembl_loss': 0.18575793504714966, 'ranking_loss': 0.0, 'total_loss': 0.18345429003238678, 'epoch': 39.075471698113205}
{'loss': 0.2238, 'grad_norm': 0.625402569770813, 'learning_rate': 2.188679245283019e-06, 'lm_loss': 0.0, 'pchembl_loss': 0.21843284368515015, 'ranking_loss': 0.0, 'total_loss': 0.21572348475456238, 'epoch': 39.094339622641506}
{'loss': 0.2256, 'grad_norm': 0.5037703514099121, 'learning_rate': 2.1849056603773585e-06, 'lm_loss': 0.0, 'pchembl_loss': 0.2446213662624359, 'ranking_loss': 0.0, 'total_loss': 0.2415866255760193, 'epoch': 39.113207547169814}
{'loss': 0.2243, 'grad_norm': 0.44679468870162964, 'learning_rate': 2.1811320754716984e-06, 'lm_loss': 0.0, 'pchembl_loss': 0.25184664130210876, 'ranking_loss': 0.0, 'total_loss': 0.24872168898582458, 'epoch': 39.132075471698116}
{'loss': 0.2221, 'grad_norm': 0.4556623101234436, 'learning_rate': 2.177358490566038e-06, 'lm_loss': 0.0, 'pchembl_loss': 0.21686553955078125, 'ranking_loss': 0.0, 'total_loss': 0.21417415142059326, 'epoch': 39.15094339622642}
{'loss': 0.2277, 'grad_norm': 0.5683940052986145, 'learning_rate': 2.1735849056603774e-06, 'lm_loss': 0.0, 'pchembl_loss': 0.21207347512245178, 'ranking_loss': 0.0, 'total_loss': 0.20944108068943024, 'epoch': 39.16981132075472}
{'loss': 0.2235, 'grad_norm': 0.8307484984397888, 'learning_rate': 2.1698113207547173e-06, 'lm_loss': 0.0, 'pchembl_loss': 0.21139495074748993, 'ranking_loss': 0.0, 'total_loss': 0.2087704986333847, 'epoch': 39.18867924528302}
{'loss': 0.2256, 'grad_norm': 0.4822753071784973, 'learning_rate': 2.166037735849057e-06, 'lm_loss': 0.0, 'pchembl_loss': 0.2400236874818802, 'ranking_loss': 0.0, 'total_loss': 0.23704327642917633, 'epoch': 39.20754716981132}
{'loss': 0.2227, 'grad_norm': 0.47237247228622437, 'learning_rate': 2.1622641509433963e-06, 'lm_loss': 0.0, 'pchembl_loss': 0.19602122902870178, 'ranking_loss': 0.0, 'total_loss': 0.19358676671981812, 'epoch': 39.22641509433962}
{'loss': 0.2234, 'grad_norm': 0.5642898678779602, 'learning_rate': 2.158490566037736e-06, 'lm_loss': 0.0, 'pchembl_loss': 0.2038598358631134, 'ranking_loss': 0.0, 'total_loss': 0.20132757723331451, 'epoch': 39.24528301886792}
{'loss': 0.2255, 'grad_norm': 0.6921092867851257, 'learning_rate': 2.1547169811320757e-06, 'lm_loss': 0.0, 'pchembl_loss': 0.18797537684440613, 'ranking_loss': 0.0, 'total_loss': 0.18564002215862274, 'epoch': 39.264150943396224}
{'loss': 0.2237, 'grad_norm': 0.6578156352043152, 'learning_rate': 2.150943396226415e-06, 'lm_loss': 0.0, 'pchembl_loss': 0.2647247016429901, 'ranking_loss': 0.0, 'total_loss': 0.26143524050712585, 'epoch': 39.283018867924525}
{'loss': 0.225, 'grad_norm': 0.5345711708068848, 'learning_rate': 2.1471698113207547e-06, 'lm_loss': 0.0, 'pchembl_loss': 0.16118179261684418, 'ranking_loss': 0.0, 'total_loss': 0.15917859971523285, 'epoch': 39.301886792452834}
{'loss': 0.228, 'grad_norm': 0.7173469066619873, 'learning_rate': 2.1433962264150946e-06, 'lm_loss': 0.0, 'pchembl_loss': 0.17006070911884308, 'ranking_loss': 0.0, 'total_loss': 0.16794678568840027, 'epoch': 39.320754716981135}
{'loss': 0.2251, 'grad_norm': 0.5661717057228088, 'learning_rate': 2.139622641509434e-06, 'lm_loss': 0.0, 'pchembl_loss': 0.30610281229019165, 'ranking_loss': 0.0, 'total_loss': 0.3022971749305725, 'epoch': 39.339622641509436}
{'loss': 0.2221, 'grad_norm': 0.5833103656768799, 'learning_rate': 2.1358490566037736e-06, 'lm_loss': 0.0, 'pchembl_loss': 0.22775112092494965, 'ranking_loss': 0.0, 'total_loss': 0.22491908073425293, 'epoch': 39.35849056603774}
{'loss': 0.2266, 'grad_norm': 0.7080733180046082, 'learning_rate': 2.1320754716981135e-06, 'lm_loss': 0.0, 'pchembl_loss': 0.24719035625457764, 'ranking_loss': 0.0, 'total_loss': 0.24411605298519135, 'epoch': 39.37735849056604}
{'loss': 0.2234, 'grad_norm': 0.5489427447319031, 'learning_rate': 2.128301886792453e-06, 'lm_loss': 0.0, 'pchembl_loss': 0.18097259104251862, 'ranking_loss': 0.0, 'total_loss': 0.17872144281864166, 'epoch': 39.39622641509434}
{'loss': 0.2277, 'grad_norm': 0.852433443069458, 'learning_rate': 2.1245283018867925e-06, 'lm_loss': 0.0, 'pchembl_loss': 0.22787150740623474, 'ranking_loss': 0.0, 'total_loss': 0.22503647208213806, 'epoch': 39.41509433962264}
{'loss': 0.2264, 'grad_norm': 0.44927874207496643, 'learning_rate': 2.120754716981132e-06, 'lm_loss': 0.0, 'pchembl_loss': 0.1399364471435547, 'ranking_loss': 0.0, 'total_loss': 0.13819512724876404, 'epoch': 39.43396226415094}
{'loss': 0.2249, 'grad_norm': 0.5024564862251282, 'learning_rate': 2.116981132075472e-06, 'lm_loss': 0.0, 'pchembl_loss': 0.24046380817890167, 'ranking_loss': 0.0, 'total_loss': 0.23747104406356812, 'epoch': 39.45283018867924}
{'loss': 0.2279, 'grad_norm': 0.8794657588005066, 'learning_rate': 2.1132075471698114e-06, 'lm_loss': 0.0, 'pchembl_loss': 0.30569809675216675, 'ranking_loss': 0.0, 'total_loss': 0.3018927574157715, 'epoch': 39.471698113207545}
{'loss': 0.2275, 'grad_norm': 0.615566611289978, 'learning_rate': 2.109433962264151e-06, 'lm_loss': 0.0, 'pchembl_loss': 0.2136324644088745, 'ranking_loss': 0.0, 'total_loss': 0.21097271144390106, 'epoch': 39.490566037735846}
{'loss': 0.2244, 'grad_norm': 0.6100801229476929, 'learning_rate': 2.1056603773584908e-06, 'lm_loss': 0.0, 'pchembl_loss': 0.21178779006004333, 'ranking_loss': 0.0, 'total_loss': 0.2091505378484726, 'epoch': 39.509433962264154}
{'loss': 0.2258, 'grad_norm': 0.8169177174568176, 'learning_rate': 2.1018867924528303e-06, 'lm_loss': 0.0, 'pchembl_loss': 0.1912093311548233, 'ranking_loss': 0.0, 'total_loss': 0.18882791697978973, 'epoch': 39.528301886792455}
{'loss': 0.2242, 'grad_norm': 0.765109658241272, 'learning_rate': 2.0981132075471698e-06, 'lm_loss': 0.0, 'pchembl_loss': 0.20880407094955444, 'ranking_loss': 0.0, 'total_loss': 0.20620308816432953, 'epoch': 39.54716981132076}
{'loss': 0.2259, 'grad_norm': 0.5137730240821838, 'learning_rate': 2.0943396226415097e-06, 'lm_loss': 0.0, 'pchembl_loss': 0.20481933653354645, 'ranking_loss': 0.0, 'total_loss': 0.20226754248142242, 'epoch': 39.56603773584906}
{'loss': 0.2251, 'grad_norm': 0.8824244737625122, 'learning_rate': 2.090566037735849e-06, 'lm_loss': 0.0, 'pchembl_loss': 0.27865466475486755, 'ranking_loss': 0.0, 'total_loss': 0.2751823663711548, 'epoch': 39.58490566037736}
{'loss': 0.2287, 'grad_norm': 0.540449857711792, 'learning_rate': 2.086792452830189e-06, 'lm_loss': 0.0, 'pchembl_loss': 0.29502052068710327, 'ranking_loss': 0.0, 'total_loss': 0.29134365916252136, 'epoch': 39.60377358490566}
{'loss': 0.2268, 'grad_norm': 1.244423508644104, 'learning_rate': 2.083018867924528e-06, 'lm_loss': 0.0, 'pchembl_loss': 0.22000949084758759, 'ranking_loss': 0.0, 'total_loss': 0.21726703643798828, 'epoch': 39.62264150943396}
{'loss': 0.2271, 'grad_norm': 0.45894375443458557, 'learning_rate': 2.079245283018868e-06, 'lm_loss': 0.0, 'pchembl_loss': 0.23304414749145508, 'ranking_loss': 0.0, 'total_loss': 0.23013871908187866, 'epoch': 39.64150943396226}
{'loss': 0.2283, 'grad_norm': 0.7436415553092957, 'learning_rate': 2.075471698113208e-06, 'lm_loss': 0.0, 'pchembl_loss': 0.260835736989975, 'ranking_loss': 0.0, 'total_loss': 0.25758329033851624, 'epoch': 39.660377358490564}
{'loss': 0.2243, 'grad_norm': 0.9740648865699768, 'learning_rate': 2.0716981132075475e-06, 'lm_loss': 0.0, 'pchembl_loss': 0.2643515467643738, 'ranking_loss': 0.0, 'total_loss': 0.2610546946525574, 'epoch': 39.679245283018865}
{'loss': 0.2259, 'grad_norm': 0.5071655511856079, 'learning_rate': 2.067924528301887e-06, 'lm_loss': 0.0, 'pchembl_loss': 0.17243367433547974, 'ranking_loss': 0.0, 'total_loss': 0.17028282582759857, 'epoch': 39.698113207547166}
{'loss': 0.2232, 'grad_norm': 0.5598874688148499, 'learning_rate': 2.0641509433962264e-06, 'lm_loss': 0.0, 'pchembl_loss': 0.2238072156906128, 'ranking_loss': 0.0, 'total_loss': 0.2210150808095932, 'epoch': 39.716981132075475}
{'loss': 0.2253, 'grad_norm': 0.5081759691238403, 'learning_rate': 2.0603773584905664e-06, 'lm_loss': 0.0, 'pchembl_loss': 0.27582621574401855, 'ranking_loss': 0.0, 'total_loss': 0.27238455414772034, 'epoch': 39.735849056603776}
{'loss': 0.2243, 'grad_norm': 0.8202064633369446, 'learning_rate': 2.056603773584906e-06, 'lm_loss': 0.0, 'pchembl_loss': 0.2562589943408966, 'ranking_loss': 0.0, 'total_loss': 0.2530609369277954, 'epoch': 39.75471698113208}
{'loss': 0.224, 'grad_norm': 0.7081493735313416, 'learning_rate': 2.0528301886792453e-06, 'lm_loss': 0.0, 'pchembl_loss': 0.22663477063179016, 'ranking_loss': 0.0, 'total_loss': 0.22380594909191132, 'epoch': 39.77358490566038}
{'loss': 0.2237, 'grad_norm': 0.4773503243923187, 'learning_rate': 2.0490566037735853e-06, 'lm_loss': 0.0, 'pchembl_loss': 0.2465207576751709, 'ranking_loss': 0.0, 'total_loss': 0.24344320595264435, 'epoch': 39.79245283018868}
{'loss': 0.2237, 'grad_norm': 0.5450053215026855, 'learning_rate': 2.0452830188679247e-06, 'lm_loss': 0.0, 'pchembl_loss': 0.229811891913414, 'ranking_loss': 0.0, 'total_loss': 0.22694244980812073, 'epoch': 39.81132075471698}
{'loss': 0.2252, 'grad_norm': 0.9261060953140259, 'learning_rate': 2.0415094339622642e-06, 'lm_loss': 0.0, 'pchembl_loss': 0.22030436992645264, 'ranking_loss': 0.0, 'total_loss': 0.21755318343639374, 'epoch': 39.83018867924528}
{'loss': 0.2275, 'grad_norm': 0.5517266392707825, 'learning_rate': 2.037735849056604e-06, 'lm_loss': 0.0, 'pchembl_loss': 0.15831194818019867, 'ranking_loss': 0.0, 'total_loss': 0.15633459389209747, 'epoch': 39.84905660377358}
{'loss': 0.2264, 'grad_norm': 0.4914860725402832, 'learning_rate': 2.0339622641509436e-06, 'lm_loss': 0.0, 'pchembl_loss': 0.2327551543712616, 'ranking_loss': 0.0, 'total_loss': 0.2298475056886673, 'epoch': 39.867924528301884}
{'loss': 0.2277, 'grad_norm': 0.4796331822872162, 'learning_rate': 2.030188679245283e-06, 'lm_loss': 0.0, 'pchembl_loss': 0.22544878721237183, 'ranking_loss': 0.0, 'total_loss': 0.22263194620609283, 'epoch': 39.886792452830186}
{'loss': 0.2223, 'grad_norm': 0.5609936118125916, 'learning_rate': 2.0264150943396226e-06, 'lm_loss': 0.0, 'pchembl_loss': 0.2331412434577942, 'ranking_loss': 0.0, 'total_loss': 0.23022779822349548, 'epoch': 39.905660377358494}
{'loss': 0.2274, 'grad_norm': 0.8456746935844421, 'learning_rate': 2.0226415094339625e-06, 'lm_loss': 0.0, 'pchembl_loss': 0.24418900907039642, 'ranking_loss': 0.0, 'total_loss': 0.24113699793815613, 'epoch': 39.924528301886795}
{'loss': 0.2267, 'grad_norm': 0.5480182766914368, 'learning_rate': 2.018867924528302e-06, 'lm_loss': 0.0, 'pchembl_loss': 0.21014678478240967, 'ranking_loss': 0.0, 'total_loss': 0.20751981437206268, 'epoch': 39.943396226415096}
{'loss': 0.2232, 'grad_norm': 0.5502282381057739, 'learning_rate': 2.0150943396226415e-06, 'lm_loss': 0.0, 'pchembl_loss': 0.23469428718090057, 'ranking_loss': 0.0, 'total_loss': 0.2317599654197693, 'epoch': 39.9622641509434}
{'loss': 0.2266, 'grad_norm': 0.7987062931060791, 'learning_rate': 2.0113207547169814e-06, 'lm_loss': 0.0, 'pchembl_loss': 0.2514708936214447, 'ranking_loss': 0.0, 'total_loss': 0.24832630157470703, 'epoch': 39.9811320754717}
{'loss': 0.2245, 'grad_norm': 0.954623281955719, 'learning_rate': 2.007547169811321e-06, 'lm_loss': 0.0, 'pchembl_loss': 0.22279201447963715, 'ranking_loss': 0.0, 'total_loss': 0.2200055718421936, 'epoch': 40.0}
{'eval_loss': 0.21814575791358948, 'eval_pchembl_norm_mse': 0.39114347100257874, 'eval_pchembl_norm_mae': 0.451084703207016, 'eval_pchembl_norm_rmse': 0.6254146099090576, 'eval_pchembl_r2': 0.601722240447998, 'eval_pchembl_count': 20000, 'eval_pchembl_norm_mean_pred': -0.01797354780137539, 'eval_pchembl_norm_std_pred': 0.8139012455940247, 'eval_pchembl_norm_mean_true': -0.02121046371757984, 'eval_pchembl_norm_std_true': 0.9910030961036682, 'eval_pchembl_raw_mse': 0.7258652448654175, 'eval_pchembl_raw_mae': 0.6144945025444031, 'eval_pchembl_raw_rmse': 0.8519772291183472, 'eval_pchembl_raw_pearson': 0.7769790324634462, 'eval_pchembl_raw_spearman': 0.7746584367793271, 'eval_runtime': 8.9159, 'eval_samples_per_second': 1181.155, 'eval_steps_per_second': 0.112, 'epoch': 40.0}
{'eval_lm_loss': 0.0, 'eval_pchembl_loss': 0.2203484757244587, 'eval_ranking_loss': 0.0, 'eval_total_loss': 0.21759213864803315, 'epoch': 40.0}
{'eval_evaluation_time_sec': 8.985560307977721, 'epoch': 40.0}
{'loss': 0.2273, 'grad_norm': 0.5589549541473389, 'learning_rate': 2.0037735849056604e-06, 'lm_loss': 0.0, 'pchembl_loss': 0.284597247838974, 'ranking_loss': 0.0, 'total_loss': 0.28103721141815186, 'epoch': 40.0188679245283}
{'loss': 0.2236, 'grad_norm': 0.8844621777534485, 'learning_rate': 2.0000000000000003e-06, 'lm_loss': 0.0, 'pchembl_loss': 0.14561015367507935, 'ranking_loss': 0.0, 'total_loss': 0.1437884122133255, 'epoch': 40.0377358490566}
{'loss': 0.2231, 'grad_norm': 0.8466445803642273, 'learning_rate': 1.99622641509434e-06, 'lm_loss': 0.0, 'pchembl_loss': 0.17188750207424164, 'ranking_loss': 0.0, 'total_loss': 0.16973665356636047, 'epoch': 40.056603773584904}
{'loss': 0.223, 'grad_norm': 0.4847445785999298, 'learning_rate': 1.9924528301886793e-06, 'lm_loss': 0.0, 'pchembl_loss': 0.19836874306201935, 'ranking_loss': 0.0, 'total_loss': 0.19588613510131836, 'epoch': 40.075471698113205}
{'loss': 0.2298, 'grad_norm': 1.122560977935791, 'learning_rate': 1.988679245283019e-06, 'lm_loss': 0.0, 'pchembl_loss': 0.28416743874549866, 'ranking_loss': 0.0, 'total_loss': 0.28061047196388245, 'epoch': 40.094339622641506}
{'loss': 0.2258, 'grad_norm': 0.5085232853889465, 'learning_rate': 1.9849056603773587e-06, 'lm_loss': 0.0, 'pchembl_loss': 0.23162470757961273, 'ranking_loss': 0.0, 'total_loss': 0.22872495651245117, 'epoch': 40.113207547169814}
{'loss': 0.2235, 'grad_norm': 0.48882025480270386, 'learning_rate': 1.981132075471698e-06, 'lm_loss': 0.0, 'pchembl_loss': 0.20826606452465057, 'ranking_loss': 0.0, 'total_loss': 0.20565831661224365, 'epoch': 40.132075471698116}
{'loss': 0.2251, 'grad_norm': 0.46613961458206177, 'learning_rate': 1.9773584905660377e-06, 'lm_loss': 0.0, 'pchembl_loss': 0.2195240706205368, 'ranking_loss': 0.0, 'total_loss': 0.21677492558956146, 'epoch': 40.15094339622642}
{'loss': 0.2253, 'grad_norm': 0.644777774810791, 'learning_rate': 1.9735849056603776e-06, 'lm_loss': 0.0, 'pchembl_loss': 0.19123370945453644, 'ranking_loss': 0.0, 'total_loss': 0.18883845210075378, 'epoch': 40.16981132075472}
{'loss': 0.229, 'grad_norm': 0.8551268577575684, 'learning_rate': 1.969811320754717e-06, 'lm_loss': 0.0, 'pchembl_loss': 0.1988338977098465, 'ranking_loss': 0.0, 'total_loss': 0.1963430494070053, 'epoch': 40.18867924528302}
{'loss': 0.2261, 'grad_norm': 0.44962313771247864, 'learning_rate': 1.9660377358490566e-06, 'lm_loss': 0.0, 'pchembl_loss': 0.2196594625711441, 'ranking_loss': 0.0, 'total_loss': 0.21690727770328522, 'epoch': 40.20754716981132}
{'loss': 0.2268, 'grad_norm': 0.5559162497520447, 'learning_rate': 1.9622641509433965e-06, 'lm_loss': 0.0, 'pchembl_loss': 0.270793080329895, 'ranking_loss': 0.0, 'total_loss': 0.2673996686935425, 'epoch': 40.22641509433962}
{'loss': 0.2259, 'grad_norm': 0.5813021659851074, 'learning_rate': 1.958490566037736e-06, 'lm_loss': 0.0, 'pchembl_loss': 0.2258903831243515, 'ranking_loss': 0.0, 'total_loss': 0.22305922210216522, 'epoch': 40.24528301886792}
{'loss': 0.2219, 'grad_norm': 1.1254971027374268, 'learning_rate': 1.9547169811320755e-06, 'lm_loss': 0.0, 'pchembl_loss': 0.22282008826732635, 'ranking_loss': 0.0, 'total_loss': 0.22002695500850677, 'epoch': 40.264150943396224}
{'loss': 0.2239, 'grad_norm': 1.2169222831726074, 'learning_rate': 1.950943396226415e-06, 'lm_loss': 0.0, 'pchembl_loss': 0.23023585975170135, 'ranking_loss': 0.0, 'total_loss': 0.22734931111335754, 'epoch': 40.283018867924525}
{'loss': 0.2223, 'grad_norm': 0.54462069272995, 'learning_rate': 1.947169811320755e-06, 'lm_loss': 0.0, 'pchembl_loss': 0.2799701988697052, 'ranking_loss': 0.0, 'total_loss': 0.27645957469940186, 'epoch': 40.301886792452834}
{'loss': 0.2272, 'grad_norm': 1.4011889696121216, 'learning_rate': 1.943396226415095e-06, 'lm_loss': 0.0, 'pchembl_loss': 0.18221800029277802, 'ranking_loss': 0.0, 'total_loss': 0.17993274331092834, 'epoch': 40.320754716981135}
{'loss': 0.2236, 'grad_norm': 1.0958681106567383, 'learning_rate': 1.939622641509434e-06, 'lm_loss': 0.0, 'pchembl_loss': 0.19476360082626343, 'ranking_loss': 0.0, 'total_loss': 0.19232064485549927, 'epoch': 40.339622641509436}
{'loss': 0.2243, 'grad_norm': 0.5556755661964417, 'learning_rate': 1.935849056603774e-06, 'lm_loss': 0.0, 'pchembl_loss': 0.2520664632320404, 'ranking_loss': 0.0, 'total_loss': 0.2489042729139328, 'epoch': 40.35849056603774}
{'loss': 0.2254, 'grad_norm': 0.4623863697052002, 'learning_rate': 1.9320754716981133e-06, 'lm_loss': 0.0, 'pchembl_loss': 0.24954387545585632, 'ranking_loss': 0.0, 'total_loss': 0.24641285836696625, 'epoch': 40.37735849056604}
{'loss': 0.2246, 'grad_norm': 0.6239849328994751, 'learning_rate': 1.928301886792453e-06, 'lm_loss': 0.0, 'pchembl_loss': 0.26041480898857117, 'ranking_loss': 0.0, 'total_loss': 0.2571468949317932, 'epoch': 40.39622641509434}
{'loss': 0.2219, 'grad_norm': 1.0373718738555908, 'learning_rate': 1.9245283018867927e-06, 'lm_loss': 0.0, 'pchembl_loss': 0.27599596977233887, 'ranking_loss': 0.0, 'total_loss': 0.27253201603889465, 'epoch': 40.41509433962264}
{'loss': 0.2256, 'grad_norm': 0.9671630263328552, 'learning_rate': 1.920754716981132e-06, 'lm_loss': 0.0, 'pchembl_loss': 0.2538200616836548, 'ranking_loss': 0.0, 'total_loss': 0.25063392519950867, 'epoch': 40.43396226415094}
{'loss': 0.2269, 'grad_norm': 0.578938364982605, 'learning_rate': 1.916981132075472e-06, 'lm_loss': 0.0, 'pchembl_loss': 0.19184623658657074, 'ranking_loss': 0.0, 'total_loss': 0.18943768739700317, 'epoch': 40.45283018867924}
{'loss': 0.2259, 'grad_norm': 0.8575652837753296, 'learning_rate': 1.9132075471698116e-06, 'lm_loss': 0.0, 'pchembl_loss': 0.2507254481315613, 'ranking_loss': 0.0, 'total_loss': 0.2475772202014923, 'epoch': 40.471698113207545}
{'loss': 0.2181, 'grad_norm': 0.5437588691711426, 'learning_rate': 1.909433962264151e-06, 'lm_loss': 0.0, 'pchembl_loss': 0.1511213332414627, 'ranking_loss': 0.0, 'total_loss': 0.14922349154949188, 'epoch': 40.490566037735846}
{'loss': 0.2298, 'grad_norm': 0.793558657169342, 'learning_rate': 1.9056603773584908e-06, 'lm_loss': 0.0, 'pchembl_loss': 0.16384945809841156, 'ranking_loss': 0.0, 'total_loss': 0.16179145872592926, 'epoch': 40.509433962264154}
{'loss': 0.2234, 'grad_norm': 0.5178155899047852, 'learning_rate': 1.9018867924528303e-06, 'lm_loss': 0.0, 'pchembl_loss': 0.17488937079906464, 'ranking_loss': 0.0, 'total_loss': 0.17269237339496613, 'epoch': 40.528301886792455}
{'loss': 0.2222, 'grad_norm': 0.5054003000259399, 'learning_rate': 1.89811320754717e-06, 'lm_loss': 0.0, 'pchembl_loss': 0.17179277539253235, 'ranking_loss': 0.0, 'total_loss': 0.1696343570947647, 'epoch': 40.54716981132076}
{'loss': 0.2295, 'grad_norm': 1.0611974000930786, 'learning_rate': 1.8943396226415095e-06, 'lm_loss': 0.0, 'pchembl_loss': 0.2646520435810089, 'ranking_loss': 0.0, 'total_loss': 0.2613264322280884, 'epoch': 40.56603773584906}
{'loss': 0.2242, 'grad_norm': 0.748134434223175, 'learning_rate': 1.8905660377358492e-06, 'lm_loss': 0.0, 'pchembl_loss': 0.24126359820365906, 'ranking_loss': 0.0, 'total_loss': 0.23823140561580658, 'epoch': 40.58490566037736}
{'loss': 0.2243, 'grad_norm': 0.5036177039146423, 'learning_rate': 1.8867924528301889e-06, 'lm_loss': 0.0, 'pchembl_loss': 0.21813176572322845, 'ranking_loss': 0.0, 'total_loss': 0.21538987755775452, 'epoch': 40.60377358490566}
{'loss': 0.2231, 'grad_norm': 1.0253791809082031, 'learning_rate': 1.8830188679245284e-06, 'lm_loss': 0.0, 'pchembl_loss': 0.240829735994339, 'ranking_loss': 0.0, 'total_loss': 0.23780208826065063, 'epoch': 40.62264150943396}
{'loss': 0.2284, 'grad_norm': 0.8618878722190857, 'learning_rate': 1.879245283018868e-06, 'lm_loss': 0.0, 'pchembl_loss': 0.27755165100097656, 'ranking_loss': 0.0, 'total_loss': 0.27406179904937744, 'epoch': 40.64150943396226}
{'loss': 0.2249, 'grad_norm': 0.5111972689628601, 'learning_rate': 1.8754716981132076e-06, 'lm_loss': 0.0, 'pchembl_loss': 0.2357366532087326, 'ranking_loss': 0.0, 'total_loss': 0.2327721267938614, 'epoch': 40.660377358490564}
{'loss': 0.2262, 'grad_norm': 0.5312365889549255, 'learning_rate': 1.8716981132075473e-06, 'lm_loss': 0.0, 'pchembl_loss': 0.24139899015426636, 'ranking_loss': 0.0, 'total_loss': 0.23836280405521393, 'epoch': 40.679245283018865}
{'loss': 0.2241, 'grad_norm': 0.4546302258968353, 'learning_rate': 1.8679245283018868e-06, 'lm_loss': 0.0, 'pchembl_loss': 0.21416155993938446, 'ranking_loss': 0.0, 'total_loss': 0.21146753430366516, 'epoch': 40.698113207547166}
{'loss': 0.2254, 'grad_norm': 0.8044542670249939, 'learning_rate': 1.8641509433962265e-06, 'lm_loss': 0.0, 'pchembl_loss': 0.24343694746494293, 'ranking_loss': 0.0, 'total_loss': 0.24037419259548187, 'epoch': 40.716981132075475}
{'loss': 0.2283, 'grad_norm': 1.51945960521698, 'learning_rate': 1.8603773584905664e-06, 'lm_loss': 0.0, 'pchembl_loss': 0.17557284235954285, 'ranking_loss': 0.0, 'total_loss': 0.1733635812997818, 'epoch': 40.735849056603776}
{'loss': 0.2249, 'grad_norm': 0.6589230298995972, 'learning_rate': 1.8566037735849056e-06, 'lm_loss': 0.0, 'pchembl_loss': 0.2019798457622528, 'ranking_loss': 0.0, 'total_loss': 0.1994379162788391, 'epoch': 40.75471698113208}
{'loss': 0.226, 'grad_norm': 0.5369030237197876, 'learning_rate': 1.8528301886792456e-06, 'lm_loss': 0.0, 'pchembl_loss': 0.2642030417919159, 'ranking_loss': 0.0, 'total_loss': 0.2608775496482849, 'epoch': 40.77358490566038}
{'loss': 0.2258, 'grad_norm': 0.45151814818382263, 'learning_rate': 1.8490566037735848e-06, 'lm_loss': 0.0, 'pchembl_loss': 0.21616725623607635, 'ranking_loss': 0.0, 'total_loss': 0.2134459763765335, 'epoch': 40.79245283018868}
{'loss': 0.2203, 'grad_norm': 0.8534749746322632, 'learning_rate': 1.8452830188679248e-06, 'lm_loss': 0.0, 'pchembl_loss': 0.18820640444755554, 'ranking_loss': 0.0, 'total_loss': 0.1858367770910263, 'epoch': 40.81132075471698}
{'loss': 0.2287, 'grad_norm': 0.7236300110816956, 'learning_rate': 1.8415094339622645e-06, 'lm_loss': 0.0, 'pchembl_loss': 0.17642123997211456, 'ranking_loss': 0.0, 'total_loss': 0.1741996705532074, 'epoch': 40.83018867924528}
{'loss': 0.229, 'grad_norm': 0.6080771684646606, 'learning_rate': 1.837735849056604e-06, 'lm_loss': 0.0, 'pchembl_loss': 0.2739279866218567, 'ranking_loss': 0.0, 'total_loss': 0.2704780697822571, 'epoch': 40.84905660377358}
{'loss': 0.2239, 'grad_norm': 0.46071356534957886, 'learning_rate': 1.8339622641509437e-06, 'lm_loss': 0.0, 'pchembl_loss': 0.20816200971603394, 'ranking_loss': 0.0, 'total_loss': 0.20553997159004211, 'epoch': 40.867924528301884}
{'loss': 0.2248, 'grad_norm': 0.6897397637367249, 'learning_rate': 1.8301886792452831e-06, 'lm_loss': 0.0, 'pchembl_loss': 0.16654479503631592, 'ranking_loss': 0.0, 'total_loss': 0.1644466668367386, 'epoch': 40.886792452830186}
{'loss': 0.2269, 'grad_norm': 0.6666723489761353, 'learning_rate': 1.8264150943396228e-06, 'lm_loss': 0.0, 'pchembl_loss': 0.2957461178302765, 'ranking_loss': 0.0, 'total_loss': 0.2920197546482086, 'epoch': 40.905660377358494}
{'loss': 0.2231, 'grad_norm': 1.044398307800293, 'learning_rate': 1.8226415094339625e-06, 'lm_loss': 0.0, 'pchembl_loss': 0.20206277072429657, 'ranking_loss': 0.0, 'total_loss': 0.1995164453983307, 'epoch': 40.924528301886795}
{'loss': 0.2251, 'grad_norm': 0.4770831763744354, 'learning_rate': 1.818867924528302e-06, 'lm_loss': 0.0, 'pchembl_loss': 0.24188674986362457, 'ranking_loss': 0.0, 'total_loss': 0.23883812129497528, 'epoch': 40.943396226415096}
{'loss': 0.2236, 'grad_norm': 0.45568951964378357, 'learning_rate': 1.8150943396226417e-06, 'lm_loss': 0.0, 'pchembl_loss': 0.15695291757583618, 'ranking_loss': 0.0, 'total_loss': 0.15497447550296783, 'epoch': 40.9622641509434}
{'loss': 0.223, 'grad_norm': 1.096916913986206, 'learning_rate': 1.8113207547169812e-06, 'lm_loss': 0.0, 'pchembl_loss': 0.2652492821216583, 'ranking_loss': 0.0, 'total_loss': 0.2619052231311798, 'epoch': 40.9811320754717}
{'loss': 0.227, 'grad_norm': 0.6476763486862183, 'learning_rate': 1.807547169811321e-06, 'lm_loss': 0.0, 'pchembl_loss': 0.25366976857185364, 'ranking_loss': 0.0, 'total_loss': 0.25047123432159424, 'epoch': 41.0}
{'eval_loss': 0.21735292673110962, 'eval_pchembl_norm_mse': 0.389389306306839, 'eval_pchembl_norm_mae': 0.45000723004341125, 'eval_pchembl_norm_rmse': 0.6240106821060181, 'eval_pchembl_r2': 0.6035084128379822, 'eval_pchembl_count': 20000, 'eval_pchembl_norm_mean_pred': -0.024227993562817574, 'eval_pchembl_norm_std_pred': 0.8079233169555664, 'eval_pchembl_norm_mean_true': -0.02121046371757984, 'eval_pchembl_norm_std_true': 0.9910030961036682, 'eval_pchembl_raw_mse': 0.7226099371910095, 'eval_pchembl_raw_mae': 0.6130268573760986, 'eval_pchembl_raw_rmse': 0.8500646948814392, 'eval_pchembl_raw_pearson': 0.7777680932971756, 'eval_pchembl_raw_spearman': 0.7753395011789411, 'eval_runtime': 8.9122, 'eval_samples_per_second': 1181.637, 'eval_steps_per_second': 0.112, 'epoch': 41.0}
{'eval_lm_loss': 0.0, 'eval_pchembl_loss': 0.21958239421248435, 'eval_ranking_loss': 0.0, 'eval_total_loss': 0.21681327290832997, 'epoch': 41.0}
{'eval_evaluation_time_sec': 8.961343675851822, 'epoch': 41.0}
{'loss': 0.2251, 'grad_norm': 0.7916930317878723, 'learning_rate': 1.8037735849056606e-06, 'lm_loss': 0.0, 'pchembl_loss': 0.32449421286582947, 'ranking_loss': 0.0, 'total_loss': 0.320402055978775, 'epoch': 41.0188679245283}
{'loss': 0.2261, 'grad_norm': 0.766494631767273, 'learning_rate': 1.8000000000000001e-06, 'lm_loss': 0.0, 'pchembl_loss': 0.2625901699066162, 'ranking_loss': 0.0, 'total_loss': 0.25927820801734924, 'epoch': 41.0377358490566}
{'loss': 0.2218, 'grad_norm': 0.936462938785553, 'learning_rate': 1.7962264150943398e-06, 'lm_loss': 0.0, 'pchembl_loss': 0.20598985254764557, 'ranking_loss': 0.0, 'total_loss': 0.20339138805866241, 'epoch': 41.056603773584904}
{'loss': 0.2283, 'grad_norm': 0.5446126461029053, 'learning_rate': 1.7924528301886793e-06, 'lm_loss': 0.0, 'pchembl_loss': 0.22655987739562988, 'ranking_loss': 0.0, 'total_loss': 0.22370152175426483, 'epoch': 41.075471698113205}
{'loss': 0.2207, 'grad_norm': 0.5543851256370544, 'learning_rate': 1.788679245283019e-06, 'lm_loss': 0.0, 'pchembl_loss': 0.2322365939617157, 'ranking_loss': 0.0, 'total_loss': 0.2293062061071396, 'epoch': 41.094339622641506}
{'loss': 0.2239, 'grad_norm': 0.463972806930542, 'learning_rate': 1.7849056603773587e-06, 'lm_loss': 0.0, 'pchembl_loss': 0.2938757538795471, 'ranking_loss': 0.0, 'total_loss': 0.29016706347465515, 'epoch': 41.113207547169814}
{'loss': 0.2223, 'grad_norm': 0.58204185962677, 'learning_rate': 1.7811320754716982e-06, 'lm_loss': 0.0, 'pchembl_loss': 0.22550176084041595, 'ranking_loss': 0.0, 'total_loss': 0.2226555496454239, 'epoch': 41.132075471698116}
{'loss': 0.2244, 'grad_norm': 0.45032361149787903, 'learning_rate': 1.777358490566038e-06, 'lm_loss': 0.0, 'pchembl_loss': 0.25847169756889343, 'ranking_loss': 0.0, 'total_loss': 0.2552088797092438, 'epoch': 41.15094339622642}
{'loss': 0.2248, 'grad_norm': 0.5004228949546814, 'learning_rate': 1.7735849056603774e-06, 'lm_loss': 0.0, 'pchembl_loss': 0.19517995417118073, 'ranking_loss': 0.0, 'total_loss': 0.19271574914455414, 'epoch': 41.16981132075472}
{'loss': 0.2213, 'grad_norm': 0.6832203269004822, 'learning_rate': 1.7698113207547171e-06, 'lm_loss': 0.0, 'pchembl_loss': 0.24280624091625214, 'ranking_loss': 0.0, 'total_loss': 0.2397403120994568, 'epoch': 41.18867924528302}
{'loss': 0.2237, 'grad_norm': 0.650425910949707, 'learning_rate': 1.7660377358490568e-06, 'lm_loss': 0.0, 'pchembl_loss': 0.2109398990869522, 'ranking_loss': 0.0, 'total_loss': 0.20827597379684448, 'epoch': 41.20754716981132}
{'loss': 0.2241, 'grad_norm': 0.44380006194114685, 'learning_rate': 1.7622641509433963e-06, 'lm_loss': 0.0, 'pchembl_loss': 0.2739350199699402, 'ranking_loss': 0.0, 'total_loss': 0.2704750597476959, 'epoch': 41.22641509433962}
{'loss': 0.2263, 'grad_norm': 0.5924772620201111, 'learning_rate': 1.758490566037736e-06, 'lm_loss': 0.0, 'pchembl_loss': 0.2470235377550125, 'ranking_loss': 0.0, 'total_loss': 0.2439030259847641, 'epoch': 41.24528301886792}
{'loss': 0.226, 'grad_norm': 0.7900151610374451, 'learning_rate': 1.7547169811320755e-06, 'lm_loss': 0.0, 'pchembl_loss': 0.2329866737127304, 'ranking_loss': 0.0, 'total_loss': 0.23004306852817535, 'epoch': 41.264150943396224}
{'loss': 0.2232, 'grad_norm': 0.4572111964225769, 'learning_rate': 1.7509433962264152e-06, 'lm_loss': 0.0, 'pchembl_loss': 0.2625717222690582, 'ranking_loss': 0.0, 'total_loss': 0.2592538595199585, 'epoch': 41.283018867924525}
{'loss': 0.2255, 'grad_norm': 0.6602639555931091, 'learning_rate': 1.747169811320755e-06, 'lm_loss': 0.0, 'pchembl_loss': 0.1674383133649826, 'ranking_loss': 0.0, 'total_loss': 0.16532225906848907, 'epoch': 41.301886792452834}
{'loss': 0.2271, 'grad_norm': 0.486576110124588, 'learning_rate': 1.7433962264150944e-06, 'lm_loss': 0.0, 'pchembl_loss': 0.2903234362602234, 'ranking_loss': 0.0, 'total_loss': 0.28665387630462646, 'epoch': 41.320754716981135}
{'loss': 0.2242, 'grad_norm': 0.7951533794403076, 'learning_rate': 1.739622641509434e-06, 'lm_loss': 0.0, 'pchembl_loss': 0.1544303297996521, 'ranking_loss': 0.0, 'total_loss': 0.15247811377048492, 'epoch': 41.339622641509436}
{'loss': 0.2254, 'grad_norm': 1.4807709455490112, 'learning_rate': 1.7358490566037736e-06, 'lm_loss': 0.0, 'pchembl_loss': 0.26994383335113525, 'ranking_loss': 0.0, 'total_loss': 0.2665309011936188, 'epoch': 41.35849056603774}
{'loss': 0.2261, 'grad_norm': 0.5825852751731873, 'learning_rate': 1.7320754716981133e-06, 'lm_loss': 0.0, 'pchembl_loss': 0.2211463898420334, 'ranking_loss': 0.0, 'total_loss': 0.21835002303123474, 'epoch': 41.37735849056604}
{'loss': 0.2226, 'grad_norm': 0.478229284286499, 'learning_rate': 1.728301886792453e-06, 'lm_loss': 0.0, 'pchembl_loss': 0.19035540521144867, 'ranking_loss': 0.0, 'total_loss': 0.1879480481147766, 'epoch': 41.39622641509434}
{'loss': 0.2241, 'grad_norm': 0.49118202924728394, 'learning_rate': 1.7245283018867925e-06, 'lm_loss': 0.0, 'pchembl_loss': 0.22014610469341278, 'ranking_loss': 0.0, 'total_loss': 0.21736161410808563, 'epoch': 41.41509433962264}
{'loss': 0.2235, 'grad_norm': 0.4983066916465759, 'learning_rate': 1.7207547169811322e-06, 'lm_loss': 0.0, 'pchembl_loss': 0.1697608083486557, 'ranking_loss': 0.0, 'total_loss': 0.16761332750320435, 'epoch': 41.43396226415094}
{'loss': 0.229, 'grad_norm': 0.8506650328636169, 'learning_rate': 1.7169811320754717e-06, 'lm_loss': 0.0, 'pchembl_loss': 0.255785197019577, 'ranking_loss': 0.0, 'total_loss': 0.25254905223846436, 'epoch': 41.45283018867924}
{'loss': 0.2232, 'grad_norm': 0.663321852684021, 'learning_rate': 1.7132075471698114e-06, 'lm_loss': 0.0, 'pchembl_loss': 0.19607798755168915, 'ranking_loss': 0.0, 'total_loss': 0.19359691441059113, 'epoch': 41.471698113207545}
{'loss': 0.2285, 'grad_norm': 0.49070852994918823, 'learning_rate': 1.7094339622641513e-06, 'lm_loss': 0.0, 'pchembl_loss': 0.2481423169374466, 'ranking_loss': 0.0, 'total_loss': 0.24500201642513275, 'epoch': 41.490566037735846}
{'loss': 0.2195, 'grad_norm': 0.5322244167327881, 'learning_rate': 1.7056603773584906e-06, 'lm_loss': 0.0, 'pchembl_loss': 0.23538611829280853, 'ranking_loss': 0.0, 'total_loss': 0.2324068397283554, 'epoch': 41.509433962264154}
{'loss': 0.2218, 'grad_norm': 0.8328221440315247, 'learning_rate': 1.7018867924528305e-06, 'lm_loss': 0.0, 'pchembl_loss': 0.18431903421878815, 'ranking_loss': 0.0, 'total_loss': 0.1819857954978943, 'epoch': 41.528301886792455}
{'loss': 0.2275, 'grad_norm': 0.48444604873657227, 'learning_rate': 1.6981132075471698e-06, 'lm_loss': 0.0, 'pchembl_loss': 0.2323756217956543, 'ranking_loss': 0.0, 'total_loss': 0.22943364083766937, 'epoch': 41.54716981132076}
{'loss': 0.2237, 'grad_norm': 0.5590442419052124, 'learning_rate': 1.6943396226415097e-06, 'lm_loss': 0.0, 'pchembl_loss': 0.2234717756509781, 'ranking_loss': 0.0, 'total_loss': 0.22064213454723358, 'epoch': 41.56603773584906}
{'loss': 0.2194, 'grad_norm': 0.7458946108818054, 'learning_rate': 1.6905660377358494e-06, 'lm_loss': 0.0, 'pchembl_loss': 0.22681012749671936, 'ranking_loss': 0.0, 'total_loss': 0.22393782436847687, 'epoch': 41.58490566037736}
{'loss': 0.2249, 'grad_norm': 0.6115699410438538, 'learning_rate': 1.6867924528301887e-06, 'lm_loss': 0.0, 'pchembl_loss': 0.23720088601112366, 'ranking_loss': 0.0, 'total_loss': 0.23419658839702606, 'epoch': 41.60377358490566}
{'loss': 0.2238, 'grad_norm': 0.5089464783668518, 'learning_rate': 1.6830188679245286e-06, 'lm_loss': 0.0, 'pchembl_loss': 0.23397724330425262, 'ranking_loss': 0.0, 'total_loss': 0.23101337254047394, 'epoch': 41.62264150943396}
{'loss': 0.2226, 'grad_norm': 0.9247296452522278, 'learning_rate': 1.6792452830188679e-06, 'lm_loss': 0.0, 'pchembl_loss': 0.22954650223255157, 'ranking_loss': 0.0, 'total_loss': 0.22663836181163788, 'epoch': 41.64150943396226}
{'loss': 0.2254, 'grad_norm': 0.45888751745224, 'learning_rate': 1.6754716981132078e-06, 'lm_loss': 0.0, 'pchembl_loss': 0.24440526962280273, 'ranking_loss': 0.0, 'total_loss': 0.24130845069885254, 'epoch': 41.660377358490564}
{'loss': 0.2219, 'grad_norm': 0.5549374222755432, 'learning_rate': 1.6716981132075475e-06, 'lm_loss': 0.0, 'pchembl_loss': 0.2316090315580368, 'ranking_loss': 0.0, 'total_loss': 0.22867394983768463, 'epoch': 41.679245283018865}
{'loss': 0.2242, 'grad_norm': 0.6116732954978943, 'learning_rate': 1.667924528301887e-06, 'lm_loss': 0.0, 'pchembl_loss': 0.21257121860980988, 'ranking_loss': 0.0, 'total_loss': 0.20987704396247864, 'epoch': 41.698113207547166}
{'loss': 0.2252, 'grad_norm': 0.5512468218803406, 'learning_rate': 1.6641509433962267e-06, 'lm_loss': 0.0, 'pchembl_loss': 0.19324207305908203, 'ranking_loss': 0.0, 'total_loss': 0.19079256057739258, 'epoch': 41.716981132075475}
{'loss': 0.2257, 'grad_norm': 0.4682043790817261, 'learning_rate': 1.6603773584905662e-06, 'lm_loss': 0.0, 'pchembl_loss': 0.24208909273147583, 'ranking_loss': 0.0, 'total_loss': 0.2390199899673462, 'epoch': 41.735849056603776}
{'loss': 0.2286, 'grad_norm': 0.46887168288230896, 'learning_rate': 1.6566037735849059e-06, 'lm_loss': 0.0, 'pchembl_loss': 0.27425098419189453, 'ranking_loss': 0.0, 'total_loss': 0.270773708820343, 'epoch': 41.75471698113208}
{'loss': 0.2259, 'grad_norm': 0.6870613694190979, 'learning_rate': 1.6528301886792456e-06, 'lm_loss': 0.0, 'pchembl_loss': 0.17535966634750366, 'ranking_loss': 0.0, 'total_loss': 0.17313595116138458, 'epoch': 41.77358490566038}
{'loss': 0.2197, 'grad_norm': 0.5397254228591919, 'learning_rate': 1.649056603773585e-06, 'lm_loss': 0.0, 'pchembl_loss': 0.2987130284309387, 'ranking_loss': 0.0, 'total_loss': 0.2949245870113373, 'epoch': 41.79245283018868}
{'loss': 0.2259, 'grad_norm': 0.44083791971206665, 'learning_rate': 1.6452830188679248e-06, 'lm_loss': 0.0, 'pchembl_loss': 0.2351665496826172, 'ranking_loss': 0.0, 'total_loss': 0.23218365013599396, 'epoch': 41.81132075471698}
{'loss': 0.2229, 'grad_norm': 0.667449951171875, 'learning_rate': 1.6415094339622643e-06, 'lm_loss': 0.0, 'pchembl_loss': 0.22050100564956665, 'ranking_loss': 0.0, 'total_loss': 0.21770375967025757, 'epoch': 41.83018867924528}
{'loss': 0.2216, 'grad_norm': 0.6490322947502136, 'learning_rate': 1.637735849056604e-06, 'lm_loss': 0.0, 'pchembl_loss': 0.21829891204833984, 'ranking_loss': 0.0, 'total_loss': 0.21552923321723938, 'epoch': 41.84905660377358}
{'loss': 0.2259, 'grad_norm': 0.6678603291511536, 'learning_rate': 1.6339622641509437e-06, 'lm_loss': 0.0, 'pchembl_loss': 0.21705874800682068, 'ranking_loss': 0.0, 'total_loss': 0.21430443227291107, 'epoch': 41.867924528301884}
{'loss': 0.2252, 'grad_norm': 0.47008663415908813, 'learning_rate': 1.6301886792452832e-06, 'lm_loss': 0.0, 'pchembl_loss': 0.2037462592124939, 'ranking_loss': 0.0, 'total_loss': 0.20116053521633148, 'epoch': 41.886792452830186}
{'loss': 0.2229, 'grad_norm': 0.5555670261383057, 'learning_rate': 1.6264150943396229e-06, 'lm_loss': 0.0, 'pchembl_loss': 0.23375611007213593, 'ranking_loss': 0.0, 'total_loss': 0.23078913986682892, 'epoch': 41.905660377358494}
{'loss': 0.2249, 'grad_norm': 0.9279506802558899, 'learning_rate': 1.6226415094339623e-06, 'lm_loss': 0.0, 'pchembl_loss': 0.26682934165000916, 'ranking_loss': 0.0, 'total_loss': 0.26344215869903564, 'epoch': 41.924528301886795}
{'loss': 0.2255, 'grad_norm': 0.7594342231750488, 'learning_rate': 1.618867924528302e-06, 'lm_loss': 0.0, 'pchembl_loss': 0.22429198026657104, 'ranking_loss': 0.0, 'total_loss': 0.22144438326358795, 'epoch': 41.943396226415096}
{'loss': 0.2262, 'grad_norm': 0.5716564655303955, 'learning_rate': 1.6150943396226415e-06, 'lm_loss': 0.0, 'pchembl_loss': 0.26462504267692566, 'ranking_loss': 0.0, 'total_loss': 0.26126495003700256, 'epoch': 41.9622641509434}
{'loss': 0.2263, 'grad_norm': 0.9384238719940186, 'learning_rate': 1.6113207547169812e-06, 'lm_loss': 0.0, 'pchembl_loss': 0.17573249340057373, 'ranking_loss': 0.0, 'total_loss': 0.17350082099437714, 'epoch': 41.9811320754717}
{'loss': 0.2258, 'grad_norm': 0.6151858568191528, 'learning_rate': 1.607547169811321e-06, 'lm_loss': 0.0, 'pchembl_loss': 0.22020789980888367, 'ranking_loss': 0.0, 'total_loss': 0.21741105616092682, 'epoch': 42.0}
{'eval_loss': 0.2177235186100006, 'eval_pchembl_norm_mse': 0.39012762904167175, 'eval_pchembl_norm_mae': 0.45085960626602173, 'eval_pchembl_norm_rmse': 0.6246019601821899, 'eval_pchembl_r2': 0.6027566194534302, 'eval_pchembl_count': 20000, 'eval_pchembl_norm_mean_pred': -0.0060796113684773445, 'eval_pchembl_norm_std_pred': 0.8231215476989746, 'eval_pchembl_norm_mean_true': -0.02121046371757984, 'eval_pchembl_norm_std_true': 0.9910030961036682, 'eval_pchembl_raw_mse': 0.723980188369751, 'eval_pchembl_raw_mae': 0.6141880750656128, 'eval_pchembl_raw_rmse': 0.8508702516555786, 'eval_pchembl_raw_pearson': 0.7782840707099716, 'eval_pchembl_raw_spearman': 0.7755459946990731, 'eval_runtime': 8.9726, 'eval_samples_per_second': 1173.684, 'eval_steps_per_second': 0.111, 'epoch': 42.0}
{'eval_lm_loss': 0.0, 'eval_pchembl_loss': 0.2199864623695612, 'eval_ranking_loss': 0.0, 'eval_total_loss': 0.21719206541776656, 'epoch': 42.0}
{'eval_evaluation_time_sec': 9.016298827948049, 'epoch': 42.0}
{'loss': 0.2237, 'grad_norm': 1.0465643405914307, 'learning_rate': 1.6037735849056604e-06, 'lm_loss': 0.0, 'pchembl_loss': 0.1753980815410614, 'ranking_loss': 0.0, 'total_loss': 0.1731700748205185, 'epoch': 42.0188679245283}
{'loss': 0.2274, 'grad_norm': 0.44051462411880493, 'learning_rate': 1.6000000000000001e-06, 'lm_loss': 0.0, 'pchembl_loss': 0.2866884469985962, 'ranking_loss': 0.0, 'total_loss': 0.28304630517959595, 'epoch': 42.0377358490566}
{'loss': 0.2237, 'grad_norm': 0.5617517828941345, 'learning_rate': 1.5962264150943396e-06, 'lm_loss': 0.0, 'pchembl_loss': 0.20091716945171356, 'ranking_loss': 0.0, 'total_loss': 0.19836436212062836, 'epoch': 42.056603773584904}
{'loss': 0.2235, 'grad_norm': 0.7557098865509033, 'learning_rate': 1.5924528301886793e-06, 'lm_loss': 0.0, 'pchembl_loss': 0.23804961144924164, 'ranking_loss': 0.0, 'total_loss': 0.2350246161222458, 'epoch': 42.075471698113205}
{'loss': 0.2214, 'grad_norm': 0.7598856091499329, 'learning_rate': 1.588679245283019e-06, 'lm_loss': 0.0, 'pchembl_loss': 0.23566725850105286, 'ranking_loss': 0.0, 'total_loss': 0.23267215490341187, 'epoch': 42.094339622641506}
{'loss': 0.2208, 'grad_norm': 0.826111912727356, 'learning_rate': 1.5849056603773585e-06, 'lm_loss': 0.0, 'pchembl_loss': 0.256805419921875, 'ranking_loss': 0.0, 'total_loss': 0.2535412609577179, 'epoch': 42.113207547169814}
{'loss': 0.2237, 'grad_norm': 0.6699898838996887, 'learning_rate': 1.5811320754716982e-06, 'lm_loss': 0.0, 'pchembl_loss': 0.2232334017753601, 'ranking_loss': 0.0, 'total_loss': 0.22039560973644257, 'epoch': 42.132075471698116}
{'loss': 0.2241, 'grad_norm': 0.7314373850822449, 'learning_rate': 1.5773584905660377e-06, 'lm_loss': 0.0, 'pchembl_loss': 0.2360583394765854, 'ranking_loss': 0.0, 'total_loss': 0.23305712640285492, 'epoch': 42.15094339622642}
{'loss': 0.2214, 'grad_norm': 0.7904826998710632, 'learning_rate': 1.5735849056603774e-06, 'lm_loss': 0.0, 'pchembl_loss': 0.2028578519821167, 'ranking_loss': 0.0, 'total_loss': 0.2002784162759781, 'epoch': 42.16981132075472}
{'loss': 0.2237, 'grad_norm': 0.4568650424480438, 'learning_rate': 1.5698113207547171e-06, 'lm_loss': 0.0, 'pchembl_loss': 0.22395822405815125, 'ranking_loss': 0.0, 'total_loss': 0.22111013531684875, 'epoch': 42.18867924528302}
{'loss': 0.2214, 'grad_norm': 0.507926881313324, 'learning_rate': 1.5660377358490566e-06, 'lm_loss': 0.0, 'pchembl_loss': 0.20537713170051575, 'ranking_loss': 0.0, 'total_loss': 0.20276500284671783, 'epoch': 42.20754716981132}
{'loss': 0.2255, 'grad_norm': 0.4580272138118744, 'learning_rate': 1.5622641509433963e-06, 'lm_loss': 0.0, 'pchembl_loss': 0.1911689192056656, 'ranking_loss': 0.0, 'total_loss': 0.1887371987104416, 'epoch': 42.22641509433962}
{'loss': 0.2254, 'grad_norm': 0.7067584991455078, 'learning_rate': 1.5584905660377358e-06, 'lm_loss': 0.0, 'pchembl_loss': 0.26473772525787354, 'ranking_loss': 0.0, 'total_loss': 0.2613697648048401, 'epoch': 42.24528301886792}
{'loss': 0.225, 'grad_norm': 1.2828269004821777, 'learning_rate': 1.5547169811320755e-06, 'lm_loss': 0.0, 'pchembl_loss': 0.202875018119812, 'ranking_loss': 0.0, 'total_loss': 0.20029373466968536, 'epoch': 42.264150943396224}
{'loss': 0.2261, 'grad_norm': 0.4903062582015991, 'learning_rate': 1.5509433962264152e-06, 'lm_loss': 0.0, 'pchembl_loss': 0.21788592636585236, 'ranking_loss': 0.0, 'total_loss': 0.2151133120059967, 'epoch': 42.283018867924525}
{'loss': 0.2272, 'grad_norm': 0.4864063560962677, 'learning_rate': 1.5471698113207547e-06, 'lm_loss': 0.0, 'pchembl_loss': 0.23140673339366913, 'ranking_loss': 0.0, 'total_loss': 0.22846171259880066, 'epoch': 42.301886792452834}
{'loss': 0.2228, 'grad_norm': 0.5163968205451965, 'learning_rate': 1.5433962264150944e-06, 'lm_loss': 0.0, 'pchembl_loss': 0.21853865683078766, 'ranking_loss': 0.0, 'total_loss': 0.21575705707073212, 'epoch': 42.320754716981135}
{'loss': 0.2293, 'grad_norm': 1.2370257377624512, 'learning_rate': 1.539622641509434e-06, 'lm_loss': 0.0, 'pchembl_loss': 0.18037253618240356, 'ranking_loss': 0.0, 'total_loss': 0.17807644605636597, 'epoch': 42.339622641509436}
{'loss': 0.2284, 'grad_norm': 0.7375484108924866, 'learning_rate': 1.5358490566037736e-06, 'lm_loss': 0.0, 'pchembl_loss': 0.19549697637557983, 'ranking_loss': 0.0, 'total_loss': 0.19300805032253265, 'epoch': 42.35849056603774}
{'loss': 0.225, 'grad_norm': 0.4964589476585388, 'learning_rate': 1.5320754716981135e-06, 'lm_loss': 0.0, 'pchembl_loss': 0.25850313901901245, 'ranking_loss': 0.0, 'total_loss': 0.2552116811275482, 'epoch': 42.37735849056604}
{'loss': 0.2206, 'grad_norm': 0.7550355195999146, 'learning_rate': 1.5283018867924528e-06, 'lm_loss': 0.0, 'pchembl_loss': 0.19071783125400543, 'ranking_loss': 0.0, 'total_loss': 0.18828916549682617, 'epoch': 42.39622641509434}
{'loss': 0.2223, 'grad_norm': 0.6107362508773804, 'learning_rate': 1.5245283018867927e-06, 'lm_loss': 0.0, 'pchembl_loss': 0.1575382649898529, 'ranking_loss': 0.0, 'total_loss': 0.1555318683385849, 'epoch': 42.41509433962264}
{'loss': 0.2234, 'grad_norm': 0.553025484085083, 'learning_rate': 1.520754716981132e-06, 'lm_loss': 0.0, 'pchembl_loss': 0.220855250954628, 'ranking_loss': 0.0, 'total_loss': 0.21804212033748627, 'epoch': 42.43396226415094}
{'loss': 0.221, 'grad_norm': 0.442928671836853, 'learning_rate': 1.516981132075472e-06, 'lm_loss': 0.0, 'pchembl_loss': 0.22787244617938995, 'ranking_loss': 0.0, 'total_loss': 0.22496958076953888, 'epoch': 42.45283018867924}
{'loss': 0.2238, 'grad_norm': 0.5280282497406006, 'learning_rate': 1.5132075471698116e-06, 'lm_loss': 0.0, 'pchembl_loss': 0.2574300467967987, 'ranking_loss': 0.0, 'total_loss': 0.25415024161338806, 'epoch': 42.471698113207545}
{'loss': 0.2227, 'grad_norm': 0.5405003428459167, 'learning_rate': 1.509433962264151e-06, 'lm_loss': 0.0, 'pchembl_loss': 0.22546210885047913, 'ranking_loss': 0.0, 'total_loss': 0.22258925437927246, 'epoch': 42.490566037735846}
{'loss': 0.2252, 'grad_norm': 0.5235891342163086, 'learning_rate': 1.5056603773584908e-06, 'lm_loss': 0.0, 'pchembl_loss': 0.3047501742839813, 'ranking_loss': 0.0, 'total_loss': 0.30086657404899597, 'epoch': 42.509433962264154}
{'loss': 0.2268, 'grad_norm': 0.6531323790550232, 'learning_rate': 1.5018867924528303e-06, 'lm_loss': 0.0, 'pchembl_loss': 0.22137847542762756, 'ranking_loss': 0.0, 'total_loss': 0.2185569852590561, 'epoch': 42.528301886792455}
{'loss': 0.2225, 'grad_norm': 0.806304395198822, 'learning_rate': 1.49811320754717e-06, 'lm_loss': 0.0, 'pchembl_loss': 0.211818665266037, 'ranking_loss': 0.0, 'total_loss': 0.20911870896816254, 'epoch': 42.54716981132076}
{'loss': 0.2206, 'grad_norm': 0.5316848158836365, 'learning_rate': 1.4943396226415097e-06, 'lm_loss': 0.0, 'pchembl_loss': 0.14942246675491333, 'ranking_loss': 0.0, 'total_loss': 0.1475176215171814, 'epoch': 42.56603773584906}
{'loss': 0.2282, 'grad_norm': 0.5222574472427368, 'learning_rate': 1.4905660377358492e-06, 'lm_loss': 0.0, 'pchembl_loss': 0.222481831908226, 'ranking_loss': 0.0, 'total_loss': 0.21964529156684875, 'epoch': 42.58490566037736}
{'loss': 0.2267, 'grad_norm': 0.5556089282035828, 'learning_rate': 1.4867924528301889e-06, 'lm_loss': 0.0, 'pchembl_loss': 0.20206594467163086, 'ranking_loss': 0.0, 'total_loss': 0.19948939979076385, 'epoch': 42.60377358490566}
{'loss': 0.2235, 'grad_norm': 0.5610432624816895, 'learning_rate': 1.4830188679245284e-06, 'lm_loss': 0.0, 'pchembl_loss': 0.20520327985286713, 'ranking_loss': 0.0, 'total_loss': 0.20258641242980957, 'epoch': 42.62264150943396}
{'loss': 0.2216, 'grad_norm': 0.7498117089271545, 'learning_rate': 1.479245283018868e-06, 'lm_loss': 0.0, 'pchembl_loss': 0.22885817289352417, 'ranking_loss': 0.0, 'total_loss': 0.2259393036365509, 'epoch': 42.64150943396226}
{'loss': 0.2239, 'grad_norm': 0.8902541995048523, 'learning_rate': 1.4754716981132078e-06, 'lm_loss': 0.0, 'pchembl_loss': 0.20165851712226868, 'ranking_loss': 0.0, 'total_loss': 0.1990862637758255, 'epoch': 42.660377358490564}
{'loss': 0.2249, 'grad_norm': 0.5173720717430115, 'learning_rate': 1.4716981132075473e-06, 'lm_loss': 0.0, 'pchembl_loss': 0.3098408877849579, 'ranking_loss': 0.0, 'total_loss': 0.30588823556900024, 'epoch': 42.679245283018865}
{'loss': 0.2194, 'grad_norm': 0.8280330896377563, 'learning_rate': 1.467924528301887e-06, 'lm_loss': 0.0, 'pchembl_loss': 0.2731134295463562, 'ranking_loss': 0.0, 'total_loss': 0.2696289122104645, 'epoch': 42.698113207547166}
{'loss': 0.2217, 'grad_norm': 0.7356508374214172, 'learning_rate': 1.4641509433962265e-06, 'lm_loss': 0.0, 'pchembl_loss': 0.20455466210842133, 'ranking_loss': 0.0, 'total_loss': 0.20194454491138458, 'epoch': 42.716981132075475}
{'loss': 0.2236, 'grad_norm': 0.656710147857666, 'learning_rate': 1.4603773584905662e-06, 'lm_loss': 0.0, 'pchembl_loss': 0.1915249228477478, 'ranking_loss': 0.0, 'total_loss': 0.18908078968524933, 'epoch': 42.735849056603776}
{'loss': 0.2262, 'grad_norm': 0.7756749391555786, 'learning_rate': 1.4566037735849059e-06, 'lm_loss': 0.0, 'pchembl_loss': 0.2526892125606537, 'ranking_loss': 0.0, 'total_loss': 0.24946415424346924, 'epoch': 42.75471698113208}
{'loss': 0.2253, 'grad_norm': 0.6301413774490356, 'learning_rate': 1.4528301886792454e-06, 'lm_loss': 0.0, 'pchembl_loss': 0.2442047894001007, 'ranking_loss': 0.0, 'total_loss': 0.2410876452922821, 'epoch': 42.77358490566038}
{'loss': 0.2222, 'grad_norm': 0.9422306418418884, 'learning_rate': 1.449056603773585e-06, 'lm_loss': 0.0, 'pchembl_loss': 0.21698760986328125, 'ranking_loss': 0.0, 'total_loss': 0.21421755850315094, 'epoch': 42.79245283018868}
{'loss': 0.2224, 'grad_norm': 0.4676351547241211, 'learning_rate': 1.4452830188679246e-06, 'lm_loss': 0.0, 'pchembl_loss': 0.1396598368883133, 'ranking_loss': 0.0, 'total_loss': 0.1378767341375351, 'epoch': 42.81132075471698}
{'loss': 0.226, 'grad_norm': 0.44989708065986633, 'learning_rate': 1.4415094339622643e-06, 'lm_loss': 0.0, 'pchembl_loss': 0.1956455558538437, 'ranking_loss': 0.0, 'total_loss': 0.19314737617969513, 'epoch': 42.83018867924528}
{'loss': 0.2237, 'grad_norm': 0.49727538228034973, 'learning_rate': 1.437735849056604e-06, 'lm_loss': 0.0, 'pchembl_loss': 0.1715134084224701, 'ranking_loss': 0.0, 'total_loss': 0.1693231165409088, 'epoch': 42.84905660377358}
{'loss': 0.2262, 'grad_norm': 0.7612907290458679, 'learning_rate': 1.4339622641509435e-06, 'lm_loss': 0.0, 'pchembl_loss': 0.2315063178539276, 'ranking_loss': 0.0, 'total_loss': 0.2285495400428772, 'epoch': 42.867924528301884}
{'loss': 0.2215, 'grad_norm': 0.8956372141838074, 'learning_rate': 1.4301886792452832e-06, 'lm_loss': 0.0, 'pchembl_loss': 0.240600124001503, 'ranking_loss': 0.0, 'total_loss': 0.23752684891223907, 'epoch': 42.886792452830186}
{'loss': 0.2276, 'grad_norm': 0.6086260676383972, 'learning_rate': 1.4264150943396227e-06, 'lm_loss': 0.0, 'pchembl_loss': 0.25653377175331116, 'ranking_loss': 0.0, 'total_loss': 0.25325658917427063, 'epoch': 42.905660377358494}
{'loss': 0.2245, 'grad_norm': 0.47303447127342224, 'learning_rate': 1.4226415094339624e-06, 'lm_loss': 0.0, 'pchembl_loss': 0.14747542142868042, 'ranking_loss': 0.0, 'total_loss': 0.14559124410152435, 'epoch': 42.924528301886795}
{'loss': 0.2238, 'grad_norm': 0.6295922994613647, 'learning_rate': 1.418867924528302e-06, 'lm_loss': 0.0, 'pchembl_loss': 0.2762007415294647, 'ranking_loss': 0.0, 'total_loss': 0.27267152070999146, 'epoch': 42.943396226415096}
{'loss': 0.2222, 'grad_norm': 0.748849093914032, 'learning_rate': 1.4150943396226415e-06, 'lm_loss': 0.0, 'pchembl_loss': 0.24084585905075073, 'ranking_loss': 0.0, 'total_loss': 0.23776806890964508, 'epoch': 42.9622641509434}
{'loss': 0.2227, 'grad_norm': 0.7857838273048401, 'learning_rate': 1.4113207547169813e-06, 'lm_loss': 0.0, 'pchembl_loss': 0.22769591212272644, 'ranking_loss': 0.0, 'total_loss': 0.22478583455085754, 'epoch': 42.9811320754717}
{'loss': 0.2205, 'grad_norm': 0.5865530371665955, 'learning_rate': 1.4075471698113207e-06, 'lm_loss': 0.0, 'pchembl_loss': 0.28806570172309875, 'ranking_loss': 0.0, 'total_loss': 0.2843836545944214, 'epoch': 43.0}
{'eval_loss': 0.21703320741653442, 'eval_pchembl_norm_mse': 0.38906675577163696, 'eval_pchembl_norm_mae': 0.44956162571907043, 'eval_pchembl_norm_rmse': 0.6237521767616272, 'eval_pchembl_r2': 0.6038368940353394, 'eval_pchembl_count': 20000, 'eval_pchembl_norm_mean_pred': -0.01420885045081377, 'eval_pchembl_norm_std_pred': 0.8215641975402832, 'eval_pchembl_norm_mean_true': -0.02121046371757984, 'eval_pchembl_norm_std_true': 0.9910030961036682, 'eval_pchembl_raw_mse': 0.722011387348175, 'eval_pchembl_raw_mae': 0.612419843673706, 'eval_pchembl_raw_rmse': 0.8497125506401062, 'eval_pchembl_raw_pearson': 0.778727440010884, 'eval_pchembl_raw_spearman': 0.775851151995454, 'eval_runtime': 8.9352, 'eval_samples_per_second': 1178.6, 'eval_steps_per_second': 0.112, 'epoch': 43.0}
{'eval_lm_loss': 0.0, 'eval_pchembl_loss': 0.21929662838578223, 'eval_ranking_loss': 0.0, 'eval_total_loss': 0.2164932706207037, 'epoch': 43.0}
{'eval_evaluation_time_sec': 8.978647115873173, 'epoch': 43.0}
{'loss': 0.2248, 'grad_norm': 0.8880636096000671, 'learning_rate': 1.4037735849056604e-06, 'lm_loss': 0.0, 'pchembl_loss': 0.20611721277236938, 'ranking_loss': 0.0, 'total_loss': 0.20348232984542847, 'epoch': 43.0188679245283}
{'loss': 0.2244, 'grad_norm': 0.526738166809082, 'learning_rate': 1.4000000000000001e-06, 'lm_loss': 0.0, 'pchembl_loss': 0.24016360938549042, 'ranking_loss': 0.0, 'total_loss': 0.23709315061569214, 'epoch': 43.0377358490566}
{'loss': 0.2205, 'grad_norm': 0.6534332633018494, 'learning_rate': 1.3962264150943396e-06, 'lm_loss': 0.0, 'pchembl_loss': 0.16192036867141724, 'ranking_loss': 0.0, 'total_loss': 0.15985001623630524, 'epoch': 43.056603773584904}
{'loss': 0.2228, 'grad_norm': 0.5164814591407776, 'learning_rate': 1.3924528301886793e-06, 'lm_loss': 0.0, 'pchembl_loss': 0.21584627032279968, 'ranking_loss': 0.0, 'total_loss': 0.2130860984325409, 'epoch': 43.075471698113205}
{'loss': 0.2218, 'grad_norm': 0.6558420062065125, 'learning_rate': 1.3886792452830188e-06, 'lm_loss': 0.0, 'pchembl_loss': 0.19368302822113037, 'ranking_loss': 0.0, 'total_loss': 0.19120599329471588, 'epoch': 43.094339622641506}
{'loss': 0.2221, 'grad_norm': 0.5065881609916687, 'learning_rate': 1.3849056603773585e-06, 'lm_loss': 0.0, 'pchembl_loss': 0.203545942902565, 'ranking_loss': 0.0, 'total_loss': 0.20094247162342072, 'epoch': 43.113207547169814}
{'loss': 0.2183, 'grad_norm': 0.4707793891429901, 'learning_rate': 1.3811320754716985e-06, 'lm_loss': 0.0, 'pchembl_loss': 0.16724449396133423, 'ranking_loss': 0.0, 'total_loss': 0.16510510444641113, 'epoch': 43.132075471698116}
{'loss': 0.2202, 'grad_norm': 0.45265069603919983, 'learning_rate': 1.3773584905660377e-06, 'lm_loss': 0.0, 'pchembl_loss': 0.20892827212810516, 'ranking_loss': 0.0, 'total_loss': 0.20625536143779755, 'epoch': 43.15094339622642}
{'loss': 0.2214, 'grad_norm': 0.850084662437439, 'learning_rate': 1.3735849056603776e-06, 'lm_loss': 0.0, 'pchembl_loss': 0.2295680195093155, 'ranking_loss': 0.0, 'total_loss': 0.22663074731826782, 'epoch': 43.16981132075472}
{'loss': 0.2245, 'grad_norm': 0.4869551658630371, 'learning_rate': 1.369811320754717e-06, 'lm_loss': 0.0, 'pchembl_loss': 0.24088038504123688, 'ranking_loss': 0.0, 'total_loss': 0.2377980351448059, 'epoch': 43.18867924528302}
{'loss': 0.2265, 'grad_norm': 0.6135035753250122, 'learning_rate': 1.3660377358490568e-06, 'lm_loss': 0.0, 'pchembl_loss': 0.19826467335224152, 'ranking_loss': 0.0, 'total_loss': 0.1957273781299591, 'epoch': 43.20754716981132}
{'loss': 0.2239, 'grad_norm': 0.6630544662475586, 'learning_rate': 1.3622641509433961e-06, 'lm_loss': 0.0, 'pchembl_loss': 0.21779829263687134, 'ranking_loss': 0.0, 'total_loss': 0.21501071751117706, 'epoch': 43.22641509433962}
{'loss': 0.2244, 'grad_norm': 0.6519954204559326, 'learning_rate': 1.358490566037736e-06, 'lm_loss': 0.0, 'pchembl_loss': 0.21233177185058594, 'ranking_loss': 0.0, 'total_loss': 0.2096138596534729, 'epoch': 43.24528301886792}
{'loss': 0.2261, 'grad_norm': 0.5100623965263367, 'learning_rate': 1.3547169811320757e-06, 'lm_loss': 0.0, 'pchembl_loss': 0.2327490597963333, 'ranking_loss': 0.0, 'total_loss': 0.2297694832086563, 'epoch': 43.264150943396224}
{'loss': 0.2267, 'grad_norm': 0.5110223889350891, 'learning_rate': 1.3509433962264152e-06, 'lm_loss': 0.0, 'pchembl_loss': 0.2205859273672104, 'ranking_loss': 0.0, 'total_loss': 0.21776175498962402, 'epoch': 43.283018867924525}
{'loss': 0.2199, 'grad_norm': 0.43522414565086365, 'learning_rate': 1.347169811320755e-06, 'lm_loss': 0.0, 'pchembl_loss': 0.1712862104177475, 'ranking_loss': 0.0, 'total_loss': 0.16909299790859222, 'epoch': 43.301886792452834}
{'loss': 0.2195, 'grad_norm': 0.5395342111587524, 'learning_rate': 1.3433962264150944e-06, 'lm_loss': 0.0, 'pchembl_loss': 0.2093871384859085, 'ranking_loss': 0.0, 'total_loss': 0.20670577883720398, 'epoch': 43.320754716981135}
{'loss': 0.2261, 'grad_norm': 0.6658506393432617, 'learning_rate': 1.3396226415094341e-06, 'lm_loss': 0.0, 'pchembl_loss': 0.27323484420776367, 'ranking_loss': 0.0, 'total_loss': 0.2697354853153229, 'epoch': 43.339622641509436}
{'loss': 0.226, 'grad_norm': 0.5997266173362732, 'learning_rate': 1.3358490566037738e-06, 'lm_loss': 0.0, 'pchembl_loss': 0.17374873161315918, 'ranking_loss': 0.0, 'total_loss': 0.17152327299118042, 'epoch': 43.35849056603774}
{'loss': 0.226, 'grad_norm': 0.6940845251083374, 'learning_rate': 1.3320754716981133e-06, 'lm_loss': 0.0, 'pchembl_loss': 0.2658289968967438, 'ranking_loss': 0.0, 'total_loss': 0.2624237537384033, 'epoch': 43.37735849056604}
{'loss': 0.2272, 'grad_norm': 0.45343905687332153, 'learning_rate': 1.328301886792453e-06, 'lm_loss': 0.0, 'pchembl_loss': 0.25697821378707886, 'ranking_loss': 0.0, 'total_loss': 0.25368601083755493, 'epoch': 43.39622641509434}
{'loss': 0.2236, 'grad_norm': 0.535094678401947, 'learning_rate': 1.3245283018867925e-06, 'lm_loss': 0.0, 'pchembl_loss': 0.1966165453195572, 'ranking_loss': 0.0, 'total_loss': 0.1940973699092865, 'epoch': 43.41509433962264}
{'loss': 0.2218, 'grad_norm': 0.4649992883205414, 'learning_rate': 1.3207547169811322e-06, 'lm_loss': 0.0, 'pchembl_loss': 0.30688872933387756, 'ranking_loss': 0.0, 'total_loss': 0.3029562532901764, 'epoch': 43.43396226415094}
{'loss': 0.2253, 'grad_norm': 0.6628381013870239, 'learning_rate': 1.316981132075472e-06, 'lm_loss': 0.0, 'pchembl_loss': 0.24229200184345245, 'ranking_loss': 0.0, 'total_loss': 0.23918694257736206, 'epoch': 43.45283018867924}
{'loss': 0.2256, 'grad_norm': 0.9615614414215088, 'learning_rate': 1.3132075471698114e-06, 'lm_loss': 0.0, 'pchembl_loss': 0.16580714285373688, 'ranking_loss': 0.0, 'total_loss': 0.16368204355239868, 'epoch': 43.471698113207545}
{'loss': 0.2271, 'grad_norm': 0.4652416408061981, 'learning_rate': 1.3094339622641511e-06, 'lm_loss': 0.0, 'pchembl_loss': 0.2072283923625946, 'ranking_loss': 0.0, 'total_loss': 0.20457211136817932, 'epoch': 43.490566037735846}
{'loss': 0.2234, 'grad_norm': 0.7895105481147766, 'learning_rate': 1.3056603773584906e-06, 'lm_loss': 0.0, 'pchembl_loss': 0.19930453598499298, 'ranking_loss': 0.0, 'total_loss': 0.19674956798553467, 'epoch': 43.509433962264154}
{'loss': 0.2243, 'grad_norm': 0.9826375842094421, 'learning_rate': 1.3018867924528303e-06, 'lm_loss': 0.0, 'pchembl_loss': 0.1954481154680252, 'ranking_loss': 0.0, 'total_loss': 0.19294233620166779, 'epoch': 43.528301886792455}
{'loss': 0.2259, 'grad_norm': 0.8400004506111145, 'learning_rate': 1.29811320754717e-06, 'lm_loss': 0.0, 'pchembl_loss': 0.189926415681839, 'ranking_loss': 0.0, 'total_loss': 0.18749117851257324, 'epoch': 43.54716981132076}
{'loss': 0.2189, 'grad_norm': 0.4426909387111664, 'learning_rate': 1.2943396226415095e-06, 'lm_loss': 0.0, 'pchembl_loss': 0.1433388739824295, 'ranking_loss': 0.0, 'total_loss': 0.141500785946846, 'epoch': 43.56603773584906}
{'loss': 0.2241, 'grad_norm': 0.649294912815094, 'learning_rate': 1.2905660377358492e-06, 'lm_loss': 0.0, 'pchembl_loss': 0.1830691695213318, 'ranking_loss': 0.0, 'total_loss': 0.18072137236595154, 'epoch': 43.58490566037736}
{'loss': 0.2294, 'grad_norm': 1.0526267290115356, 'learning_rate': 1.2867924528301887e-06, 'lm_loss': 0.0, 'pchembl_loss': 0.24324393272399902, 'ranking_loss': 0.0, 'total_loss': 0.24012409150600433, 'epoch': 43.60377358490566}
{'loss': 0.2273, 'grad_norm': 1.006751537322998, 'learning_rate': 1.2830188679245284e-06, 'lm_loss': 0.0, 'pchembl_loss': 0.22502654790878296, 'ranking_loss': 0.0, 'total_loss': 0.22214007377624512, 'epoch': 43.62264150943396}
{'loss': 0.2246, 'grad_norm': 0.47924649715423584, 'learning_rate': 1.279245283018868e-06, 'lm_loss': 0.0, 'pchembl_loss': 0.34082549810409546, 'ranking_loss': 0.0, 'total_loss': 0.3364531993865967, 'epoch': 43.64150943396226}
{'loss': 0.2213, 'grad_norm': 0.6041362881660461, 'learning_rate': 1.2754716981132076e-06, 'lm_loss': 0.0, 'pchembl_loss': 0.19935594499111176, 'ranking_loss': 0.0, 'total_loss': 0.19679823517799377, 'epoch': 43.660377358490564}
{'loss': 0.2235, 'grad_norm': 0.8641698956489563, 'learning_rate': 1.2716981132075473e-06, 'lm_loss': 0.0, 'pchembl_loss': 0.30622726678848267, 'ranking_loss': 0.0, 'total_loss': 0.30229800939559937, 'epoch': 43.679245283018865}
{'loss': 0.2237, 'grad_norm': 1.1761999130249023, 'learning_rate': 1.2679245283018868e-06, 'lm_loss': 0.0, 'pchembl_loss': 0.2380426675081253, 'ranking_loss': 0.0, 'total_loss': 0.23498797416687012, 'epoch': 43.698113207547166}
{'loss': 0.2269, 'grad_norm': 0.6481195092201233, 'learning_rate': 1.2641509433962265e-06, 'lm_loss': 0.0, 'pchembl_loss': 0.26018425822257996, 'ranking_loss': 0.0, 'total_loss': 0.2568451166152954, 'epoch': 43.716981132075475}
{'loss': 0.2214, 'grad_norm': 0.8165994882583618, 'learning_rate': 1.2603773584905662e-06, 'lm_loss': 0.0, 'pchembl_loss': 0.2466457337141037, 'ranking_loss': 0.0, 'total_loss': 0.24348002672195435, 'epoch': 43.735849056603776}
{'loss': 0.2214, 'grad_norm': 0.5003793239593506, 'learning_rate': 1.2566037735849057e-06, 'lm_loss': 0.0, 'pchembl_loss': 0.23277407884597778, 'ranking_loss': 0.0, 'total_loss': 0.22978612780570984, 'epoch': 43.75471698113208}
{'loss': 0.2237, 'grad_norm': 0.5990211367607117, 'learning_rate': 1.2528301886792454e-06, 'lm_loss': 0.0, 'pchembl_loss': 0.2499030977487564, 'ranking_loss': 0.0, 'total_loss': 0.24669495224952698, 'epoch': 43.77358490566038}
{'loss': 0.2211, 'grad_norm': 0.755091667175293, 'learning_rate': 1.249056603773585e-06, 'lm_loss': 0.0, 'pchembl_loss': 0.2034222036600113, 'ranking_loss': 0.0, 'total_loss': 0.200810506939888, 'epoch': 43.79245283018868}
{'loss': 0.2224, 'grad_norm': 0.5538466572761536, 'learning_rate': 1.2452830188679246e-06, 'lm_loss': 0.0, 'pchembl_loss': 0.19482527673244476, 'ranking_loss': 0.0, 'total_loss': 0.1923237144947052, 'epoch': 43.81132075471698}
{'loss': 0.2246, 'grad_norm': 0.4338170289993286, 'learning_rate': 1.2415094339622643e-06, 'lm_loss': 0.0, 'pchembl_loss': 0.21523070335388184, 'ranking_loss': 0.0, 'total_loss': 0.21246686577796936, 'epoch': 43.83018867924528}
{'loss': 0.2205, 'grad_norm': 0.839798629283905, 'learning_rate': 1.2377358490566038e-06, 'lm_loss': 0.0, 'pchembl_loss': 0.21903659403324127, 'ranking_loss': 0.0, 'total_loss': 0.2162236124277115, 'epoch': 43.84905660377358}
{'loss': 0.2243, 'grad_norm': 0.6860595941543579, 'learning_rate': 1.2339622641509435e-06, 'lm_loss': 0.0, 'pchembl_loss': 0.1967708021402359, 'ranking_loss': 0.0, 'total_loss': 0.19424352049827576, 'epoch': 43.867924528301884}
{'loss': 0.2232, 'grad_norm': 0.5263046026229858, 'learning_rate': 1.2301886792452832e-06, 'lm_loss': 0.0, 'pchembl_loss': 0.23921777307987213, 'ranking_loss': 0.0, 'total_loss': 0.2361450046300888, 'epoch': 43.886792452830186}
{'loss': 0.225, 'grad_norm': 0.4409237205982208, 'learning_rate': 1.2264150943396227e-06, 'lm_loss': 0.0, 'pchembl_loss': 0.22515437006950378, 'ranking_loss': 0.0, 'total_loss': 0.2222619652748108, 'epoch': 43.905660377358494}
{'loss': 0.2236, 'grad_norm': 0.45312434434890747, 'learning_rate': 1.2226415094339624e-06, 'lm_loss': 0.0, 'pchembl_loss': 0.2220972329378128, 'ranking_loss': 0.0, 'total_loss': 0.2192438244819641, 'epoch': 43.924528301886795}
{'loss': 0.2259, 'grad_norm': 0.49304303526878357, 'learning_rate': 1.2188679245283019e-06, 'lm_loss': 0.0, 'pchembl_loss': 0.2664540112018585, 'ranking_loss': 0.0, 'total_loss': 0.26303040981292725, 'epoch': 43.943396226415096}
{'loss': 0.2223, 'grad_norm': 0.5387976169586182, 'learning_rate': 1.2150943396226418e-06, 'lm_loss': 0.0, 'pchembl_loss': 0.2861848771572113, 'ranking_loss': 0.0, 'total_loss': 0.28250738978385925, 'epoch': 43.9622641509434}
{'loss': 0.2222, 'grad_norm': 0.5701748132705688, 'learning_rate': 1.2113207547169813e-06, 'lm_loss': 0.0, 'pchembl_loss': 0.1887945681810379, 'ranking_loss': 0.0, 'total_loss': 0.18636831641197205, 'epoch': 43.9811320754717}
{'loss': 0.2227, 'grad_norm': 0.7369628548622131, 'learning_rate': 1.207547169811321e-06, 'lm_loss': 0.0, 'pchembl_loss': 0.23265068233013153, 'ranking_loss': 0.0, 'total_loss': 0.2296605259180069, 'epoch': 44.0}
{'eval_loss': 0.21639984846115112, 'eval_pchembl_norm_mse': 0.38778144121170044, 'eval_pchembl_norm_mae': 0.4491949677467346, 'eval_pchembl_norm_rmse': 0.6227210164070129, 'eval_pchembl_r2': 0.6051455736160278, 'eval_pchembl_count': 20000, 'eval_pchembl_norm_mean_pred': -0.021942446008324623, 'eval_pchembl_norm_std_pred': 0.8102205395698547, 'eval_pchembl_norm_mean_true': -0.02121046371757984, 'eval_pchembl_norm_std_true': 0.9910030961036682, 'eval_pchembl_raw_mse': 0.7196261882781982, 'eval_pchembl_raw_mae': 0.6119202375411987, 'eval_pchembl_raw_rmse': 0.8483078479766846, 'eval_pchembl_raw_pearson': 0.7788735705672393, 'eval_pchembl_raw_spearman': 0.7760096734639315, 'eval_runtime': 8.899, 'eval_samples_per_second': 1183.39, 'eval_steps_per_second': 0.112, 'epoch': 44.0}
{'eval_lm_loss': 0.0, 'eval_pchembl_loss': 0.21868832558393478, 'eval_ranking_loss': 0.0, 'eval_total_loss': 0.21587734900414943, 'epoch': 44.0}
{'eval_evaluation_time_sec': 8.9679122089874, 'epoch': 44.0}
{'loss': 0.2217, 'grad_norm': 0.5283570885658264, 'learning_rate': 1.2037735849056605e-06, 'lm_loss': 0.0, 'pchembl_loss': 0.23248334228992462, 'ranking_loss': 0.0, 'total_loss': 0.22949504852294922, 'epoch': 44.0188679245283}
{'loss': 0.2221, 'grad_norm': 0.5452337861061096, 'learning_rate': 1.2000000000000002e-06, 'lm_loss': 0.0, 'pchembl_loss': 0.2272743135690689, 'ranking_loss': 0.0, 'total_loss': 0.22435270249843597, 'epoch': 44.0377358490566}
{'loss': 0.2214, 'grad_norm': 0.649537980556488, 'learning_rate': 1.1962264150943399e-06, 'lm_loss': 0.0, 'pchembl_loss': 0.1757737100124359, 'ranking_loss': 0.0, 'total_loss': 0.17351393401622772, 'epoch': 44.056603773584904}
{'loss': 0.2225, 'grad_norm': 0.9847433567047119, 'learning_rate': 1.1924528301886794e-06, 'lm_loss': 0.0, 'pchembl_loss': 0.23786313831806183, 'ranking_loss': 0.0, 'total_loss': 0.23480483889579773, 'epoch': 44.075471698113205}
{'loss': 0.2252, 'grad_norm': 1.0723741054534912, 'learning_rate': 1.188679245283019e-06, 'lm_loss': 0.0, 'pchembl_loss': 0.2625725567340851, 'ranking_loss': 0.0, 'total_loss': 0.2591962516307831, 'epoch': 44.094339622641506}
{'loss': 0.2298, 'grad_norm': 0.4924159646034241, 'learning_rate': 1.1849056603773585e-06, 'lm_loss': 0.0, 'pchembl_loss': 0.24880822002887726, 'ranking_loss': 0.0, 'total_loss': 0.2456086128950119, 'epoch': 44.113207547169814}
{'loss': 0.2216, 'grad_norm': 1.2548305988311768, 'learning_rate': 1.1811320754716982e-06, 'lm_loss': 0.0, 'pchembl_loss': 0.253730833530426, 'ranking_loss': 0.0, 'total_loss': 0.25046759843826294, 'epoch': 44.132075471698116}
{'loss': 0.2252, 'grad_norm': 0.7874749302864075, 'learning_rate': 1.1773584905660377e-06, 'lm_loss': 0.0, 'pchembl_loss': 0.21130000054836273, 'ranking_loss': 0.0, 'total_loss': 0.20858222246170044, 'epoch': 44.15094339622642}
{'loss': 0.2246, 'grad_norm': 0.6051717400550842, 'learning_rate': 1.1735849056603774e-06, 'lm_loss': 0.0, 'pchembl_loss': 0.2840839624404907, 'ranking_loss': 0.0, 'total_loss': 0.2804296910762787, 'epoch': 44.16981132075472}
{'loss': 0.2243, 'grad_norm': 0.5379937887191772, 'learning_rate': 1.1698113207547171e-06, 'lm_loss': 0.0, 'pchembl_loss': 0.22105853259563446, 'ranking_loss': 0.0, 'total_loss': 0.2182147204875946, 'epoch': 44.18867924528302}
{'loss': 0.2208, 'grad_norm': 0.5124109983444214, 'learning_rate': 1.1660377358490566e-06, 'lm_loss': 0.0, 'pchembl_loss': 0.14117665588855743, 'ranking_loss': 0.0, 'total_loss': 0.13936032354831696, 'epoch': 44.20754716981132}
{'loss': 0.2189, 'grad_norm': 0.4430064260959625, 'learning_rate': 1.1622641509433963e-06, 'lm_loss': 0.0, 'pchembl_loss': 0.1721324473619461, 'ranking_loss': 0.0, 'total_loss': 0.16991762816905975, 'epoch': 44.22641509433962}
{'loss': 0.2265, 'grad_norm': 0.5234620571136475, 'learning_rate': 1.1584905660377358e-06, 'lm_loss': 0.0, 'pchembl_loss': 0.28439655900001526, 'ranking_loss': 0.0, 'total_loss': 0.28073692321777344, 'epoch': 44.24528301886792}
{'loss': 0.2235, 'grad_norm': 0.6844708323478699, 'learning_rate': 1.1547169811320755e-06, 'lm_loss': 0.0, 'pchembl_loss': 0.19770976901054382, 'ranking_loss': 0.0, 'total_loss': 0.19516538083553314, 'epoch': 44.264150943396224}
{'loss': 0.2214, 'grad_norm': 0.4765661060810089, 'learning_rate': 1.1509433962264152e-06, 'lm_loss': 0.0, 'pchembl_loss': 0.2464904934167862, 'ranking_loss': 0.0, 'total_loss': 0.24331805109977722, 'epoch': 44.283018867924525}
{'loss': 0.2203, 'grad_norm': 0.553753674030304, 'learning_rate': 1.1471698113207547e-06, 'lm_loss': 0.0, 'pchembl_loss': 0.24406255781650543, 'ranking_loss': 0.0, 'total_loss': 0.24092109501361847, 'epoch': 44.301886792452834}
{'loss': 0.2262, 'grad_norm': 0.6741029024124146, 'learning_rate': 1.1433962264150944e-06, 'lm_loss': 0.0, 'pchembl_loss': 0.21312403678894043, 'ranking_loss': 0.0, 'total_loss': 0.21038055419921875, 'epoch': 44.320754716981135}
{'loss': 0.2245, 'grad_norm': 0.4887087643146515, 'learning_rate': 1.139622641509434e-06, 'lm_loss': 0.0, 'pchembl_loss': 0.21128828823566437, 'ranking_loss': 0.0, 'total_loss': 0.20856820046901703, 'epoch': 44.339622641509436}
{'loss': 0.2231, 'grad_norm': 0.5648960471153259, 'learning_rate': 1.1358490566037738e-06, 'lm_loss': 0.0, 'pchembl_loss': 0.22617974877357483, 'ranking_loss': 0.0, 'total_loss': 0.22326768934726715, 'epoch': 44.35849056603774}
{'loss': 0.2217, 'grad_norm': 0.5309504866600037, 'learning_rate': 1.1320754716981133e-06, 'lm_loss': 0.0, 'pchembl_loss': 0.23724769055843353, 'ranking_loss': 0.0, 'total_loss': 0.2341928631067276, 'epoch': 44.37735849056604}
{'loss': 0.2183, 'grad_norm': 0.581019401550293, 'learning_rate': 1.128301886792453e-06, 'lm_loss': 0.0, 'pchembl_loss': 0.2036413550376892, 'ranking_loss': 0.0, 'total_loss': 0.2010190188884735, 'epoch': 44.39622641509434}
{'loss': 0.2251, 'grad_norm': 0.8942158222198486, 'learning_rate': 1.1245283018867925e-06, 'lm_loss': 0.0, 'pchembl_loss': 0.21337512135505676, 'ranking_loss': 0.0, 'total_loss': 0.21062719821929932, 'epoch': 44.41509433962264}
{'loss': 0.2253, 'grad_norm': 0.47126826643943787, 'learning_rate': 1.120754716981132e-06, 'lm_loss': 0.0, 'pchembl_loss': 0.2098974883556366, 'ranking_loss': 0.0, 'total_loss': 0.20719411969184875, 'epoch': 44.43396226415094}
{'loss': 0.2253, 'grad_norm': 0.4750540852546692, 'learning_rate': 1.116981132075472e-06, 'lm_loss': 0.0, 'pchembl_loss': 0.21757875382900238, 'ranking_loss': 0.0, 'total_loss': 0.2147762030363083, 'epoch': 44.45283018867924}
{'loss': 0.2225, 'grad_norm': 0.5066816806793213, 'learning_rate': 1.1132075471698114e-06, 'lm_loss': 0.0, 'pchembl_loss': 0.2053491324186325, 'ranking_loss': 0.0, 'total_loss': 0.20270387828350067, 'epoch': 44.471698113207545}
{'loss': 0.2214, 'grad_norm': 0.9156278967857361, 'learning_rate': 1.1094339622641511e-06, 'lm_loss': 0.0, 'pchembl_loss': 0.17450156807899475, 'ranking_loss': 0.0, 'total_loss': 0.17225348949432373, 'epoch': 44.490566037735846}
{'loss': 0.2263, 'grad_norm': 0.6293182373046875, 'learning_rate': 1.1056603773584906e-06, 'lm_loss': 0.0, 'pchembl_loss': 0.2517300844192505, 'ranking_loss': 0.0, 'total_loss': 0.24848678708076477, 'epoch': 44.509433962264154}
{'loss': 0.2225, 'grad_norm': 0.5950378179550171, 'learning_rate': 1.1018867924528303e-06, 'lm_loss': 0.0, 'pchembl_loss': 0.2521747052669525, 'ranking_loss': 0.0, 'total_loss': 0.24892540276050568, 'epoch': 44.528301886792455}
{'loss': 0.2201, 'grad_norm': 0.6339147090911865, 'learning_rate': 1.09811320754717e-06, 'lm_loss': 0.0, 'pchembl_loss': 0.25436556339263916, 'ranking_loss': 0.0, 'total_loss': 0.2510877251625061, 'epoch': 44.54716981132076}
{'loss': 0.2222, 'grad_norm': 0.4272579848766327, 'learning_rate': 1.0943396226415095e-06, 'lm_loss': 0.0, 'pchembl_loss': 0.2265745997428894, 'ranking_loss': 0.0, 'total_loss': 0.223654642701149, 'epoch': 44.56603773584906}
{'loss': 0.2223, 'grad_norm': 0.5445315837860107, 'learning_rate': 1.0905660377358492e-06, 'lm_loss': 0.0, 'pchembl_loss': 0.19098693132400513, 'ranking_loss': 0.0, 'total_loss': 0.18852539360523224, 'epoch': 44.58490566037736}
{'loss': 0.2247, 'grad_norm': 0.7015208005905151, 'learning_rate': 1.0867924528301887e-06, 'lm_loss': 0.0, 'pchembl_loss': 0.2303512841463089, 'ranking_loss': 0.0, 'total_loss': 0.2273821234703064, 'epoch': 44.60377358490566}
{'loss': 0.2264, 'grad_norm': 0.655427873134613, 'learning_rate': 1.0830188679245284e-06, 'lm_loss': 0.0, 'pchembl_loss': 0.3000645637512207, 'ranking_loss': 0.0, 'total_loss': 0.29619649052619934, 'epoch': 44.62264150943396}
{'loss': 0.2199, 'grad_norm': 0.4468689262866974, 'learning_rate': 1.079245283018868e-06, 'lm_loss': 0.0, 'pchembl_loss': 0.24800780415534973, 'ranking_loss': 0.0, 'total_loss': 0.24481052160263062, 'epoch': 44.64150943396226}
{'loss': 0.2226, 'grad_norm': 0.46839743852615356, 'learning_rate': 1.0754716981132076e-06, 'lm_loss': 0.0, 'pchembl_loss': 0.17506557703018188, 'ranking_loss': 0.0, 'total_loss': 0.1728084683418274, 'epoch': 44.660377358490564}
{'loss': 0.2193, 'grad_norm': 0.4800873100757599, 'learning_rate': 1.0716981132075473e-06, 'lm_loss': 0.0, 'pchembl_loss': 0.21295687556266785, 'ranking_loss': 0.0, 'total_loss': 0.21021100878715515, 'epoch': 44.679245283018865}
{'loss': 0.2226, 'grad_norm': 0.489570289850235, 'learning_rate': 1.0679245283018868e-06, 'lm_loss': 0.0, 'pchembl_loss': 0.21690627932548523, 'ranking_loss': 0.0, 'total_loss': 0.21410925686359406, 'epoch': 44.698113207547166}
{'loss': 0.2303, 'grad_norm': 0.8664143681526184, 'learning_rate': 1.0641509433962265e-06, 'lm_loss': 0.0, 'pchembl_loss': 0.20453906059265137, 'ranking_loss': 0.0, 'total_loss': 0.20190128684043884, 'epoch': 44.716981132075475}
{'loss': 0.2267, 'grad_norm': 0.5399109721183777, 'learning_rate': 1.060377358490566e-06, 'lm_loss': 0.0, 'pchembl_loss': 0.23498767614364624, 'ranking_loss': 0.0, 'total_loss': 0.23195697367191315, 'epoch': 44.735849056603776}
{'loss': 0.2219, 'grad_norm': 0.5115696787834167, 'learning_rate': 1.0566037735849057e-06, 'lm_loss': 0.0, 'pchembl_loss': 0.25941699743270874, 'ranking_loss': 0.0, 'total_loss': 0.25607094168663025, 'epoch': 44.75471698113208}
{'loss': 0.2192, 'grad_norm': 0.4581516981124878, 'learning_rate': 1.0528301886792454e-06, 'lm_loss': 0.0, 'pchembl_loss': 0.19165107607841492, 'ranking_loss': 0.0, 'total_loss': 0.18917889893054962, 'epoch': 44.77358490566038}
{'loss': 0.2255, 'grad_norm': 0.5086325407028198, 'learning_rate': 1.0490566037735849e-06, 'lm_loss': 0.0, 'pchembl_loss': 0.20607997477054596, 'ranking_loss': 0.0, 'total_loss': 0.2034214437007904, 'epoch': 44.79245283018868}
{'loss': 0.2277, 'grad_norm': 0.7422677874565125, 'learning_rate': 1.0452830188679246e-06, 'lm_loss': 0.0, 'pchembl_loss': 0.27005237340927124, 'ranking_loss': 0.0, 'total_loss': 0.26656827330589294, 'epoch': 44.81132075471698}
{'loss': 0.2254, 'grad_norm': 0.7011905908584595, 'learning_rate': 1.041509433962264e-06, 'lm_loss': 0.0, 'pchembl_loss': 0.22864915430545807, 'ranking_loss': 0.0, 'total_loss': 0.22569897770881653, 'epoch': 44.83018867924528}
{'loss': 0.2231, 'grad_norm': 0.7247896790504456, 'learning_rate': 1.037735849056604e-06, 'lm_loss': 0.0, 'pchembl_loss': 0.21918262541294098, 'ranking_loss': 0.0, 'total_loss': 0.2163543552160263, 'epoch': 44.84905660377358}
{'loss': 0.2193, 'grad_norm': 0.525871753692627, 'learning_rate': 1.0339622641509435e-06, 'lm_loss': 0.0, 'pchembl_loss': 0.264138787984848, 'ranking_loss': 0.0, 'total_loss': 0.26073014736175537, 'epoch': 44.867924528301884}
{'loss': 0.2252, 'grad_norm': 0.7490813136100769, 'learning_rate': 1.0301886792452832e-06, 'lm_loss': 0.0, 'pchembl_loss': 0.2046760767698288, 'ranking_loss': 0.0, 'total_loss': 0.20203456282615662, 'epoch': 44.886792452830186}
{'loss': 0.2232, 'grad_norm': 1.4129542112350464, 'learning_rate': 1.0264150943396227e-06, 'lm_loss': 0.0, 'pchembl_loss': 0.17100642621517181, 'ranking_loss': 0.0, 'total_loss': 0.1687992662191391, 'epoch': 44.905660377358494}
{'loss': 0.2219, 'grad_norm': 0.7704026103019714, 'learning_rate': 1.0226415094339624e-06, 'lm_loss': 0.0, 'pchembl_loss': 0.19290488958358765, 'ranking_loss': 0.0, 'total_loss': 0.1904148906469345, 'epoch': 44.924528301886795}
{'loss': 0.2272, 'grad_norm': 0.5392064452171326, 'learning_rate': 1.018867924528302e-06, 'lm_loss': 0.0, 'pchembl_loss': 0.23354634642601013, 'ranking_loss': 0.0, 'total_loss': 0.2305315136909485, 'epoch': 44.943396226415096}
{'loss': 0.2252, 'grad_norm': 0.4950049817562103, 'learning_rate': 1.0150943396226416e-06, 'lm_loss': 0.0, 'pchembl_loss': 0.2136067897081375, 'ranking_loss': 0.0, 'total_loss': 0.21084913611412048, 'epoch': 44.9622641509434}
{'loss': 0.228, 'grad_norm': 0.5332204103469849, 'learning_rate': 1.0113207547169813e-06, 'lm_loss': 0.0, 'pchembl_loss': 0.2814422845840454, 'ranking_loss': 0.0, 'total_loss': 0.27780860662460327, 'epoch': 44.9811320754717}
{'loss': 0.22, 'grad_norm': 0.6652424335479736, 'learning_rate': 1.0075471698113208e-06, 'lm_loss': 0.0, 'pchembl_loss': 0.2866280674934387, 'ranking_loss': 0.0, 'total_loss': 0.28292712569236755, 'epoch': 45.0}
{'eval_loss': 0.21666835248470306, 'eval_pchembl_norm_mse': 0.388298362493515, 'eval_pchembl_norm_mae': 0.4494372606277466, 'eval_pchembl_norm_rmse': 0.6231359243392944, 'eval_pchembl_r2': 0.6046192646026611, 'eval_pchembl_count': 20000, 'eval_pchembl_norm_mean_pred': -0.009231816045939922, 'eval_pchembl_norm_std_pred': 0.8218510746955872, 'eval_pchembl_norm_mean_true': -0.02121046371757984, 'eval_pchembl_norm_std_true': 0.9910030961036682, 'eval_pchembl_raw_mse': 0.7205854654312134, 'eval_pchembl_raw_mae': 0.6122503876686096, 'eval_pchembl_raw_rmse': 0.8488730788230896, 'eval_pchembl_raw_pearson': 0.7792747544450771, 'eval_pchembl_raw_spearman': 0.7763231704848235, 'eval_runtime': 8.9157, 'eval_samples_per_second': 1181.173, 'eval_steps_per_second': 0.112, 'epoch': 45.0}
{'eval_lm_loss': 0.0, 'eval_pchembl_loss': 0.21895425230264665, 'eval_ranking_loss': 0.0, 'eval_total_loss': 0.21612689822912215, 'epoch': 45.0}
{'eval_evaluation_time_sec': 8.972958259982988, 'epoch': 45.0}
{'loss': 0.2241, 'grad_norm': 0.4407055377960205, 'learning_rate': 1.0037735849056605e-06, 'lm_loss': 0.0, 'pchembl_loss': 0.2210058867931366, 'ranking_loss': 0.0, 'total_loss': 0.21815204620361328, 'epoch': 45.0188679245283}
{'loss': 0.2235, 'grad_norm': 0.7096890211105347, 'learning_rate': 1.0000000000000002e-06, 'lm_loss': 0.0, 'pchembl_loss': 0.21859534084796906, 'ranking_loss': 0.0, 'total_loss': 0.21577240526676178, 'epoch': 45.0377358490566}
{'loss': 0.2244, 'grad_norm': 0.4990524649620056, 'learning_rate': 9.962264150943397e-07, 'lm_loss': 0.0, 'pchembl_loss': 0.31815242767333984, 'ranking_loss': 0.0, 'total_loss': 0.31404349207878113, 'epoch': 45.056603773584904}
{'loss': 0.2214, 'grad_norm': 0.4435589909553528, 'learning_rate': 9.924528301886794e-07, 'lm_loss': 0.0, 'pchembl_loss': 0.2730315029621124, 'ranking_loss': 0.0, 'total_loss': 0.26950502395629883, 'epoch': 45.075471698113205}
{'loss': 0.2217, 'grad_norm': 0.6632622480392456, 'learning_rate': 9.886792452830189e-07, 'lm_loss': 0.0, 'pchembl_loss': 0.25266382098197937, 'ranking_loss': 0.0, 'total_loss': 0.24940015375614166, 'epoch': 45.094339622641506}
{'loss': 0.2269, 'grad_norm': 0.4866385757923126, 'learning_rate': 9.849056603773586e-07, 'lm_loss': 0.0, 'pchembl_loss': 0.22037141025066376, 'ranking_loss': 0.0, 'total_loss': 0.21752463281154633, 'epoch': 45.113207547169814}
{'loss': 0.223, 'grad_norm': 0.730993926525116, 'learning_rate': 9.811320754716983e-07, 'lm_loss': 0.0, 'pchembl_loss': 0.2502880096435547, 'ranking_loss': 0.0, 'total_loss': 0.24705451726913452, 'epoch': 45.132075471698116}
{'loss': 0.2273, 'grad_norm': 0.6811251044273376, 'learning_rate': 9.773584905660377e-07, 'lm_loss': 0.0, 'pchembl_loss': 0.26766297221183777, 'ranking_loss': 0.0, 'total_loss': 0.264204740524292, 'epoch': 45.15094339622642}
{'loss': 0.2254, 'grad_norm': 0.7253109216690063, 'learning_rate': 9.735849056603775e-07, 'lm_loss': 0.0, 'pchembl_loss': 0.2126753181219101, 'ranking_loss': 0.0, 'total_loss': 0.20992732048034668, 'epoch': 45.16981132075472}
{'loss': 0.2231, 'grad_norm': 0.5340044498443604, 'learning_rate': 9.69811320754717e-07, 'lm_loss': 0.0, 'pchembl_loss': 0.2202662229537964, 'ranking_loss': 0.0, 'total_loss': 0.21741992235183716, 'epoch': 45.18867924528302}
{'loss': 0.2226, 'grad_norm': 0.4297817349433899, 'learning_rate': 9.660377358490566e-07, 'lm_loss': 0.0, 'pchembl_loss': 0.19078291952610016, 'ranking_loss': 0.0, 'total_loss': 0.1883174031972885, 'epoch': 45.20754716981132}
{'loss': 0.2276, 'grad_norm': 0.6698967218399048, 'learning_rate': 9.622641509433963e-07, 'lm_loss': 0.0, 'pchembl_loss': 0.2074650079011917, 'ranking_loss': 0.0, 'total_loss': 0.20478370785713196, 'epoch': 45.22641509433962}
{'loss': 0.2256, 'grad_norm': 0.7903242111206055, 'learning_rate': 9.58490566037736e-07, 'lm_loss': 0.0, 'pchembl_loss': 0.22278785705566406, 'ranking_loss': 0.0, 'total_loss': 0.21990831196308136, 'epoch': 45.24528301886792}
{'loss': 0.2207, 'grad_norm': 0.932462751865387, 'learning_rate': 9.547169811320755e-07, 'lm_loss': 0.0, 'pchembl_loss': 0.25941357016563416, 'ranking_loss': 0.0, 'total_loss': 0.256060391664505, 'epoch': 45.264150943396224}
{'loss': 0.2243, 'grad_norm': 0.48238006234169006, 'learning_rate': 9.509433962264151e-07, 'lm_loss': 0.0, 'pchembl_loss': 0.22252383828163147, 'ranking_loss': 0.0, 'total_loss': 0.21964728832244873, 'epoch': 45.283018867924525}
{'loss': 0.2212, 'grad_norm': 0.5601057410240173, 'learning_rate': 9.471698113207547e-07, 'lm_loss': 0.0, 'pchembl_loss': 0.23512031137943268, 'ranking_loss': 0.0, 'total_loss': 0.23208069801330566, 'epoch': 45.301886792452834}
{'loss': 0.2219, 'grad_norm': 0.4513545036315918, 'learning_rate': 9.433962264150944e-07, 'lm_loss': 0.0, 'pchembl_loss': 0.1982661932706833, 'ranking_loss': 0.0, 'total_loss': 0.19570283591747284, 'epoch': 45.320754716981135}
{'loss': 0.2234, 'grad_norm': 1.092509388923645, 'learning_rate': 9.39622641509434e-07, 'lm_loss': 0.0, 'pchembl_loss': 0.2095843404531479, 'ranking_loss': 0.0, 'total_loss': 0.20687445998191833, 'epoch': 45.339622641509436}
{'loss': 0.2256, 'grad_norm': 0.44856417179107666, 'learning_rate': 9.358490566037736e-07, 'lm_loss': 0.0, 'pchembl_loss': 0.22964313626289368, 'ranking_loss': 0.0, 'total_loss': 0.2266736775636673, 'epoch': 45.35849056603774}
{'loss': 0.2273, 'grad_norm': 0.5231603384017944, 'learning_rate': 9.320754716981132e-07, 'lm_loss': 0.0, 'pchembl_loss': 0.29469412565231323, 'ranking_loss': 0.0, 'total_loss': 0.29088324308395386, 'epoch': 45.37735849056604}
{'loss': 0.2229, 'grad_norm': 0.49803072214126587, 'learning_rate': 9.283018867924528e-07, 'lm_loss': 0.0, 'pchembl_loss': 0.30213260650634766, 'ranking_loss': 0.0, 'total_loss': 0.2982252240180969, 'epoch': 45.39622641509434}
{'loss': 0.2213, 'grad_norm': 0.49195921421051025, 'learning_rate': 9.245283018867924e-07, 'lm_loss': 0.0, 'pchembl_loss': 0.17873790860176086, 'ranking_loss': 0.0, 'total_loss': 0.17642618715763092, 'epoch': 45.41509433962264}
{'loss': 0.2171, 'grad_norm': 0.48565682768821716, 'learning_rate': 9.207547169811322e-07, 'lm_loss': 0.0, 'pchembl_loss': 0.23705744743347168, 'ranking_loss': 0.0, 'total_loss': 0.23399120569229126, 'epoch': 45.43396226415094}
{'loss': 0.2241, 'grad_norm': 0.5749990940093994, 'learning_rate': 9.169811320754718e-07, 'lm_loss': 0.0, 'pchembl_loss': 0.17133891582489014, 'ranking_loss': 0.0, 'total_loss': 0.16912256181240082, 'epoch': 45.45283018867924}
{'loss': 0.2195, 'grad_norm': 0.8289421796798706, 'learning_rate': 9.132075471698114e-07, 'lm_loss': 0.0, 'pchembl_loss': 0.11667156219482422, 'ranking_loss': 0.0, 'total_loss': 0.11516224592924118, 'epoch': 45.471698113207545}
{'loss': 0.2237, 'grad_norm': 0.5294635891914368, 'learning_rate': 9.09433962264151e-07, 'lm_loss': 0.0, 'pchembl_loss': 0.23146937787532806, 'ranking_loss': 0.0, 'total_loss': 0.22847478091716766, 'epoch': 45.490566037735846}
{'loss': 0.2235, 'grad_norm': 0.555150032043457, 'learning_rate': 9.056603773584906e-07, 'lm_loss': 0.0, 'pchembl_loss': 0.18959493935108185, 'ranking_loss': 0.0, 'total_loss': 0.18714191019535065, 'epoch': 45.509433962264154}
{'loss': 0.2232, 'grad_norm': 0.7016284465789795, 'learning_rate': 9.018867924528303e-07, 'lm_loss': 0.0, 'pchembl_loss': 0.21304461359977722, 'ranking_loss': 0.0, 'total_loss': 0.21028800308704376, 'epoch': 45.528301886792455}
{'loss': 0.2233, 'grad_norm': 0.4630686044692993, 'learning_rate': 8.981132075471699e-07, 'lm_loss': 0.0, 'pchembl_loss': 0.21191366016864777, 'ranking_loss': 0.0, 'total_loss': 0.20917148888111115, 'epoch': 45.54716981132076}
{'loss': 0.2227, 'grad_norm': 0.47681334614753723, 'learning_rate': 8.943396226415095e-07, 'lm_loss': 0.0, 'pchembl_loss': 0.22115524113178253, 'ranking_loss': 0.0, 'total_loss': 0.21829327940940857, 'epoch': 45.56603773584906}
{'loss': 0.2233, 'grad_norm': 0.5091161131858826, 'learning_rate': 8.905660377358491e-07, 'lm_loss': 0.0, 'pchembl_loss': 0.2407035529613495, 'ranking_loss': 0.0, 'total_loss': 0.23758840560913086, 'epoch': 45.58490566037736}
{'loss': 0.2258, 'grad_norm': 1.1018344163894653, 'learning_rate': 8.867924528301887e-07, 'lm_loss': 0.0, 'pchembl_loss': 0.2718219459056854, 'ranking_loss': 0.0, 'total_loss': 0.26830384135246277, 'epoch': 45.60377358490566}
{'loss': 0.2205, 'grad_norm': 0.7348201870918274, 'learning_rate': 8.830188679245284e-07, 'lm_loss': 0.0, 'pchembl_loss': 0.21036553382873535, 'ranking_loss': 0.0, 'total_loss': 0.20764264464378357, 'epoch': 45.62264150943396}
{'loss': 0.2198, 'grad_norm': 0.5298576951026917, 'learning_rate': 8.79245283018868e-07, 'lm_loss': 0.0, 'pchembl_loss': 0.1858852207660675, 'ranking_loss': 0.0, 'total_loss': 0.18347902595996857, 'epoch': 45.64150943396226}
{'loss': 0.2221, 'grad_norm': 0.48675721883773804, 'learning_rate': 8.754716981132076e-07, 'lm_loss': 0.0, 'pchembl_loss': 0.2113945186138153, 'ranking_loss': 0.0, 'total_loss': 0.20865793526172638, 'epoch': 45.660377358490564}
{'loss': 0.2203, 'grad_norm': 0.74266517162323, 'learning_rate': 8.716981132075472e-07, 'lm_loss': 0.0, 'pchembl_loss': 0.22044266760349274, 'ranking_loss': 0.0, 'total_loss': 0.21758875250816345, 'epoch': 45.679245283018865}
{'loss': 0.2229, 'grad_norm': 0.4827882647514343, 'learning_rate': 8.679245283018868e-07, 'lm_loss': 0.0, 'pchembl_loss': 0.20409157872200012, 'ranking_loss': 0.0, 'total_loss': 0.2014491707086563, 'epoch': 45.698113207547166}
{'loss': 0.219, 'grad_norm': 0.6340346336364746, 'learning_rate': 8.641509433962265e-07, 'lm_loss': 0.0, 'pchembl_loss': 0.18192097544670105, 'ranking_loss': 0.0, 'total_loss': 0.1795654445886612, 'epoch': 45.716981132075475}
{'loss': 0.2208, 'grad_norm': 0.5893696546554565, 'learning_rate': 8.603773584905661e-07, 'lm_loss': 0.0, 'pchembl_loss': 0.2273390293121338, 'ranking_loss': 0.0, 'total_loss': 0.22439521551132202, 'epoch': 45.735849056603776}
{'loss': 0.2256, 'grad_norm': 1.018908977508545, 'learning_rate': 8.566037735849057e-07, 'lm_loss': 0.0, 'pchembl_loss': 0.1839570701122284, 'ranking_loss': 0.0, 'total_loss': 0.18157485127449036, 'epoch': 45.75471698113208}
{'loss': 0.2201, 'grad_norm': 1.1595622301101685, 'learning_rate': 8.528301886792453e-07, 'lm_loss': 0.0, 'pchembl_loss': 0.16884437203407288, 'ranking_loss': 0.0, 'total_loss': 0.1666577160358429, 'epoch': 45.77358490566038}
{'loss': 0.2258, 'grad_norm': 0.4712621867656708, 'learning_rate': 8.490566037735849e-07, 'lm_loss': 0.0, 'pchembl_loss': 0.1483633816242218, 'ranking_loss': 0.0, 'total_loss': 0.14644184708595276, 'epoch': 45.79245283018868}
{'loss': 0.2211, 'grad_norm': 1.0635191202163696, 'learning_rate': 8.452830188679247e-07, 'lm_loss': 0.0, 'pchembl_loss': 0.1750756949186325, 'ranking_loss': 0.0, 'total_loss': 0.17280805110931396, 'epoch': 45.81132075471698}
{'loss': 0.224, 'grad_norm': 0.9522539377212524, 'learning_rate': 8.415094339622643e-07, 'lm_loss': 0.0, 'pchembl_loss': 0.24438662827014923, 'ranking_loss': 0.0, 'total_loss': 0.24122104048728943, 'epoch': 45.83018867924528}
{'loss': 0.2253, 'grad_norm': 1.1943033933639526, 'learning_rate': 8.377358490566039e-07, 'lm_loss': 0.0, 'pchembl_loss': 0.23035472631454468, 'ranking_loss': 0.0, 'total_loss': 0.22737069427967072, 'epoch': 45.84905660377358}
{'loss': 0.2159, 'grad_norm': 0.440666526556015, 'learning_rate': 8.339622641509435e-07, 'lm_loss': 0.0, 'pchembl_loss': 0.2469853162765503, 'ranking_loss': 0.0, 'total_loss': 0.24378564953804016, 'epoch': 45.867924528301884}
{'loss': 0.2216, 'grad_norm': 0.5182575583457947, 'learning_rate': 8.301886792452831e-07, 'lm_loss': 0.0, 'pchembl_loss': 0.20837534964084625, 'ranking_loss': 0.0, 'total_loss': 0.20567569136619568, 'epoch': 45.886792452830186}
{'loss': 0.2277, 'grad_norm': 0.6482709646224976, 'learning_rate': 8.264150943396228e-07, 'lm_loss': 0.0, 'pchembl_loss': 0.2774762809276581, 'ranking_loss': 0.0, 'total_loss': 0.27388113737106323, 'epoch': 45.905660377358494}
{'loss': 0.2277, 'grad_norm': 0.5956653952598572, 'learning_rate': 8.226415094339624e-07, 'lm_loss': 0.0, 'pchembl_loss': 0.3073248267173767, 'ranking_loss': 0.0, 'total_loss': 0.30334270000457764, 'epoch': 45.924528301886795}
{'loss': 0.2221, 'grad_norm': 0.920856773853302, 'learning_rate': 8.18867924528302e-07, 'lm_loss': 0.0, 'pchembl_loss': 0.27052968740463257, 'ranking_loss': 0.0, 'total_loss': 0.26702409982681274, 'epoch': 45.943396226415096}
{'loss': 0.2232, 'grad_norm': 0.8414648771286011, 'learning_rate': 8.150943396226416e-07, 'lm_loss': 0.0, 'pchembl_loss': 0.20156444609165192, 'ranking_loss': 0.0, 'total_loss': 0.19895236194133759, 'epoch': 45.9622641509434}
{'loss': 0.2261, 'grad_norm': 0.6453896164894104, 'learning_rate': 8.113207547169812e-07, 'lm_loss': 0.0, 'pchembl_loss': 0.1954801082611084, 'ranking_loss': 0.0, 'total_loss': 0.19294670224189758, 'epoch': 45.9811320754717}
{'loss': 0.2253, 'grad_norm': 0.5287923812866211, 'learning_rate': 8.075471698113208e-07, 'lm_loss': 0.0, 'pchembl_loss': 0.19165155291557312, 'ranking_loss': 0.0, 'total_loss': 0.18916760385036469, 'epoch': 46.0}
{'eval_loss': 0.21614158153533936, 'eval_pchembl_norm_mse': 0.38714951276779175, 'eval_pchembl_norm_mae': 0.44886231422424316, 'eval_pchembl_norm_rmse': 0.6222134232521057, 'eval_pchembl_r2': 0.605789065361023, 'eval_pchembl_count': 20000, 'eval_pchembl_norm_mean_pred': -0.017469502985477448, 'eval_pchembl_norm_std_pred': 0.8132123947143555, 'eval_pchembl_norm_mean_true': -0.02121046371757984, 'eval_pchembl_norm_std_true': 0.9910030961036682, 'eval_pchembl_raw_mse': 0.7184534668922424, 'eval_pchembl_raw_mae': 0.6114671230316162, 'eval_pchembl_raw_rmse': 0.8476163148880005, 'eval_pchembl_raw_pearson': 0.7794219336819816, 'eval_pchembl_raw_spearman': 0.7764023881502541, 'eval_runtime': 8.991, 'eval_samples_per_second': 1171.278, 'eval_steps_per_second': 0.111, 'epoch': 46.0}
{'eval_lm_loss': 0.0, 'eval_pchembl_loss': 0.21842788219451903, 'eval_ranking_loss': 0.0, 'eval_total_loss': 0.21559671454131604, 'epoch': 46.0}
{'eval_evaluation_time_sec': 9.064857447054237, 'epoch': 46.0}
{'loss': 0.224, 'grad_norm': 0.5255401134490967, 'learning_rate': 8.037735849056605e-07, 'lm_loss': 0.0, 'pchembl_loss': 0.23781615495681763, 'ranking_loss': 0.0, 'total_loss': 0.2347336858510971, 'epoch': 46.0188679245283}
{'loss': 0.2216, 'grad_norm': 0.4657710790634155, 'learning_rate': 8.000000000000001e-07, 'lm_loss': 0.0, 'pchembl_loss': 0.19133269786834717, 'ranking_loss': 0.0, 'total_loss': 0.18885256350040436, 'epoch': 46.0377358490566}
{'loss': 0.2225, 'grad_norm': 0.6063646078109741, 'learning_rate': 7.962264150943397e-07, 'lm_loss': 0.0, 'pchembl_loss': 0.2224677950143814, 'ranking_loss': 0.0, 'total_loss': 0.2195838987827301, 'epoch': 46.056603773584904}
{'loss': 0.2243, 'grad_norm': 0.4856126010417938, 'learning_rate': 7.924528301886793e-07, 'lm_loss': 0.0, 'pchembl_loss': 0.20437850058078766, 'ranking_loss': 0.0, 'total_loss': 0.2017289400100708, 'epoch': 46.075471698113205}
{'loss': 0.2228, 'grad_norm': 0.5289984345436096, 'learning_rate': 7.886792452830189e-07, 'lm_loss': 0.0, 'pchembl_loss': 0.26263612508773804, 'ranking_loss': 0.0, 'total_loss': 0.2592310905456543, 'epoch': 46.094339622641506}
{'loss': 0.218, 'grad_norm': 0.46528160572052, 'learning_rate': 7.849056603773586e-07, 'lm_loss': 0.0, 'pchembl_loss': 0.2069856971502304, 'ranking_loss': 0.0, 'total_loss': 0.20430201292037964, 'epoch': 46.113207547169814}
{'loss': 0.2264, 'grad_norm': 0.45158135890960693, 'learning_rate': 7.811320754716982e-07, 'lm_loss': 0.0, 'pchembl_loss': 0.15975530445575714, 'ranking_loss': 0.0, 'total_loss': 0.157683864235878, 'epoch': 46.132075471698116}
{'loss': 0.2184, 'grad_norm': 0.8268755078315735, 'learning_rate': 7.773584905660378e-07, 'lm_loss': 0.0, 'pchembl_loss': 0.2301732897758484, 'ranking_loss': 0.0, 'total_loss': 0.2271886020898819, 'epoch': 46.15094339622642}
{'loss': 0.2202, 'grad_norm': 0.47733786702156067, 'learning_rate': 7.735849056603774e-07, 'lm_loss': 0.0, 'pchembl_loss': 0.23563094437122345, 'ranking_loss': 0.0, 'total_loss': 0.23257531225681305, 'epoch': 46.16981132075472}
{'loss': 0.2263, 'grad_norm': 0.4650673568248749, 'learning_rate': 7.69811320754717e-07, 'lm_loss': 0.0, 'pchembl_loss': 0.2098899483680725, 'ranking_loss': 0.0, 'total_loss': 0.20716795325279236, 'epoch': 46.18867924528302}
{'loss': 0.2188, 'grad_norm': 0.5388975143432617, 'learning_rate': 7.660377358490568e-07, 'lm_loss': 0.0, 'pchembl_loss': 0.20838981866836548, 'ranking_loss': 0.0, 'total_loss': 0.20568712055683136, 'epoch': 46.20754716981132}
{'loss': 0.2286, 'grad_norm': 0.5014116168022156, 'learning_rate': 7.622641509433964e-07, 'lm_loss': 0.0, 'pchembl_loss': 0.24183723330497742, 'ranking_loss': 0.0, 'total_loss': 0.23870055377483368, 'epoch': 46.22641509433962}
{'loss': 0.2236, 'grad_norm': 0.42482829093933105, 'learning_rate': 7.58490566037736e-07, 'lm_loss': 0.0, 'pchembl_loss': 0.1772998720407486, 'ranking_loss': 0.0, 'total_loss': 0.1750001162290573, 'epoch': 46.24528301886792}
{'loss': 0.2228, 'grad_norm': 0.4562510550022125, 'learning_rate': 7.547169811320755e-07, 'lm_loss': 0.0, 'pchembl_loss': 0.2268441766500473, 'ranking_loss': 0.0, 'total_loss': 0.22390161454677582, 'epoch': 46.264150943396224}
{'loss': 0.2204, 'grad_norm': 0.5762829780578613, 'learning_rate': 7.509433962264151e-07, 'lm_loss': 0.0, 'pchembl_loss': 0.22457218170166016, 'ranking_loss': 0.0, 'total_loss': 0.22165891528129578, 'epoch': 46.283018867924525}
{'loss': 0.2258, 'grad_norm': 0.6345382332801819, 'learning_rate': 7.471698113207548e-07, 'lm_loss': 0.0, 'pchembl_loss': 0.2539971172809601, 'ranking_loss': 0.0, 'total_loss': 0.2507019340991974, 'epoch': 46.301886792452834}
{'loss': 0.2217, 'grad_norm': 0.42822912335395813, 'learning_rate': 7.433962264150944e-07, 'lm_loss': 0.0, 'pchembl_loss': 0.32322821021080017, 'ranking_loss': 0.0, 'total_loss': 0.319034606218338, 'epoch': 46.320754716981135}
{'loss': 0.2202, 'grad_norm': 0.4633885622024536, 'learning_rate': 7.39622641509434e-07, 'lm_loss': 0.0, 'pchembl_loss': 0.2036224752664566, 'ranking_loss': 0.0, 'total_loss': 0.20098049938678741, 'epoch': 46.339622641509436}
{'loss': 0.2268, 'grad_norm': 0.4947190582752228, 'learning_rate': 7.358490566037736e-07, 'lm_loss': 0.0, 'pchembl_loss': 0.2115984559059143, 'ranking_loss': 0.0, 'total_loss': 0.2088528275489807, 'epoch': 46.35849056603774}
{'loss': 0.2219, 'grad_norm': 0.6303334832191467, 'learning_rate': 7.320754716981132e-07, 'lm_loss': 0.0, 'pchembl_loss': 0.2221173495054245, 'ranking_loss': 0.0, 'total_loss': 0.21923506259918213, 'epoch': 46.37735849056604}
{'loss': 0.2207, 'grad_norm': 0.5357676148414612, 'learning_rate': 7.283018867924529e-07, 'lm_loss': 0.0, 'pchembl_loss': 0.201531782746315, 'ranking_loss': 0.0, 'total_loss': 0.1989164799451828, 'epoch': 46.39622641509434}
{'loss': 0.2249, 'grad_norm': 0.47467654943466187, 'learning_rate': 7.245283018867925e-07, 'lm_loss': 0.0, 'pchembl_loss': 0.22107398509979248, 'ranking_loss': 0.0, 'total_loss': 0.21820491552352905, 'epoch': 46.41509433962264}
{'loss': 0.2206, 'grad_norm': 0.4810464084148407, 'learning_rate': 7.207547169811321e-07, 'lm_loss': 0.0, 'pchembl_loss': 0.20097394287586212, 'ranking_loss': 0.0, 'total_loss': 0.19836559891700745, 'epoch': 46.43396226415094}
{'loss': 0.223, 'grad_norm': 0.44659602642059326, 'learning_rate': 7.169811320754717e-07, 'lm_loss': 0.0, 'pchembl_loss': 0.20208194851875305, 'ranking_loss': 0.0, 'total_loss': 0.19945907592773438, 'epoch': 46.45283018867924}
{'loss': 0.2178, 'grad_norm': 0.7534859776496887, 'learning_rate': 7.132075471698113e-07, 'lm_loss': 0.0, 'pchembl_loss': 0.20995646715164185, 'ranking_loss': 0.0, 'total_loss': 0.20723123848438263, 'epoch': 46.471698113207545}
{'loss': 0.2273, 'grad_norm': 0.4524717926979065, 'learning_rate': 7.09433962264151e-07, 'lm_loss': 0.0, 'pchembl_loss': 0.18826480209827423, 'ranking_loss': 0.0, 'total_loss': 0.18582099676132202, 'epoch': 46.490566037735846}
{'loss': 0.2197, 'grad_norm': 0.7345371842384338, 'learning_rate': 7.056603773584906e-07, 'lm_loss': 0.0, 'pchembl_loss': 0.19501571357250214, 'ranking_loss': 0.0, 'total_loss': 0.19248414039611816, 'epoch': 46.509433962264154}
{'loss': 0.2269, 'grad_norm': 0.45081135630607605, 'learning_rate': 7.018867924528302e-07, 'lm_loss': 0.0, 'pchembl_loss': 0.2241697609424591, 'ranking_loss': 0.0, 'total_loss': 0.22125956416130066, 'epoch': 46.528301886792455}
{'loss': 0.2225, 'grad_norm': 0.4832352101802826, 'learning_rate': 6.981132075471698e-07, 'lm_loss': 0.0, 'pchembl_loss': 0.18597081303596497, 'ranking_loss': 0.0, 'total_loss': 0.18355637788772583, 'epoch': 46.54716981132076}
{'loss': 0.2199, 'grad_norm': 0.4342007637023926, 'learning_rate': 6.943396226415094e-07, 'lm_loss': 0.0, 'pchembl_loss': 0.22445350885391235, 'ranking_loss': 0.0, 'total_loss': 0.22153930366039276, 'epoch': 46.56603773584906}
{'loss': 0.2238, 'grad_norm': 0.5344594120979309, 'learning_rate': 6.905660377358492e-07, 'lm_loss': 0.0, 'pchembl_loss': 0.2148105353116989, 'ranking_loss': 0.0, 'total_loss': 0.2120213806629181, 'epoch': 46.58490566037736}
{'loss': 0.2218, 'grad_norm': 0.6535608768463135, 'learning_rate': 6.867924528301888e-07, 'lm_loss': 0.0, 'pchembl_loss': 0.2752704620361328, 'ranking_loss': 0.0, 'total_loss': 0.2716960906982422, 'epoch': 46.60377358490566}
{'loss': 0.2256, 'grad_norm': 0.5662660598754883, 'learning_rate': 6.830188679245284e-07, 'lm_loss': 0.0, 'pchembl_loss': 0.2436036318540573, 'ranking_loss': 0.0, 'total_loss': 0.2404402643442154, 'epoch': 46.62264150943396}
{'loss': 0.2246, 'grad_norm': 0.4939190447330475, 'learning_rate': 6.79245283018868e-07, 'lm_loss': 0.0, 'pchembl_loss': 0.21013157069683075, 'ranking_loss': 0.0, 'total_loss': 0.20740270614624023, 'epoch': 46.64150943396226}
{'loss': 0.2232, 'grad_norm': 0.7004026770591736, 'learning_rate': 6.754716981132076e-07, 'lm_loss': 0.0, 'pchembl_loss': 0.2150968313217163, 'ranking_loss': 0.0, 'total_loss': 0.21230334043502808, 'epoch': 46.660377358490564}
{'loss': 0.2205, 'grad_norm': 0.46094921231269836, 'learning_rate': 6.716981132075472e-07, 'lm_loss': 0.0, 'pchembl_loss': 0.2282635122537613, 'ranking_loss': 0.0, 'total_loss': 0.22529886662960052, 'epoch': 46.679245283018865}
{'loss': 0.2236, 'grad_norm': 0.4659759998321533, 'learning_rate': 6.679245283018869e-07, 'lm_loss': 0.0, 'pchembl_loss': 0.2244231402873993, 'ranking_loss': 0.0, 'total_loss': 0.2215082198381424, 'epoch': 46.698113207547166}
{'loss': 0.2211, 'grad_norm': 0.518589973449707, 'learning_rate': 6.641509433962265e-07, 'lm_loss': 0.0, 'pchembl_loss': 0.18867148458957672, 'ranking_loss': 0.0, 'total_loss': 0.18622079491615295, 'epoch': 46.716981132075475}
{'loss': 0.2236, 'grad_norm': 0.47818297147750854, 'learning_rate': 6.603773584905661e-07, 'lm_loss': 0.0, 'pchembl_loss': 0.2184889167547226, 'ranking_loss': 0.0, 'total_loss': 0.2156507819890976, 'epoch': 46.735849056603776}
{'loss': 0.2242, 'grad_norm': 0.4713429808616638, 'learning_rate': 6.566037735849057e-07, 'lm_loss': 0.0, 'pchembl_loss': 0.1907261162996292, 'ranking_loss': 0.0, 'total_loss': 0.18824850022792816, 'epoch': 46.75471698113208}
{'loss': 0.2201, 'grad_norm': 0.571480929851532, 'learning_rate': 6.528301886792453e-07, 'lm_loss': 0.0, 'pchembl_loss': 0.27603310346603394, 'ranking_loss': 0.0, 'total_loss': 0.2724471092224121, 'epoch': 46.77358490566038}
{'loss': 0.228, 'grad_norm': 0.5101128220558167, 'learning_rate': 6.49056603773585e-07, 'lm_loss': 0.0, 'pchembl_loss': 0.2431275099515915, 'ranking_loss': 0.0, 'total_loss': 0.23996885120868683, 'epoch': 46.79245283018868}
{'loss': 0.2233, 'grad_norm': 0.4244734048843384, 'learning_rate': 6.452830188679246e-07, 'lm_loss': 0.0, 'pchembl_loss': 0.3025224804878235, 'ranking_loss': 0.0, 'total_loss': 0.2985919713973999, 'epoch': 46.81132075471698}
{'loss': 0.2261, 'grad_norm': 0.608075737953186, 'learning_rate': 6.415094339622642e-07, 'lm_loss': 0.0, 'pchembl_loss': 0.26899009943008423, 'ranking_loss': 0.0, 'total_loss': 0.26549509167671204, 'epoch': 46.83018867924528}
{'loss': 0.2208, 'grad_norm': 0.4775521457195282, 'learning_rate': 6.377358490566038e-07, 'lm_loss': 0.0, 'pchembl_loss': 0.2077454775571823, 'ranking_loss': 0.0, 'total_loss': 0.20504608750343323, 'epoch': 46.84905660377358}
{'loss': 0.2198, 'grad_norm': 0.713546097278595, 'learning_rate': 6.339622641509434e-07, 'lm_loss': 0.0, 'pchembl_loss': 0.25366640090942383, 'ranking_loss': 0.0, 'total_loss': 0.2503701448440552, 'epoch': 46.867924528301884}
{'loss': 0.2241, 'grad_norm': 0.4666547179222107, 'learning_rate': 6.301886792452831e-07, 'lm_loss': 0.0, 'pchembl_loss': 0.22419211268424988, 'ranking_loss': 0.0, 'total_loss': 0.22127872705459595, 'epoch': 46.886792452830186}
{'loss': 0.2205, 'grad_norm': 0.5943965911865234, 'learning_rate': 6.264150943396227e-07, 'lm_loss': 0.0, 'pchembl_loss': 0.26616615056991577, 'ranking_loss': 0.0, 'total_loss': 0.2627071440219879, 'epoch': 46.905660377358494}
{'loss': 0.2254, 'grad_norm': 0.4899030029773712, 'learning_rate': 6.226415094339623e-07, 'lm_loss': 0.0, 'pchembl_loss': 0.2443305104970932, 'ranking_loss': 0.0, 'total_loss': 0.24115510284900665, 'epoch': 46.924528301886795}
{'loss': 0.2208, 'grad_norm': 0.4965789318084717, 'learning_rate': 6.188679245283019e-07, 'lm_loss': 0.0, 'pchembl_loss': 0.30062147974967957, 'ranking_loss': 0.0, 'total_loss': 0.29671430587768555, 'epoch': 46.943396226415096}
{'loss': 0.2258, 'grad_norm': 0.6547715067863464, 'learning_rate': 6.150943396226416e-07, 'lm_loss': 0.0, 'pchembl_loss': 0.24750031530857086, 'ranking_loss': 0.0, 'total_loss': 0.24428337812423706, 'epoch': 46.9622641509434}
{'loss': 0.2222, 'grad_norm': 0.49705877900123596, 'learning_rate': 6.113207547169812e-07, 'lm_loss': 0.0, 'pchembl_loss': 0.2026958018541336, 'ranking_loss': 0.0, 'total_loss': 0.20006109774112701, 'epoch': 46.9811320754717}
{'loss': 0.2232, 'grad_norm': 0.5225444436073303, 'learning_rate': 6.075471698113209e-07, 'lm_loss': 0.0, 'pchembl_loss': 0.2250973880290985, 'ranking_loss': 0.0, 'total_loss': 0.2221713662147522, 'epoch': 47.0}
{'eval_loss': 0.2161547690629959, 'eval_pchembl_norm_mse': 0.3875800669193268, 'eval_pchembl_norm_mae': 0.44824492931365967, 'eval_pchembl_norm_rmse': 0.6225593090057373, 'eval_pchembl_r2': 0.6053506135940552, 'eval_pchembl_count': 20000, 'eval_pchembl_norm_mean_pred': -0.01832248456776142, 'eval_pchembl_norm_std_pred': 0.8215982913970947, 'eval_pchembl_norm_mean_true': -0.02121046371757984, 'eval_pchembl_norm_std_true': 0.9910030961036682, 'eval_pchembl_raw_mse': 0.7192524671554565, 'eval_pchembl_raw_mae': 0.6106261014938354, 'eval_pchembl_raw_rmse': 0.8480875492095947, 'eval_pchembl_raw_pearson': 0.7796175045827909, 'eval_pchembl_raw_spearman': 0.7765895123033737, 'eval_runtime': 8.979, 'eval_samples_per_second': 1172.841, 'eval_steps_per_second': 0.111, 'epoch': 47.0}
{'eval_lm_loss': 0.0, 'eval_pchembl_loss': 0.21845294520258904, 'eval_ranking_loss': 0.0, 'eval_total_loss': 0.21561315894126892, 'epoch': 47.0}
{'eval_evaluation_time_sec': 9.025006673997268, 'epoch': 47.0}
{'loss': 0.221, 'grad_norm': 0.6398311257362366, 'learning_rate': 6.037735849056605e-07, 'lm_loss': 0.0, 'pchembl_loss': 0.23878543078899384, 'ranking_loss': 0.0, 'total_loss': 0.23568132519721985, 'epoch': 47.0188679245283}
{'loss': 0.2225, 'grad_norm': 0.6161140203475952, 'learning_rate': 6.000000000000001e-07, 'lm_loss': 0.0, 'pchembl_loss': 0.20673388242721558, 'ranking_loss': 0.0, 'total_loss': 0.2040463089942932, 'epoch': 47.0377358490566}
{'loss': 0.2198, 'grad_norm': 0.643137514591217, 'learning_rate': 5.962264150943397e-07, 'lm_loss': 0.0, 'pchembl_loss': 0.18239079415798187, 'ranking_loss': 0.0, 'total_loss': 0.1800195872783661, 'epoch': 47.056603773584904}
{'loss': 0.2235, 'grad_norm': 0.46263375878334045, 'learning_rate': 5.924528301886793e-07, 'lm_loss': 0.0, 'pchembl_loss': 0.16070067882537842, 'ranking_loss': 0.0, 'total_loss': 0.15861135721206665, 'epoch': 47.075471698113205}
{'loss': 0.2164, 'grad_norm': 0.42507970333099365, 'learning_rate': 5.886792452830189e-07, 'lm_loss': 0.0, 'pchembl_loss': 0.15423892438411713, 'ranking_loss': 0.0, 'total_loss': 0.1522335261106491, 'epoch': 47.094339622641506}
{'loss': 0.2244, 'grad_norm': 0.7731926441192627, 'learning_rate': 5.849056603773586e-07, 'lm_loss': 0.0, 'pchembl_loss': 0.2560918629169464, 'ranking_loss': 0.0, 'total_loss': 0.2527620196342468, 'epoch': 47.113207547169814}
{'loss': 0.2213, 'grad_norm': 0.43073445558547974, 'learning_rate': 5.811320754716982e-07, 'lm_loss': 0.0, 'pchembl_loss': 0.250348299741745, 'ranking_loss': 0.0, 'total_loss': 0.24709299206733704, 'epoch': 47.132075471698116}
{'loss': 0.2246, 'grad_norm': 1.01674485206604, 'learning_rate': 5.773584905660378e-07, 'lm_loss': 0.0, 'pchembl_loss': 0.196005180478096, 'ranking_loss': 0.0, 'total_loss': 0.19345638155937195, 'epoch': 47.15094339622642}
{'loss': 0.2252, 'grad_norm': 0.5195024013519287, 'learning_rate': 5.735849056603774e-07, 'lm_loss': 0.0, 'pchembl_loss': 0.23132549226284027, 'ranking_loss': 0.0, 'total_loss': 0.2283172607421875, 'epoch': 47.16981132075472}
{'loss': 0.2214, 'grad_norm': 0.6482726335525513, 'learning_rate': 5.69811320754717e-07, 'lm_loss': 0.0, 'pchembl_loss': 0.2409593164920807, 'ranking_loss': 0.0, 'total_loss': 0.2378256618976593, 'epoch': 47.18867924528302}
{'loss': 0.2236, 'grad_norm': 0.5008246302604675, 'learning_rate': 5.660377358490567e-07, 'lm_loss': 0.0, 'pchembl_loss': 0.2378646284341812, 'ranking_loss': 0.0, 'total_loss': 0.23477108776569366, 'epoch': 47.20754716981132}
{'loss': 0.223, 'grad_norm': 0.5664224624633789, 'learning_rate': 5.622641509433963e-07, 'lm_loss': 0.0, 'pchembl_loss': 0.20429958403110504, 'ranking_loss': 0.0, 'total_loss': 0.20164243876934052, 'epoch': 47.22641509433962}
{'loss': 0.219, 'grad_norm': 0.5142815709114075, 'learning_rate': 5.58490566037736e-07, 'lm_loss': 0.0, 'pchembl_loss': 0.21170325577259064, 'ranking_loss': 0.0, 'total_loss': 0.20894969999790192, 'epoch': 47.24528301886792}
{'loss': 0.2222, 'grad_norm': 0.4763961434364319, 'learning_rate': 5.547169811320756e-07, 'lm_loss': 0.0, 'pchembl_loss': 0.17226892709732056, 'ranking_loss': 0.0, 'total_loss': 0.1700281798839569, 'epoch': 47.264150943396224}
{'loss': 0.221, 'grad_norm': 0.4591936767101288, 'learning_rate': 5.509433962264152e-07, 'lm_loss': 0.0, 'pchembl_loss': 0.22821204364299774, 'ranking_loss': 0.0, 'total_loss': 0.22524350881576538, 'epoch': 47.283018867924525}
{'loss': 0.2233, 'grad_norm': 0.5489012598991394, 'learning_rate': 5.471698113207548e-07, 'lm_loss': 0.0, 'pchembl_loss': 0.2780589461326599, 'ranking_loss': 0.0, 'total_loss': 0.2744418680667877, 'epoch': 47.301886792452834}
{'loss': 0.2238, 'grad_norm': 0.4458463490009308, 'learning_rate': 5.433962264150943e-07, 'lm_loss': 0.0, 'pchembl_loss': 0.24835975468158722, 'ranking_loss': 0.0, 'total_loss': 0.24512887001037598, 'epoch': 47.320754716981135}
{'loss': 0.2212, 'grad_norm': 0.5619956254959106, 'learning_rate': 5.39622641509434e-07, 'lm_loss': 0.0, 'pchembl_loss': 0.2924169898033142, 'ranking_loss': 0.0, 'total_loss': 0.28861281275749207, 'epoch': 47.339622641509436}
{'loss': 0.2252, 'grad_norm': 0.5089789628982544, 'learning_rate': 5.358490566037736e-07, 'lm_loss': 0.0, 'pchembl_loss': 0.2808944582939148, 'ranking_loss': 0.0, 'total_loss': 0.2772400379180908, 'epoch': 47.35849056603774}
{'loss': 0.2212, 'grad_norm': 0.5773594975471497, 'learning_rate': 5.320754716981132e-07, 'lm_loss': 0.0, 'pchembl_loss': 0.21080094575881958, 'ranking_loss': 0.0, 'total_loss': 0.20805831253528595, 'epoch': 47.37735849056604}
{'loss': 0.2255, 'grad_norm': 0.5900756120681763, 'learning_rate': 5.283018867924528e-07, 'lm_loss': 0.0, 'pchembl_loss': 0.1925843060016632, 'ranking_loss': 0.0, 'total_loss': 0.19007858633995056, 'epoch': 47.39622641509434}
{'loss': 0.2204, 'grad_norm': 0.49121490120887756, 'learning_rate': 5.245283018867924e-07, 'lm_loss': 0.0, 'pchembl_loss': 0.19297011196613312, 'ranking_loss': 0.0, 'total_loss': 0.1904592663049698, 'epoch': 47.41509433962264}
{'loss': 0.2191, 'grad_norm': 0.5896980166435242, 'learning_rate': 5.20754716981132e-07, 'lm_loss': 0.0, 'pchembl_loss': 0.24689267575740814, 'ranking_loss': 0.0, 'total_loss': 0.24368007481098175, 'epoch': 47.43396226415094}
{'loss': 0.2193, 'grad_norm': 0.7225604057312012, 'learning_rate': 5.169811320754717e-07, 'lm_loss': 0.0, 'pchembl_loss': 0.24491462111473083, 'ranking_loss': 0.0, 'total_loss': 0.24172763526439667, 'epoch': 47.45283018867924}
{'loss': 0.2249, 'grad_norm': 0.5566853284835815, 'learning_rate': 5.132075471698113e-07, 'lm_loss': 0.0, 'pchembl_loss': 0.21031969785690308, 'ranking_loss': 0.0, 'total_loss': 0.2075827717781067, 'epoch': 47.471698113207545}
{'loss': 0.224, 'grad_norm': 0.4373167157173157, 'learning_rate': 5.09433962264151e-07, 'lm_loss': 0.0, 'pchembl_loss': 0.3180848956108093, 'ranking_loss': 0.0, 'total_loss': 0.3139454424381256, 'epoch': 47.490566037735846}
{'loss': 0.2258, 'grad_norm': 0.5311699509620667, 'learning_rate': 5.056603773584906e-07, 'lm_loss': 0.0, 'pchembl_loss': 0.2575896382331848, 'ranking_loss': 0.0, 'total_loss': 0.2542372941970825, 'epoch': 47.509433962264154}
{'loss': 0.2249, 'grad_norm': 0.4672306776046753, 'learning_rate': 5.018867924528302e-07, 'lm_loss': 0.0, 'pchembl_loss': 0.1990489512681961, 'ranking_loss': 0.0, 'total_loss': 0.1964583694934845, 'epoch': 47.528301886792455}
{'loss': 0.2256, 'grad_norm': 0.5109705328941345, 'learning_rate': 4.981132075471698e-07, 'lm_loss': 0.0, 'pchembl_loss': 0.2866264283657074, 'ranking_loss': 0.0, 'total_loss': 0.28289589285850525, 'epoch': 47.54716981132076}
{'loss': 0.2211, 'grad_norm': 0.44495928287506104, 'learning_rate': 4.943396226415094e-07, 'lm_loss': 0.0, 'pchembl_loss': 0.21159116923809052, 'ranking_loss': 0.0, 'total_loss': 0.2088371217250824, 'epoch': 47.56603773584906}
{'loss': 0.2238, 'grad_norm': 0.7391038537025452, 'learning_rate': 4.905660377358491e-07, 'lm_loss': 0.0, 'pchembl_loss': 0.2782596945762634, 'ranking_loss': 0.0, 'total_loss': 0.27463775873184204, 'epoch': 47.58490566037736}
{'loss': 0.2235, 'grad_norm': 0.565310001373291, 'learning_rate': 4.867924528301887e-07, 'lm_loss': 0.0, 'pchembl_loss': 0.20001599192619324, 'ranking_loss': 0.0, 'total_loss': 0.1974124163389206, 'epoch': 47.60377358490566}
{'loss': 0.2224, 'grad_norm': 0.8548639416694641, 'learning_rate': 4.830188679245283e-07, 'lm_loss': 0.0, 'pchembl_loss': 0.1530202031135559, 'ranking_loss': 0.0, 'total_loss': 0.15102829039096832, 'epoch': 47.62264150943396}
{'loss': 0.2229, 'grad_norm': 0.477496474981308, 'learning_rate': 4.79245283018868e-07, 'lm_loss': 0.0, 'pchembl_loss': 0.2275492399930954, 'ranking_loss': 0.0, 'total_loss': 0.22458705306053162, 'epoch': 47.64150943396226}
{'loss': 0.2216, 'grad_norm': 1.030766487121582, 'learning_rate': 4.7547169811320757e-07, 'lm_loss': 0.0, 'pchembl_loss': 0.17839835584163666, 'ranking_loss': 0.0, 'total_loss': 0.17607592046260834, 'epoch': 47.660377358490564}
{'loss': 0.2211, 'grad_norm': 0.52985018491745, 'learning_rate': 4.716981132075472e-07, 'lm_loss': 0.0, 'pchembl_loss': 0.18325316905975342, 'ranking_loss': 0.0, 'total_loss': 0.18086744844913483, 'epoch': 47.679245283018865}
{'loss': 0.225, 'grad_norm': 0.508755624294281, 'learning_rate': 4.679245283018868e-07, 'lm_loss': 0.0, 'pchembl_loss': 0.21950605511665344, 'ranking_loss': 0.0, 'total_loss': 0.21664826571941376, 'epoch': 47.698113207547166}
{'loss': 0.222, 'grad_norm': 0.6062173843383789, 'learning_rate': 4.641509433962264e-07, 'lm_loss': 0.0, 'pchembl_loss': 0.23952120542526245, 'ranking_loss': 0.0, 'total_loss': 0.2364027202129364, 'epoch': 47.716981132075475}
{'loss': 0.2243, 'grad_norm': 0.44906455278396606, 'learning_rate': 4.603773584905661e-07, 'lm_loss': 0.0, 'pchembl_loss': 0.22546222805976868, 'ranking_loss': 0.0, 'total_loss': 0.2225266695022583, 'epoch': 47.735849056603776}
{'loss': 0.2195, 'grad_norm': 0.4967881441116333, 'learning_rate': 4.566037735849057e-07, 'lm_loss': 0.0, 'pchembl_loss': 0.22356490790843964, 'ranking_loss': 0.0, 'total_loss': 0.2206539511680603, 'epoch': 47.75471698113208}
{'loss': 0.2208, 'grad_norm': 0.9411252737045288, 'learning_rate': 4.528301886792453e-07, 'lm_loss': 0.0, 'pchembl_loss': 0.2195255011320114, 'ranking_loss': 0.0, 'total_loss': 0.216667041182518, 'epoch': 47.77358490566038}
{'loss': 0.2232, 'grad_norm': 0.4341154992580414, 'learning_rate': 4.4905660377358496e-07, 'lm_loss': 0.0, 'pchembl_loss': 0.2121763974428177, 'ranking_loss': 0.0, 'total_loss': 0.2094135284423828, 'epoch': 47.79245283018868}
{'loss': 0.2214, 'grad_norm': 0.5767093300819397, 'learning_rate': 4.4528301886792456e-07, 'lm_loss': 0.0, 'pchembl_loss': 0.187644824385643, 'ranking_loss': 0.0, 'total_loss': 0.18520130217075348, 'epoch': 47.81132075471698}
{'loss': 0.2234, 'grad_norm': 0.7856568694114685, 'learning_rate': 4.415094339622642e-07, 'lm_loss': 0.0, 'pchembl_loss': 0.21522203087806702, 'ranking_loss': 0.0, 'total_loss': 0.2124192863702774, 'epoch': 47.83018867924528}
{'loss': 0.2209, 'grad_norm': 0.5055257678031921, 'learning_rate': 4.377358490566038e-07, 'lm_loss': 0.0, 'pchembl_loss': 0.18671226501464844, 'ranking_loss': 0.0, 'total_loss': 0.18428070843219757, 'epoch': 47.84905660377358}
{'loss': 0.2243, 'grad_norm': 0.5315985083580017, 'learning_rate': 4.339622641509434e-07, 'lm_loss': 0.0, 'pchembl_loss': 0.24289920926094055, 'ranking_loss': 0.0, 'total_loss': 0.23973582684993744, 'epoch': 47.867924528301884}
{'loss': 0.2205, 'grad_norm': 0.8854861259460449, 'learning_rate': 4.3018867924528305e-07, 'lm_loss': 0.0, 'pchembl_loss': 0.24964462220668793, 'ranking_loss': 0.0, 'total_loss': 0.24639329314231873, 'epoch': 47.886792452830186}
{'loss': 0.2238, 'grad_norm': 0.8628886938095093, 'learning_rate': 4.2641509433962265e-07, 'lm_loss': 0.0, 'pchembl_loss': 0.241685152053833, 'ranking_loss': 0.0, 'total_loss': 0.23853738605976105, 'epoch': 47.905660377358494}
{'loss': 0.2233, 'grad_norm': 0.5149019956588745, 'learning_rate': 4.2264150943396235e-07, 'lm_loss': 0.0, 'pchembl_loss': 0.2687707841396332, 'ranking_loss': 0.0, 'total_loss': 0.2652701139450073, 'epoch': 47.924528301886795}
{'loss': 0.2233, 'grad_norm': 0.6228189468383789, 'learning_rate': 4.1886792452830194e-07, 'lm_loss': 0.0, 'pchembl_loss': 0.22051934897899628, 'ranking_loss': 0.0, 'total_loss': 0.21764706075191498, 'epoch': 47.943396226415096}
{'loss': 0.2263, 'grad_norm': 0.46932098269462585, 'learning_rate': 4.1509433962264154e-07, 'lm_loss': 0.0, 'pchembl_loss': 0.23427268862724304, 'ranking_loss': 0.0, 'total_loss': 0.23122116923332214, 'epoch': 47.9622641509434}
{'loss': 0.2226, 'grad_norm': 0.4511738121509552, 'learning_rate': 4.113207547169812e-07, 'lm_loss': 0.0, 'pchembl_loss': 0.2719067633152008, 'ranking_loss': 0.0, 'total_loss': 0.26836493611335754, 'epoch': 47.9811320754717}
{'loss': 0.2212, 'grad_norm': 0.46204811334609985, 'learning_rate': 4.075471698113208e-07, 'lm_loss': 0.0, 'pchembl_loss': 0.25659048557281494, 'ranking_loss': 0.0, 'total_loss': 0.25324803590774536, 'epoch': 48.0}
{'eval_loss': 0.21572867035865784, 'eval_pchembl_norm_mse': 0.38661593198776245, 'eval_pchembl_norm_mae': 0.4479455053806305, 'eval_pchembl_norm_rmse': 0.6217844486236572, 'eval_pchembl_r2': 0.6063324213027954, 'eval_pchembl_count': 20000, 'eval_pchembl_norm_mean_pred': -0.020961996167898178, 'eval_pchembl_norm_std_pred': 0.8152729272842407, 'eval_pchembl_norm_mean_true': -0.02121046371757984, 'eval_pchembl_norm_std_true': 0.9910030961036682, 'eval_pchembl_raw_mse': 0.7174631953239441, 'eval_pchembl_raw_mae': 0.6102182865142822, 'eval_pchembl_raw_rmse': 0.8470320105552673, 'eval_pchembl_raw_pearson': 0.7798502369619538, 'eval_pchembl_raw_spearman': 0.7768129780435933, 'eval_runtime': 8.8772, 'eval_samples_per_second': 1186.296, 'eval_steps_per_second': 0.113, 'epoch': 48.0}
{'eval_lm_loss': 0.0, 'eval_pchembl_loss': 0.21801638931035996, 'eval_ranking_loss': 0.0, 'eval_total_loss': 0.21517633885145188, 'epoch': 48.0}
{'eval_evaluation_time_sec': 8.927250646986067, 'epoch': 48.0}
{'loss': 0.2225, 'grad_norm': 0.4433501064777374, 'learning_rate': 4.037735849056604e-07, 'lm_loss': 0.0, 'pchembl_loss': 0.27375540137290955, 'ranking_loss': 0.0, 'total_loss': 0.2701892554759979, 'epoch': 48.0188679245283}
{'loss': 0.2207, 'grad_norm': 0.4862634837627411, 'learning_rate': 4.0000000000000003e-07, 'lm_loss': 0.0, 'pchembl_loss': 0.24327751994132996, 'ranking_loss': 0.0, 'total_loss': 0.24010829627513885, 'epoch': 48.0377358490566}
{'loss': 0.2231, 'grad_norm': 0.4964257478713989, 'learning_rate': 3.9622641509433963e-07, 'lm_loss': 0.0, 'pchembl_loss': 0.22132472693920135, 'ranking_loss': 0.0, 'total_loss': 0.21844139695167542, 'epoch': 48.056603773584904}
{'loss': 0.2232, 'grad_norm': 0.4556332230567932, 'learning_rate': 3.924528301886793e-07, 'lm_loss': 0.0, 'pchembl_loss': 0.21926349401474, 'ranking_loss': 0.0, 'total_loss': 0.2164069265127182, 'epoch': 48.075471698113205}
{'loss': 0.2274, 'grad_norm': 0.7335562705993652, 'learning_rate': 3.886792452830189e-07, 'lm_loss': 0.0, 'pchembl_loss': 0.22986923158168793, 'ranking_loss': 0.0, 'total_loss': 0.22687439620494843, 'epoch': 48.094339622641506}
{'loss': 0.2208, 'grad_norm': 0.577498197555542, 'learning_rate': 3.849056603773585e-07, 'lm_loss': 0.0, 'pchembl_loss': 0.23052756488323212, 'ranking_loss': 0.0, 'total_loss': 0.2275240570306778, 'epoch': 48.113207547169814}
{'loss': 0.2254, 'grad_norm': 0.6518073678016663, 'learning_rate': 3.811320754716982e-07, 'lm_loss': 0.0, 'pchembl_loss': 0.2332371026277542, 'ranking_loss': 0.0, 'total_loss': 0.2301981896162033, 'epoch': 48.132075471698116}
{'loss': 0.2226, 'grad_norm': 0.45541298389434814, 'learning_rate': 3.773584905660378e-07, 'lm_loss': 0.0, 'pchembl_loss': 0.21004214882850647, 'ranking_loss': 0.0, 'total_loss': 0.20730535686016083, 'epoch': 48.15094339622642}
{'loss': 0.2245, 'grad_norm': 0.5506155490875244, 'learning_rate': 3.735849056603774e-07, 'lm_loss': 0.0, 'pchembl_loss': 0.23574021458625793, 'ranking_loss': 0.0, 'total_loss': 0.23266850411891937, 'epoch': 48.16981132075472}
{'loss': 0.2239, 'grad_norm': 0.5293281674385071, 'learning_rate': 3.69811320754717e-07, 'lm_loss': 0.0, 'pchembl_loss': 0.21983058750629425, 'ranking_loss': 0.0, 'total_loss': 0.21696610748767853, 'epoch': 48.18867924528302}
{'loss': 0.2238, 'grad_norm': 0.5847083330154419, 'learning_rate': 3.660377358490566e-07, 'lm_loss': 0.0, 'pchembl_loss': 0.20129293203353882, 'ranking_loss': 0.0, 'total_loss': 0.1986699253320694, 'epoch': 48.20754716981132}
{'loss': 0.2175, 'grad_norm': 0.6738302707672119, 'learning_rate': 3.6226415094339627e-07, 'lm_loss': 0.0, 'pchembl_loss': 0.2825595438480377, 'ranking_loss': 0.0, 'total_loss': 0.27887746691703796, 'epoch': 48.22641509433962}
{'loss': 0.2244, 'grad_norm': 0.5318129658699036, 'learning_rate': 3.5849056603773586e-07, 'lm_loss': 0.0, 'pchembl_loss': 0.2518346905708313, 'ranking_loss': 0.0, 'total_loss': 0.24855291843414307, 'epoch': 48.24528301886792}
{'loss': 0.2183, 'grad_norm': 0.5327548980712891, 'learning_rate': 3.547169811320755e-07, 'lm_loss': 0.0, 'pchembl_loss': 0.20099391043186188, 'ranking_loss': 0.0, 'total_loss': 0.19837458431720734, 'epoch': 48.264150943396224}
{'loss': 0.2199, 'grad_norm': 0.4624596834182739, 'learning_rate': 3.509433962264151e-07, 'lm_loss': 0.0, 'pchembl_loss': 0.20219554007053375, 'ranking_loss': 0.0, 'total_loss': 0.1995604932308197, 'epoch': 48.283018867924525}
{'loss': 0.2254, 'grad_norm': 0.4405371844768524, 'learning_rate': 3.471698113207547e-07, 'lm_loss': 0.0, 'pchembl_loss': 0.2525448799133301, 'ranking_loss': 0.0, 'total_loss': 0.24925357103347778, 'epoch': 48.301886792452834}
{'loss': 0.2225, 'grad_norm': 0.6453741788864136, 'learning_rate': 3.433962264150944e-07, 'lm_loss': 0.0, 'pchembl_loss': 0.19458602368831635, 'ranking_loss': 0.0, 'total_loss': 0.1920499950647354, 'epoch': 48.320754716981135}
{'loss': 0.2208, 'grad_norm': 0.4838346838951111, 'learning_rate': 3.39622641509434e-07, 'lm_loss': 0.0, 'pchembl_loss': 0.28633442521095276, 'ranking_loss': 0.0, 'total_loss': 0.28260254859924316, 'epoch': 48.339622641509436}
{'loss': 0.222, 'grad_norm': 0.6029741168022156, 'learning_rate': 3.358490566037736e-07, 'lm_loss': 0.0, 'pchembl_loss': 0.21684642136096954, 'ranking_loss': 0.0, 'total_loss': 0.21402013301849365, 'epoch': 48.35849056603774}
{'loss': 0.2198, 'grad_norm': 0.5402377247810364, 'learning_rate': 3.3207547169811325e-07, 'lm_loss': 0.0, 'pchembl_loss': 0.21804320812225342, 'ranking_loss': 0.0, 'total_loss': 0.2152012288570404, 'epoch': 48.37735849056604}
{'loss': 0.221, 'grad_norm': 0.4431261420249939, 'learning_rate': 3.2830188679245285e-07, 'lm_loss': 0.0, 'pchembl_loss': 0.2966187298297882, 'ranking_loss': 0.0, 'total_loss': 0.2927525043487549, 'epoch': 48.39622641509434}
{'loss': 0.2235, 'grad_norm': 0.6162928342819214, 'learning_rate': 3.245283018867925e-07, 'lm_loss': 0.0, 'pchembl_loss': 0.29692530632019043, 'ranking_loss': 0.0, 'total_loss': 0.2930549681186676, 'epoch': 48.41509433962264}
{'loss': 0.2233, 'grad_norm': 0.4632437229156494, 'learning_rate': 3.207547169811321e-07, 'lm_loss': 0.0, 'pchembl_loss': 0.2335054725408554, 'ranking_loss': 0.0, 'total_loss': 0.2304617166519165, 'epoch': 48.43396226415094}
{'loss': 0.2232, 'grad_norm': 0.42655736207962036, 'learning_rate': 3.169811320754717e-07, 'lm_loss': 0.0, 'pchembl_loss': 0.19678173959255219, 'ranking_loss': 0.0, 'total_loss': 0.19421662390232086, 'epoch': 48.45283018867924}
{'loss': 0.2216, 'grad_norm': 0.5192564129829407, 'learning_rate': 3.1320754716981134e-07, 'lm_loss': 0.0, 'pchembl_loss': 0.2873169779777527, 'ranking_loss': 0.0, 'total_loss': 0.28357160091400146, 'epoch': 48.471698113207545}
{'loss': 0.222, 'grad_norm': 0.49914246797561646, 'learning_rate': 3.0943396226415094e-07, 'lm_loss': 0.0, 'pchembl_loss': 0.219633549451828, 'ranking_loss': 0.0, 'total_loss': 0.21677041053771973, 'epoch': 48.490566037735846}
{'loss': 0.2198, 'grad_norm': 0.6251732707023621, 'learning_rate': 3.056603773584906e-07, 'lm_loss': 0.0, 'pchembl_loss': 0.2736370861530304, 'ranking_loss': 0.0, 'total_loss': 0.2700698971748352, 'epoch': 48.509433962264154}
{'loss': 0.2235, 'grad_norm': 0.6763083338737488, 'learning_rate': 3.0188679245283024e-07, 'lm_loss': 0.0, 'pchembl_loss': 0.22652262449264526, 'ranking_loss': 0.0, 'total_loss': 0.22356955707073212, 'epoch': 48.528301886792455}
{'loss': 0.2218, 'grad_norm': 0.49531427025794983, 'learning_rate': 2.9811320754716984e-07, 'lm_loss': 0.0, 'pchembl_loss': 0.30722570419311523, 'ranking_loss': 0.0, 'total_loss': 0.3032204508781433, 'epoch': 48.54716981132076}
{'loss': 0.2272, 'grad_norm': 0.47572585940361023, 'learning_rate': 2.9433962264150943e-07, 'lm_loss': 0.0, 'pchembl_loss': 0.22585387527942657, 'ranking_loss': 0.0, 'total_loss': 0.22290939092636108, 'epoch': 48.56603773584906}
{'loss': 0.2225, 'grad_norm': 0.4201399087905884, 'learning_rate': 2.905660377358491e-07, 'lm_loss': 0.0, 'pchembl_loss': 0.2409277856349945, 'ranking_loss': 0.0, 'total_loss': 0.23778671026229858, 'epoch': 48.58490566037736}
{'loss': 0.2231, 'grad_norm': 0.4599986672401428, 'learning_rate': 2.867924528301887e-07, 'lm_loss': 0.0, 'pchembl_loss': 0.21625792980194092, 'ranking_loss': 0.0, 'total_loss': 0.21343842148780823, 'epoch': 48.60377358490566}
{'loss': 0.2203, 'grad_norm': 0.49752187728881836, 'learning_rate': 2.8301886792452833e-07, 'lm_loss': 0.0, 'pchembl_loss': 0.2295204997062683, 'ranking_loss': 0.0, 'total_loss': 0.22652800381183624, 'epoch': 48.62264150943396}
{'loss': 0.2239, 'grad_norm': 0.4666353166103363, 'learning_rate': 2.79245283018868e-07, 'lm_loss': 0.0, 'pchembl_loss': 0.19495470821857452, 'ranking_loss': 0.0, 'total_loss': 0.1924128234386444, 'epoch': 48.64150943396226}
{'loss': 0.2232, 'grad_norm': 0.44160768389701843, 'learning_rate': 2.754716981132076e-07, 'lm_loss': 0.0, 'pchembl_loss': 0.19513064622879028, 'ranking_loss': 0.0, 'total_loss': 0.19258640706539154, 'epoch': 48.660377358490564}
{'loss': 0.2237, 'grad_norm': 0.5466952919960022, 'learning_rate': 2.716981132075472e-07, 'lm_loss': 0.0, 'pchembl_loss': 0.25716257095336914, 'ranking_loss': 0.0, 'total_loss': 0.25380945205688477, 'epoch': 48.679245283018865}
{'loss': 0.2244, 'grad_norm': 0.6689848899841309, 'learning_rate': 2.679245283018868e-07, 'lm_loss': 0.0, 'pchembl_loss': 0.16008616983890533, 'ranking_loss': 0.0, 'total_loss': 0.15799877047538757, 'epoch': 48.698113207547166}
{'loss': 0.2263, 'grad_norm': 0.5310885310173035, 'learning_rate': 2.641509433962264e-07, 'lm_loss': 0.0, 'pchembl_loss': 0.32274919748306274, 'ranking_loss': 0.0, 'total_loss': 0.31854069232940674, 'epoch': 48.716981132075475}
{'loss': 0.2213, 'grad_norm': 0.583550214767456, 'learning_rate': 2.60377358490566e-07, 'lm_loss': 0.0, 'pchembl_loss': 0.20911645889282227, 'ranking_loss': 0.0, 'total_loss': 0.2063896209001541, 'epoch': 48.735849056603776}
{'loss': 0.2228, 'grad_norm': 0.4565548300743103, 'learning_rate': 2.5660377358490567e-07, 'lm_loss': 0.0, 'pchembl_loss': 0.20855028927326202, 'ranking_loss': 0.0, 'total_loss': 0.20583078265190125, 'epoch': 48.75471698113208}
{'loss': 0.2222, 'grad_norm': 0.6499725580215454, 'learning_rate': 2.528301886792453e-07, 'lm_loss': 0.0, 'pchembl_loss': 0.20330028235912323, 'ranking_loss': 0.0, 'total_loss': 0.2006491869688034, 'epoch': 48.77358490566038}
{'loss': 0.22, 'grad_norm': 0.4276142418384552, 'learning_rate': 2.490566037735849e-07, 'lm_loss': 0.0, 'pchembl_loss': 0.20428386330604553, 'ranking_loss': 0.0, 'total_loss': 0.20161989331245422, 'epoch': 48.79245283018868}
{'loss': 0.2218, 'grad_norm': 0.45849671959877014, 'learning_rate': 2.4528301886792456e-07, 'lm_loss': 0.0, 'pchembl_loss': 0.20653806626796722, 'ranking_loss': 0.0, 'total_loss': 0.20384465157985687, 'epoch': 48.81132075471698}
{'loss': 0.224, 'grad_norm': 0.4983264207839966, 'learning_rate': 2.4150943396226416e-07, 'lm_loss': 0.0, 'pchembl_loss': 0.27581629157066345, 'ranking_loss': 0.0, 'total_loss': 0.27221935987472534, 'epoch': 48.83018867924528}
{'loss': 0.2246, 'grad_norm': 0.7994562983512878, 'learning_rate': 2.3773584905660378e-07, 'lm_loss': 0.0, 'pchembl_loss': 0.20368707180023193, 'ranking_loss': 0.0, 'total_loss': 0.20103073120117188, 'epoch': 48.84905660377358}
{'loss': 0.2236, 'grad_norm': 0.747994065284729, 'learning_rate': 2.339622641509434e-07, 'lm_loss': 0.0, 'pchembl_loss': 0.1835346221923828, 'ranking_loss': 0.0, 'total_loss': 0.18114104866981506, 'epoch': 48.867924528301884}
{'loss': 0.2243, 'grad_norm': 0.5216819047927856, 'learning_rate': 2.3018867924528306e-07, 'lm_loss': 0.0, 'pchembl_loss': 0.25508782267570496, 'ranking_loss': 0.0, 'total_loss': 0.2517610490322113, 'epoch': 48.886792452830186}
{'loss': 0.2201, 'grad_norm': 0.6645211577415466, 'learning_rate': 2.2641509433962265e-07, 'lm_loss': 0.0, 'pchembl_loss': 0.20030631124973297, 'ranking_loss': 0.0, 'total_loss': 0.19769392907619476, 'epoch': 48.905660377358494}
{'loss': 0.2177, 'grad_norm': 0.5613428950309753, 'learning_rate': 2.2264150943396228e-07, 'lm_loss': 0.0, 'pchembl_loss': 0.2071579098701477, 'ranking_loss': 0.0, 'total_loss': 0.20445610582828522, 'epoch': 48.924528301886795}
{'loss': 0.2207, 'grad_norm': 0.4481925666332245, 'learning_rate': 2.188679245283019e-07, 'lm_loss': 0.0, 'pchembl_loss': 0.17742934823036194, 'ranking_loss': 0.0, 'total_loss': 0.17511522769927979, 'epoch': 48.943396226415096}
{'loss': 0.2266, 'grad_norm': 0.4847050905227661, 'learning_rate': 2.1509433962264152e-07, 'lm_loss': 0.0, 'pchembl_loss': 0.22891739010810852, 'ranking_loss': 0.0, 'total_loss': 0.22593168914318085, 'epoch': 48.9622641509434}
{'loss': 0.2186, 'grad_norm': 0.6891312003135681, 'learning_rate': 2.1132075471698117e-07, 'lm_loss': 0.0, 'pchembl_loss': 0.2617335915565491, 'ranking_loss': 0.0, 'total_loss': 0.25831982493400574, 'epoch': 48.9811320754717}
{'loss': 0.222, 'grad_norm': 0.46249860525131226, 'learning_rate': 2.0754716981132077e-07, 'lm_loss': 0.0, 'pchembl_loss': 0.1924957036972046, 'ranking_loss': 0.0, 'total_loss': 0.18998494744300842, 'epoch': 49.0}
{'eval_loss': 0.21592284739017487, 'eval_pchembl_norm_mse': 0.38699057698249817, 'eval_pchembl_norm_mae': 0.4481235444545746, 'eval_pchembl_norm_rmse': 0.622085690498352, 'eval_pchembl_r2': 0.6059508919715881, 'eval_pchembl_count': 20000, 'eval_pchembl_norm_mean_pred': -0.016731761395931244, 'eval_pchembl_norm_std_pred': 0.8203749060630798, 'eval_pchembl_norm_mean_true': -0.02121046371757984, 'eval_pchembl_norm_std_true': 0.9910030961036682, 'eval_pchembl_raw_mse': 0.7181586027145386, 'eval_pchembl_raw_mae': 0.6104607582092285, 'eval_pchembl_raw_rmse': 0.8474423885345459, 'eval_pchembl_raw_pearson': 0.7799144188073567, 'eval_pchembl_raw_spearman': 0.7768986021639146, 'eval_runtime': 8.9084, 'eval_samples_per_second': 1182.147, 'eval_steps_per_second': 0.112, 'epoch': 49.0}
{'eval_lm_loss': 0.0, 'eval_pchembl_loss': 0.21821616642177105, 'eval_ranking_loss': 0.0, 'eval_total_loss': 0.21536988474428653, 'epoch': 49.0}
{'eval_evaluation_time_sec': 8.938616211060435, 'epoch': 49.0}
{'loss': 0.2232, 'grad_norm': 0.564224362373352, 'learning_rate': 2.037735849056604e-07, 'lm_loss': 0.0, 'pchembl_loss': 0.207941934466362, 'ranking_loss': 0.0, 'total_loss': 0.20522966980934143, 'epoch': 49.0188679245283}
{'loss': 0.2209, 'grad_norm': 0.4412681758403778, 'learning_rate': 2.0000000000000002e-07, 'lm_loss': 0.0, 'pchembl_loss': 0.1612432301044464, 'ranking_loss': 0.0, 'total_loss': 0.15914003551006317, 'epoch': 49.0377358490566}
{'loss': 0.2231, 'grad_norm': 0.4791117310523987, 'learning_rate': 1.9622641509433964e-07, 'lm_loss': 0.0, 'pchembl_loss': 0.29322516918182373, 'ranking_loss': 0.0, 'total_loss': 0.2894003987312317, 'epoch': 49.056603773584904}
{'loss': 0.2237, 'grad_norm': 0.4922657608985901, 'learning_rate': 1.9245283018867924e-07, 'lm_loss': 0.0, 'pchembl_loss': 0.18071971833705902, 'ranking_loss': 0.0, 'total_loss': 0.1783624142408371, 'epoch': 49.075471698113205}
{'loss': 0.2221, 'grad_norm': 0.9794479012489319, 'learning_rate': 1.886792452830189e-07, 'lm_loss': 0.0, 'pchembl_loss': 0.2183503806591034, 'ranking_loss': 0.0, 'total_loss': 0.21550217270851135, 'epoch': 49.094339622641506}
{'loss': 0.2197, 'grad_norm': 0.5091131329536438, 'learning_rate': 1.849056603773585e-07, 'lm_loss': 0.0, 'pchembl_loss': 0.22106143832206726, 'ranking_loss': 0.0, 'total_loss': 0.21817784011363983, 'epoch': 49.113207547169814}
{'loss': 0.2149, 'grad_norm': 0.4726610779762268, 'learning_rate': 1.8113207547169813e-07, 'lm_loss': 0.0, 'pchembl_loss': 0.21660056710243225, 'ranking_loss': 0.0, 'total_loss': 0.21377511322498322, 'epoch': 49.132075471698116}
{'loss': 0.2207, 'grad_norm': 0.5396624803543091, 'learning_rate': 1.7735849056603776e-07, 'lm_loss': 0.0, 'pchembl_loss': 0.2277591973543167, 'ranking_loss': 0.0, 'total_loss': 0.2247881442308426, 'epoch': 49.15094339622642}
{'loss': 0.222, 'grad_norm': 0.5114454627037048, 'learning_rate': 1.7358490566037735e-07, 'lm_loss': 0.0, 'pchembl_loss': 0.19478152692317963, 'ranking_loss': 0.0, 'total_loss': 0.1922406256198883, 'epoch': 49.16981132075472}
{'loss': 0.2245, 'grad_norm': 0.5293760299682617, 'learning_rate': 1.69811320754717e-07, 'lm_loss': 0.0, 'pchembl_loss': 0.25236618518829346, 'ranking_loss': 0.0, 'total_loss': 0.2490740567445755, 'epoch': 49.18867924528302}
{'loss': 0.2289, 'grad_norm': 0.5077678561210632, 'learning_rate': 1.6603773584905663e-07, 'lm_loss': 0.0, 'pchembl_loss': 0.18869559466838837, 'ranking_loss': 0.0, 'total_loss': 0.1862340122461319, 'epoch': 49.20754716981132}
{'loss': 0.2193, 'grad_norm': 0.7969005703926086, 'learning_rate': 1.6226415094339625e-07, 'lm_loss': 0.0, 'pchembl_loss': 0.2456531822681427, 'ranking_loss': 0.0, 'total_loss': 0.24244852364063263, 'epoch': 49.22641509433962}
{'loss': 0.2223, 'grad_norm': 0.487588495016098, 'learning_rate': 1.5849056603773585e-07, 'lm_loss': 0.0, 'pchembl_loss': 0.24826693534851074, 'ranking_loss': 0.0, 'total_loss': 0.24502813816070557, 'epoch': 49.24528301886792}
{'loss': 0.2232, 'grad_norm': 0.5690925121307373, 'learning_rate': 1.5471698113207547e-07, 'lm_loss': 0.0, 'pchembl_loss': 0.21865837275981903, 'ranking_loss': 0.0, 'total_loss': 0.2158057987689972, 'epoch': 49.264150943396224}
{'loss': 0.2238, 'grad_norm': 0.4935522675514221, 'learning_rate': 1.5094339622641512e-07, 'lm_loss': 0.0, 'pchembl_loss': 0.22675678133964539, 'ranking_loss': 0.0, 'total_loss': 0.22379851341247559, 'epoch': 49.283018867924525}
{'loss': 0.2235, 'grad_norm': 0.9482828378677368, 'learning_rate': 1.4716981132075472e-07, 'lm_loss': 0.0, 'pchembl_loss': 0.22735343873500824, 'ranking_loss': 0.0, 'total_loss': 0.22438734769821167, 'epoch': 49.301886792452834}
{'loss': 0.2226, 'grad_norm': 0.5989800095558167, 'learning_rate': 1.4339622641509434e-07, 'lm_loss': 0.0, 'pchembl_loss': 0.26238203048706055, 'ranking_loss': 0.0, 'total_loss': 0.2589589059352875, 'epoch': 49.320754716981135}
{'loss': 0.223, 'grad_norm': 0.7335860729217529, 'learning_rate': 1.39622641509434e-07, 'lm_loss': 0.0, 'pchembl_loss': 0.2509150505065918, 'ranking_loss': 0.0, 'total_loss': 0.24764150381088257, 'epoch': 49.339622641509436}
{'loss': 0.2267, 'grad_norm': 0.43407583236694336, 'learning_rate': 1.358490566037736e-07, 'lm_loss': 0.0, 'pchembl_loss': 0.2782122492790222, 'ranking_loss': 0.0, 'total_loss': 0.27458253502845764, 'epoch': 49.35849056603774}
{'loss': 0.2231, 'grad_norm': 0.4617816209793091, 'learning_rate': 1.320754716981132e-07, 'lm_loss': 0.0, 'pchembl_loss': 0.19629241526126862, 'ranking_loss': 0.0, 'total_loss': 0.19373145699501038, 'epoch': 49.37735849056604}
{'loss': 0.2216, 'grad_norm': 0.5455985069274902, 'learning_rate': 1.2830188679245283e-07, 'lm_loss': 0.0, 'pchembl_loss': 0.2692524194717407, 'ranking_loss': 0.0, 'total_loss': 0.2657395303249359, 'epoch': 49.39622641509434}
{'loss': 0.2259, 'grad_norm': 0.49326106905937195, 'learning_rate': 1.2452830188679246e-07, 'lm_loss': 0.0, 'pchembl_loss': 0.23519614338874817, 'ranking_loss': 0.0, 'total_loss': 0.23212756216526031, 'epoch': 49.41509433962264}
{'loss': 0.2207, 'grad_norm': 0.4626854956150055, 'learning_rate': 1.2075471698113208e-07, 'lm_loss': 0.0, 'pchembl_loss': 0.24991773068904877, 'ranking_loss': 0.0, 'total_loss': 0.24665704369544983, 'epoch': 49.43396226415094}
{'loss': 0.2214, 'grad_norm': 0.44746753573417664, 'learning_rate': 1.169811320754717e-07, 'lm_loss': 0.0, 'pchembl_loss': 0.17762607336044312, 'ranking_loss': 0.0, 'total_loss': 0.17530855536460876, 'epoch': 49.45283018867924}
{'loss': 0.2205, 'grad_norm': 0.5504052639007568, 'learning_rate': 1.1320754716981133e-07, 'lm_loss': 0.0, 'pchembl_loss': 0.18221457302570343, 'ranking_loss': 0.0, 'total_loss': 0.179837167263031, 'epoch': 49.471698113207545}
{'loss': 0.2239, 'grad_norm': 0.42257192730903625, 'learning_rate': 1.0943396226415095e-07, 'lm_loss': 0.0, 'pchembl_loss': 0.2088911235332489, 'ranking_loss': 0.0, 'total_loss': 0.2061656415462494, 'epoch': 49.490566037735846}
{'loss': 0.2192, 'grad_norm': 0.4690250754356384, 'learning_rate': 1.0566037735849059e-07, 'lm_loss': 0.0, 'pchembl_loss': 0.2367127239704132, 'ranking_loss': 0.0, 'total_loss': 0.23362420499324799, 'epoch': 49.509433962264154}
{'loss': 0.2198, 'grad_norm': 0.8504714369773865, 'learning_rate': 1.018867924528302e-07, 'lm_loss': 0.0, 'pchembl_loss': 0.22840814292430878, 'ranking_loss': 0.0, 'total_loss': 0.22542795538902283, 'epoch': 49.528301886792455}
{'loss': 0.2235, 'grad_norm': 0.46943309903144836, 'learning_rate': 9.811320754716982e-08, 'lm_loss': 0.0, 'pchembl_loss': 0.19586536288261414, 'ranking_loss': 0.0, 'total_loss': 0.1933097541332245, 'epoch': 49.54716981132076}
{'loss': 0.2243, 'grad_norm': 0.5024824738502502, 'learning_rate': 9.433962264150944e-08, 'lm_loss': 0.0, 'pchembl_loss': 0.24291060864925385, 'ranking_loss': 0.0, 'total_loss': 0.23974114656448364, 'epoch': 49.56603773584906}
{'loss': 0.2221, 'grad_norm': 0.45473137497901917, 'learning_rate': 9.056603773584907e-08, 'lm_loss': 0.0, 'pchembl_loss': 0.18409463763237, 'ranking_loss': 0.0, 'total_loss': 0.18169257044792175, 'epoch': 49.58490566037736}
{'loss': 0.2198, 'grad_norm': 0.4227283000946045, 'learning_rate': 8.679245283018868e-08, 'lm_loss': 0.0, 'pchembl_loss': 0.26505038142204285, 'ranking_loss': 0.0, 'total_loss': 0.26159197092056274, 'epoch': 49.60377358490566}
{'loss': 0.2209, 'grad_norm': 0.44690632820129395, 'learning_rate': 8.301886792452831e-08, 'lm_loss': 0.0, 'pchembl_loss': 0.2625598609447479, 'ranking_loss': 0.0, 'total_loss': 0.259133905172348, 'epoch': 49.62264150943396}
{'loss': 0.2206, 'grad_norm': 0.5456185936927795, 'learning_rate': 7.924528301886792e-08, 'lm_loss': 0.0, 'pchembl_loss': 0.20836837589740753, 'ranking_loss': 0.0, 'total_loss': 0.20564952492713928, 'epoch': 49.64150943396226}
{'loss': 0.22, 'grad_norm': 0.43668749928474426, 'learning_rate': 7.547169811320756e-08, 'lm_loss': 0.0, 'pchembl_loss': 0.14335234463214874, 'ranking_loss': 0.0, 'total_loss': 0.14148183166980743, 'epoch': 49.660377358490564}
{'loss': 0.2266, 'grad_norm': 0.5308187007904053, 'learning_rate': 7.169811320754717e-08, 'lm_loss': 0.0, 'pchembl_loss': 0.24009986221790314, 'ranking_loss': 0.0, 'total_loss': 0.23696693778038025, 'epoch': 49.679245283018865}
{'loss': 0.2181, 'grad_norm': 0.47220590710639954, 'learning_rate': 6.79245283018868e-08, 'lm_loss': 0.0, 'pchembl_loss': 0.18456889688968658, 'ranking_loss': 0.0, 'total_loss': 0.18216055631637573, 'epoch': 49.698113207547166}
{'loss': 0.2225, 'grad_norm': 0.48617225885391235, 'learning_rate': 6.415094339622642e-08, 'lm_loss': 0.0, 'pchembl_loss': 0.17028170824050903, 'ranking_loss': 0.0, 'total_loss': 0.16805978119373322, 'epoch': 49.716981132075475}
{'loss': 0.223, 'grad_norm': 0.4664168357849121, 'learning_rate': 6.037735849056604e-08, 'lm_loss': 0.0, 'pchembl_loss': 0.2542194426059723, 'ranking_loss': 0.0, 'total_loss': 0.2509022355079651, 'epoch': 49.735849056603776}
{'loss': 0.2257, 'grad_norm': 0.44625401496887207, 'learning_rate': 5.6603773584905664e-08, 'lm_loss': 0.0, 'pchembl_loss': 0.2774585485458374, 'ranking_loss': 0.0, 'total_loss': 0.2738381028175354, 'epoch': 49.75471698113208}
{'loss': 0.2203, 'grad_norm': 0.5286876559257507, 'learning_rate': 5.2830188679245293e-08, 'lm_loss': 0.0, 'pchembl_loss': 0.24087569117546082, 'ranking_loss': 0.0, 'total_loss': 0.23773257434368134, 'epoch': 49.77358490566038}
{'loss': 0.2182, 'grad_norm': 0.4354077875614166, 'learning_rate': 4.905660377358491e-08, 'lm_loss': 0.0, 'pchembl_loss': 0.2853285074234009, 'ranking_loss': 0.0, 'total_loss': 0.2816053330898285, 'epoch': 49.79245283018868}
{'loss': 0.221, 'grad_norm': 0.49670279026031494, 'learning_rate': 4.5283018867924533e-08, 'lm_loss': 0.0, 'pchembl_loss': 0.26244163513183594, 'ranking_loss': 0.0, 'total_loss': 0.25901708006858826, 'epoch': 49.81132075471698}
{'loss': 0.2212, 'grad_norm': 0.5419065952301025, 'learning_rate': 4.150943396226416e-08, 'lm_loss': 0.0, 'pchembl_loss': 0.2582283616065979, 'ranking_loss': 0.0, 'total_loss': 0.25485876202583313, 'epoch': 49.83018867924528}
{'loss': 0.224, 'grad_norm': 0.45959123969078064, 'learning_rate': 3.773584905660378e-08, 'lm_loss': 0.0, 'pchembl_loss': 0.24337057769298553, 'ranking_loss': 0.0, 'total_loss': 0.24019484221935272, 'epoch': 49.84905660377358}
{'loss': 0.2203, 'grad_norm': 0.47116819024086, 'learning_rate': 3.39622641509434e-08, 'lm_loss': 0.0, 'pchembl_loss': 0.23792153596878052, 'ranking_loss': 0.0, 'total_loss': 0.23481689393520355, 'epoch': 49.867924528301884}
{'loss': 0.2171, 'grad_norm': 0.5366173982620239, 'learning_rate': 3.018867924528302e-08, 'lm_loss': 0.0, 'pchembl_loss': 0.19141250848770142, 'ranking_loss': 0.0, 'total_loss': 0.18891476094722748, 'epoch': 49.886792452830186}
{'loss': 0.2207, 'grad_norm': 0.51352459192276, 'learning_rate': 2.6415094339622647e-08, 'lm_loss': 0.0, 'pchembl_loss': 0.2097819447517395, 'ranking_loss': 0.0, 'total_loss': 0.20704446732997894, 'epoch': 49.905660377358494}
{'loss': 0.2233, 'grad_norm': 0.46826013922691345, 'learning_rate': 2.2641509433962267e-08, 'lm_loss': 0.0, 'pchembl_loss': 0.18682849407196045, 'ranking_loss': 0.0, 'total_loss': 0.18439052999019623, 'epoch': 49.924528301886795}
{'loss': 0.2237, 'grad_norm': 0.4550166726112366, 'learning_rate': 1.886792452830189e-08, 'lm_loss': 0.0, 'pchembl_loss': 0.21147894859313965, 'ranking_loss': 0.0, 'total_loss': 0.20871932804584503, 'epoch': 49.943396226415096}
{'loss': 0.2253, 'grad_norm': 0.4522722661495209, 'learning_rate': 1.509433962264151e-08, 'lm_loss': 0.0, 'pchembl_loss': 0.26845109462738037, 'ranking_loss': 0.0, 'total_loss': 0.2649480402469635, 'epoch': 49.9622641509434}
{'loss': 0.2237, 'grad_norm': 0.5147402286529541, 'learning_rate': 1.1320754716981133e-08, 'lm_loss': 0.0, 'pchembl_loss': 0.21393749117851257, 'ranking_loss': 0.0, 'total_loss': 0.2111457884311676, 'epoch': 49.9811320754717}
{'loss': 0.2236, 'grad_norm': 0.5473979115486145, 'learning_rate': 7.547169811320755e-09, 'lm_loss': 0.0, 'pchembl_loss': 0.24674640595912933, 'ranking_loss': 0.0, 'total_loss': 0.24352656304836273, 'epoch': 50.0}
{'eval_loss': 0.21562840044498444, 'eval_pchembl_norm_mse': 0.3863804340362549, 'eval_pchembl_norm_mae': 0.44775357842445374, 'eval_pchembl_norm_rmse': 0.6215950846672058, 'eval_pchembl_r2': 0.606572151184082, 'eval_pchembl_count': 20000, 'eval_pchembl_norm_mean_pred': -0.02071305178105831, 'eval_pchembl_norm_std_pred': 0.8166146874427795, 'eval_pchembl_norm_mean_true': -0.02121046371757984, 'eval_pchembl_norm_std_true': 0.9910030961036682, 'eval_pchembl_raw_mse': 0.7170262932777405, 'eval_pchembl_raw_mae': 0.6099567413330078, 'eval_pchembl_raw_rmse': 0.8467740416526794, 'eval_pchembl_raw_pearson': 0.7800673111593306, 'eval_pchembl_raw_spearman': 0.7770309467543255, 'eval_runtime': 8.5402, 'eval_samples_per_second': 1233.106, 'eval_steps_per_second': 0.117, 'epoch': 50.0}
{'eval_lm_loss': 0.0, 'eval_pchembl_loss': 0.21792203858494757, 'eval_ranking_loss': 0.0, 'eval_total_loss': 0.21507833346724511, 'epoch': 50.0}
{'eval_evaluation_time_sec': 8.567270109895617, 'epoch': 50.0}